calibration_date,history_cutoff_date,fixed_k,effective_start_date,effective_end_date,risk_alpha,validation_days,mean_validation_cost_yuan,standard_error_yuan,emergency_purchase_kwh,mean_solve_seconds,within_time_limit,selected,fallback_reason
2025-01-01,none,1,2025-01-01,2025-01-14,,0,,,,,True,True,K=1_no_risk_reserve_before_28_day_pool
2025-01-15,2025-01-14,1,2025-01-15,2025-01-28,,0,,,,,True,True,K=1_no_risk_reserve_before_28_day_pool
2025-01-29,2025-01-28,8,2025-01-29,2025-02-11,0.6,14,49570.879901561064,3965.4892997267484,3045.8188945690413,0.07491413692644398,True,True,
2025-01-29,2025-01-28,8,2025-01-29,2025-02-11,0.7,14,49722.10337119013,3931.054897064576,3044.7457784658855,0.07423676799018201,True,False,
2025-01-29,2025-01-28,8,2025-01-29,2025-02-11,0.8,14,50041.09231093317,3820.6950257569088,2981.2061114794033,0.07425018771235566,True,False,
2025-01-29,2025-01-28,8,2025-01-29,2025-02-11,0.9,14,50711.47605863744,3600.2601996796207,2579.760743933284,0.07354545814242945,True,False,
2025-02-12,2025-02-11,8,2025-02-12,2025-02-25,0.6,14,42256.166166778814,4083.000123050942,21.687443792014516,0.07605483914085198,True,True,
2025-02-12,2025-02-11,8,2025-02-12,2025-02-25,0.7,14,42370.28397570078,4053.1613119332724,21.687443792016193,0.07629780063455525,True,False,
2025-02-12,2025-02-11,8,2025-02-12,2025-02-25,0.8,14,42463.21077972746,4033.6209156965665,21.489042557423076,0.07565473799643639,True,False,
2025-02-12,2025-02-11,8,2025-02-12,2025-02-25,0.9,14,43363.70911207677,3792.7551204635433,15.390056931878636,0.07588480371383152,True,False,
2025-02-26,2025-02-25,8,2025-02-26,2025-03-11,0.6,14,37142.45893357017,3735.6010469672538,1166.755508838676,0.0779322230685336,True,True,
2025-02-26,2025-02-25,8,2025-02-26,2025-03-11,0.7,14,37301.70816782951,3683.9857099247547,1166.7555088386737,0.07823082156703874,True,False,
2025-02-26,2025-02-25,8,2025-02-26,2025-03-11,0.8,14,37422.07898658806,3654.3669650365946,1197.5239715258467,0.0785545088562815,True,False,
2025-02-26,2025-02-25,8,2025-02-26,2025-03-11,0.9,14,37587.71757135719,3603.7900682086165,1196.2490526815614,0.07491919049477604,True,False,
2025-03-12,2025-03-11,8,2025-03-12,2025-03-25,0.6,14,35433.05970431161,3803.3740589058775,11298.837477840565,0.09552309221804275,True,True,
2025-03-12,2025-03-11,8,2025-03-12,2025-03-25,0.7,14,35501.381298764536,3787.253449963795,11303.764130789437,0.07503881550759875,True,False,
2025-03-12,2025-03-11,8,2025-03-12,2025-03-25,0.8,14,35742.981559759195,3728.6489990605724,11312.85298904154,0.07465074085588899,True,False,
2025-03-12,2025-03-11,8,2025-03-12,2025-03-25,0.9,14,36006.08674095033,3666.3211180840144,11446.677147601968,0.07414832135379713,True,False,
2025-03-26,2025-03-25,8,2025-03-26,2025-04-08,0.6,14,30925.57810625695,3086.8266716740623,6592.031826266098,0.07903070571982036,True,True,
2025-03-26,2025-03-25,8,2025-03-26,2025-04-08,0.7,14,31118.997262805216,3033.174453866873,6646.51589004169,0.07977496157192425,True,False,
2025-03-26,2025-03-25,8,2025-03-26,2025-04-08,0.8,14,31330.087974209422,2980.9648616888894,6233.092328947779,0.08383864864091654,True,False,
2025-03-26,2025-03-25,8,2025-03-26,2025-04-08,0.9,14,31799.452273745672,2892.6031525196063,5991.071578076233,0.08218727093273108,True,False,
2025-04-09,2025-04-08,8,2025-04-09,2025-04-22,0.6,14,29081.67967317619,2853.3192273936133,12945.374713042456,0.07539984806914747,True,True,
2025-04-09,2025-04-08,8,2025-04-09,2025-04-22,0.7,14,29179.56161536485,2825.8898422874067,12912.695717713286,0.07815792864130344,True,False,
2025-04-09,2025-04-08,8,2025-04-09,2025-04-22,0.8,14,29798.70482078634,2705.1703081410365,12985.386016014492,0.07778483656667438,True,False,
2025-04-09,2025-04-08,8,2025-04-09,2025-04-22,0.9,14,30139.365021707945,2592.11100520199,12337.988993966486,0.07915515172602941,True,False,
2025-04-23,2025-04-22,8,2025-04-23,2025-05-06,0.6,14,26746.377247610388,2636.961377069538,11925.805239015135,0.07753430042690265,True,True,
2025-04-23,2025-04-22,8,2025-04-23,2025-05-06,0.7,14,26971.84386729279,2590.1752017780595,11742.887497361602,0.07769591678516008,True,False,
2025-04-23,2025-04-22,8,2025-04-23,2025-05-06,0.8,14,27326.06598443922,2488.3861475386157,11130.847518158273,0.07616675592933982,True,False,
2025-04-23,2025-04-22,8,2025-04-23,2025-05-06,0.9,14,27885.27518289458,2288.3966740898027,6493.48504164721,0.07625575035802155,True,False,
2025-05-07,2025-05-06,8,2025-05-07,2025-05-20,0.6,14,31138.302898353435,2879.882145432126,27715.55936400757,0.07622698799449219,True,True,
2025-05-07,2025-05-06,8,2025-05-07,2025-05-20,0.7,14,31559.656484064726,2852.176296826086,27882.793097935013,0.07999131264555867,True,False,
2025-05-07,2025-05-06,8,2025-05-07,2025-05-20,0.8,14,32086.600452400453,2810.19454308211,26716.64537024736,0.07468985992766518,True,False,
2025-05-07,2025-05-06,8,2025-05-07,2025-05-20,0.9,14,32851.85134105362,2735.691897218389,26104.325073649918,0.07178579178538971,True,False,
2025-05-21,2025-05-20,8,2025-05-21,2025-06-03,0.6,14,30511.725581887604,2671.9571848131754,17713.86581785111,0.07791152999769631,True,True,
2025-05-21,2025-05-20,8,2025-05-21,2025-06-03,0.7,14,30698.229981145025,2631.189811765573,16994.965934904318,0.07978800270939246,True,False,
2025-05-21,2025-05-20,8,2025-05-21,2025-06-03,0.8,14,31042.352725747558,2408.0950331197746,12732.991877183149,0.07408145550081306,True,False,
2025-05-21,2025-05-20,8,2025-05-21,2025-06-03,0.9,14,32449.592191029842,2282.1009788278507,13060.145880449027,0.07682524692791048,True,False,
2025-06-04,2025-06-03,8,2025-06-04,2025-06-17,0.6,14,35368.25977900977,5242.461753788361,37372.208385972895,0.07651221443250376,True,True,
2025-06-04,2025-06-03,8,2025-06-04,2025-06-17,0.7,14,35626.33446398895,5166.26443807237,37036.20876431507,0.07298619635860502,True,False,
2025-06-04,2025-06-03,8,2025-06-04,2025-06-17,0.8,14,36176.33140968916,5024.865376461228,35507.396488158076,0.07294111292243802,True,False,
2025-06-04,2025-06-03,8,2025-06-04,2025-06-17,0.9,14,37806.588998270694,4702.995192334486,33697.17611778938,0.06934718149672595,True,False,
2025-06-18,2025-06-17,8,2025-06-18,2025-07-01,0.6,14,44821.47924820368,3561.221759542255,30006.232359283942,0.07586196728308485,True,True,
2025-06-18,2025-06-17,8,2025-06-18,2025-07-01,0.7,14,45342.947300095155,3417.185003650445,29781.785561778244,0.0712287559311205,True,False,
2025-06-18,2025-06-17,8,2025-06-18,2025-07-01,0.8,14,46013.10595076772,3237.9089159188893,29276.21684917866,0.06975914278882556,True,False,
2025-06-18,2025-06-17,8,2025-06-18,2025-07-01,0.9,14,46619.365493385456,3107.09697076538,28780.276365152105,0.0711971189302858,True,False,
2025-07-02,2025-07-01,8,2025-07-02,2025-07-15,0.6,14,42911.60308711954,3540.289401133193,2709.684696053987,0.06973899993213958,True,True,
2025-07-02,2025-07-01,8,2025-07-02,2025-07-15,0.7,14,43530.223140992566,3328.9429724140114,2412.6804250833165,0.0686184375018846,True,False,
2025-07-02,2025-07-01,8,2025-07-02,2025-07-15,0.8,14,44320.32997553203,3076.5987122504393,1809.60095009339,0.07409417263988871,True,False,
2025-07-02,2025-07-01,8,2025-07-02,2025-07-15,0.9,14,44958.00209540185,2919.2904889347124,669.098099817365,0.0721563420707493,True,False,
2025-07-16,2025-07-15,8,2025-07-16,2025-07-29,0.6,14,47205.90648308881,3439.4481010023865,36699.172738423964,0.08109744628226119,True,True,
2025-07-16,2025-07-15,8,2025-07-16,2025-07-29,0.7,14,47392.7952019092,3361.6098657833218,35747.84561522707,0.0824956846398501,True,False,
2025-07-16,2025-07-15,8,2025-07-16,2025-07-29,0.8,14,47928.65199644755,3260.933840590015,34887.565825890684,0.08168501214406985,True,False,
2025-07-16,2025-07-15,8,2025-07-16,2025-07-29,0.9,14,49015.183954919994,3081.7017695499662,33233.21166407906,0.0894694555733752,True,False,
2025-07-30,2025-07-29,8,2025-07-30,2025-08-12,0.6,14,43205.59279957797,2814.478816924886,412.8012535241971,0.07607582757607036,True,True,
2025-07-30,2025-07-29,8,2025-07-30,2025-08-12,0.7,14,43663.45840553415,2749.3799571308136,412.8012535244005,0.07848395834610399,True,False,
2025-07-30,2025-07-29,8,2025-07-30,2025-08-12,0.8,14,44509.2949727113,2595.842769035933,363.2010034590819,0.0768790267154275,True,False,
2025-07-30,2025-07-29,8,2025-07-30,2025-08-12,0.9,14,45343.74087647833,2451.0374509319067,4.979476820281195,0.07593590170810265,True,False,
2025-08-13,2025-08-12,8,2025-08-13,2025-08-26,0.6,14,41547.04434739075,2952.494486142974,33.520991726716204,0.0759278065691303,True,True,
2025-08-13,2025-08-12,8,2025-08-13,2025-08-26,0.7,14,42195.47468042459,2850.545518175057,33.52099172685277,0.07400212221338213,True,False,
2025-08-13,2025-08-12,8,2025-08-13,2025-08-26,0.8,14,42688.61767539765,2806.03126157455,33.52099172648292,0.07500787198867849,True,False,
2025-08-13,2025-08-12,8,2025-08-13,2025-08-26,0.9,14,44617.87038597966,2525.891610888532,33.520991726747795,0.07208966671688748,True,False,
2025-08-27,2025-08-26,8,2025-08-27,2025-09-09,0.6,14,37963.40725565401,2665.4352936934984,8240.905743087837,0.07742154450430203,True,True,
2025-08-27,2025-08-26,8,2025-08-27,2025-09-09,0.7,14,38434.97935923473,2584.8705345855205,8235.528297807188,0.07824942542980093,True,False,
2025-08-27,2025-08-26,8,2025-08-27,2025-09-09,0.8,14,39080.71587991242,2499.0241605345786,8217.612985179183,0.07549535421588059,True,False,
2025-08-27,2025-08-26,8,2025-08-27,2025-09-09,0.9,14,40251.95781246912,2250.6558842720638,5849.854949216807,0.07303684792922079,True,False,
2025-09-10,2025-09-09,8,2025-09-10,2025-09-23,0.6,14,36588.36706526244,2544.442246778017,2611.085721242364,0.09544859813468065,True,True,
2025-09-10,2025-09-09,8,2025-09-10,2025-09-23,0.7,14,36989.42724056833,2485.9070350204966,2581.3333555029717,0.07809918134963871,True,False,
2025-09-10,2025-09-09,8,2025-09-10,2025-09-23,0.8,14,37785.386557711325,2394.7860769042527,2503.116447585568,0.07679422328614496,True,False,
2025-09-10,2025-09-09,8,2025-09-10,2025-09-23,0.9,14,38987.498246076364,2292.8538941505367,2398.9867729160233,0.0739915150001512,True,False,
2025-09-24,2025-09-23,8,2025-09-24,2025-10-07,0.6,14,33792.154601136266,2565.6538151762848,2667.8284282866734,0.07169896143022925,True,True,
2025-09-24,2025-09-23,8,2025-09-24,2025-10-07,0.7,14,33999.41181967825,2531.436073290624,2389.3782964657566,0.07081158049654082,True,False,
2025-09-24,2025-09-23,8,2025-09-24,2025-10-07,0.8,14,34705.142438423914,2419.897182554192,2300.890388540764,0.06891341099149681,True,False,
2025-09-24,2025-09-23,8,2025-09-24,2025-10-07,0.9,14,35668.43248919528,2307.4088725801034,2165.211758497784,0.06960832435288467,True,False,
2025-10-08,2025-10-07,8,2025-10-08,2025-10-21,0.6,14,32837.860198710376,2907.944053510986,9472.675211689704,0.07500629457146195,True,True,
2025-10-08,2025-10-07,8,2025-10-08,2025-10-21,0.7,14,33162.41751997242,2863.1389594446146,9511.152361719911,0.08160529457174041,True,False,
2025-10-08,2025-10-07,8,2025-10-08,2025-10-21,0.8,14,33511.07687410755,2817.51824075372,9570.075855753717,0.07144945242492083,True,False,
2025-10-08,2025-10-07,8,2025-10-08,2025-10-21,0.9,14,34269.32649021516,2717.135854239791,9348.915463997102,0.0730151073637119,True,False,
2025-10-22,2025-10-21,8,2025-10-22,2025-11-04,0.6,14,32164.88791230898,2889.884674398328,10242.623387419762,0.07516222006649644,True,True,
2025-10-22,2025-10-21,8,2025-10-22,2025-11-04,0.7,14,32411.008856403085,2845.6303926788532,10175.07299980314,0.07866692242428794,True,False,
2025-10-22,2025-10-21,8,2025-10-22,2025-11-04,0.8,14,32848.12862761497,2801.3673844323102,10304.833514714934,0.07559950900031254,True,False,
2025-10-22,2025-10-21,8,2025-10-22,2025-11-04,0.9,14,33304.580874909414,2693.0808376424816,9912.449598227286,0.07554490507131309,True,False,
2025-11-05,2025-11-04,8,2025-11-05,2025-11-18,0.6,14,36084.90410057364,2998.6860377442013,10283.287559268074,0.08127267556847073,True,True,
2025-11-05,2025-11-04,8,2025-11-05,2025-11-18,0.7,14,36370.4114655919,2928.7400125768604,10282.681627300417,0.08066985706890202,True,False,
2025-11-05,2025-11-04,8,2025-11-05,2025-11-18,0.8,14,36638.010847275196,2862.688157833719,10300.021916587277,0.08077241663496741,True,False,
2025-11-05,2025-11-04,8,2025-11-05,2025-11-18,0.9,14,37232.53631836522,2708.9782893734578,10369.177126622253,0.08042112493213997,True,False,
2025-11-19,2025-11-18,8,2025-11-19,2025-12-02,0.6,14,37896.860019180065,3527.4991970575566,7890.0831945542295,0.0826987825670845,True,True,
2025-11-19,2025-11-18,8,2025-11-19,2025-12-02,0.7,14,38009.148886249175,3502.122976545937,7893.598464018519,0.08444348506704305,True,False,
2025-11-19,2025-11-18,8,2025-11-19,2025-12-02,0.8,14,38412.560553941454,3379.7645259638302,7874.3316957596635,0.09303714899786948,True,False,
2025-11-19,2025-11-18,8,2025-11-19,2025-12-02,0.9,14,38896.449293190955,3247.103135434624,7792.620783270591,0.08211597321496811,True,False,
2025-12-03,2025-12-02,8,2025-12-03,2025-12-16,0.6,14,42671.960497912914,5100.096515447873,18328.5894680438,0.08907404786025706,True,True,
2025-12-03,2025-12-02,8,2025-12-03,2025-12-16,0.7,14,42816.02507440373,5052.670992992131,18332.288456882958,0.09143172036523797,True,False,
2025-12-03,2025-12-02,8,2025-12-03,2025-12-16,0.8,14,42998.923735562,4996.04765678813,18283.698330762592,0.08648024106722525,True,False,
2025-12-03,2025-12-02,8,2025-12-03,2025-12-16,0.9,14,43326.111109578356,4910.009340893897,18254.13136600199,0.08857801471146688,True,False,
2025-12-17,2025-12-16,8,2025-12-17,2025-12-30,0.6,14,49096.58676423274,4470.44416072262,21917.472385406534,0.08189244364621118,True,False,
2025-12-17,2025-12-16,8,2025-12-17,2025-12-30,0.7,14,49067.87380283628,4492.5345620596,20760.409840410284,0.08125221428469688,True,True,
2025-12-17,2025-12-16,8,2025-12-17,2025-12-30,0.8,14,49246.08126061084,4445.797798501491,20564.622895542994,0.08003714606872693,True,False,
2025-12-17,2025-12-16,8,2025-12-17,2025-12-30,0.9,14,49430.70926686983,4390.4693193504045,19701.56659084149,0.08128423800059993,True,False,
2025-12-31,2025-12-30,8,2025-12-31,2025-12-31,0.6,14,48113.42655450084,4266.62917110951,365.3861219173082,0.09291441657322659,True,True,
2025-12-31,2025-12-30,8,2025-12-31,2025-12-31,0.7,14,48240.32374997304,4226.00352089639,371.74309340266444,0.08601063415075519,True,False,
2025-12-31,2025-12-30,8,2025-12-31,2025-12-31,0.8,14,48417.06499417477,4168.728815552368,376.87427311439745,0.0861340027913684,True,False,
2025-12-31,2025-12-30,8,2025-12-31,2025-12-31,0.9,14,48669.58885484594,4093.7937951525464,367.6360182863522,0.08557005629492258,True,False,
