date,day_index,load_information_case,pv_mapping_mode,n_sources,source_dates,used_attachment1_fallback,history_end_exclusive_index,max_source_index,source_cutoff_ok
2025-01-01,0,causal_load_main,linear_anchor_main,0,attachment1_fallback,True,0,-1,True
2025-01-02,1,causal_load_main,linear_anchor_main,0,attachment1_fallback,True,1,-1,True
2025-01-03,2,causal_load_main,linear_anchor_main,0,attachment1_fallback,True,2,-1,True
2025-01-04,3,causal_load_main,linear_anchor_main,0,attachment1_fallback,True,3,-1,True
2025-01-05,4,causal_load_main,linear_anchor_main,0,attachment1_fallback,True,4,-1,True
2025-01-06,5,causal_load_main,linear_anchor_main,0,attachment1_fallback,True,5,-1,True
2025-01-07,6,causal_load_main,linear_anchor_main,0,attachment1_fallback,True,6,-1,True
2025-01-08,7,causal_load_main,linear_anchor_main,1,2025-01-01,False,7,0,True
2025-01-09,8,causal_load_main,linear_anchor_main,1,2025-01-02,False,8,1,True
2025-01-10,9,causal_load_main,linear_anchor_main,1,2025-01-03,False,9,2,True
2025-01-11,10,causal_load_main,linear_anchor_main,1,2025-01-04,False,10,3,True
2025-01-12,11,causal_load_main,linear_anchor_main,1,2025-01-05,False,11,4,True
2025-01-13,12,causal_load_main,linear_anchor_main,1,2025-01-06,False,12,5,True
2025-01-14,13,causal_load_main,linear_anchor_main,1,2025-01-07,False,13,6,True
2025-01-15,14,causal_load_main,linear_anchor_main,2,2025-01-01;2025-01-08,False,14,7,True
2025-01-16,15,causal_load_main,linear_anchor_main,2,2025-01-02;2025-01-09,False,15,8,True
2025-01-17,16,causal_load_main,linear_anchor_main,2,2025-01-03;2025-01-10,False,16,9,True
2025-01-18,17,causal_load_main,linear_anchor_main,2,2025-01-04;2025-01-11,False,17,10,True
2025-01-19,18,causal_load_main,linear_anchor_main,2,2025-01-05;2025-01-12,False,18,11,True
2025-01-20,19,causal_load_main,linear_anchor_main,2,2025-01-06;2025-01-13,False,19,12,True
2025-01-21,20,causal_load_main,linear_anchor_main,2,2025-01-07;2025-01-14,False,20,13,True
2025-01-22,21,causal_load_main,linear_anchor_main,3,2025-01-01;2025-01-08;2025-01-15,False,21,14,True
2025-01-23,22,causal_load_main,linear_anchor_main,3,2025-01-02;2025-01-09;2025-01-16,False,22,15,True
2025-01-24,23,causal_load_main,linear_anchor_main,3,2025-01-03;2025-01-10;2025-01-17,False,23,16,True
2025-01-25,24,causal_load_main,linear_anchor_main,3,2025-01-04;2025-01-11;2025-01-18,False,24,17,True
2025-01-26,25,causal_load_main,linear_anchor_main,3,2025-01-05;2025-01-12;2025-01-19,False,25,18,True
2025-01-27,26,causal_load_main,linear_anchor_main,3,2025-01-06;2025-01-13;2025-01-20,False,26,19,True
2025-01-28,27,causal_load_main,linear_anchor_main,3,2025-01-07;2025-01-14;2025-01-21,False,27,20,True
2025-01-29,28,causal_load_main,linear_anchor_main,4,2025-01-01;2025-01-08;2025-01-15;2025-01-22,False,28,21,True
2025-01-30,29,causal_load_main,linear_anchor_main,4,2025-01-02;2025-01-09;2025-01-16;2025-01-23,False,29,22,True
2025-01-31,30,causal_load_main,linear_anchor_main,4,2025-01-03;2025-01-10;2025-01-17;2025-01-24,False,30,23,True
2025-02-01,31,causal_load_main,linear_anchor_main,4,2025-01-04;2025-01-11;2025-01-18;2025-01-25,False,31,24,True
2025-02-02,32,causal_load_main,linear_anchor_main,4,2025-01-05;2025-01-12;2025-01-19;2025-01-26,False,32,25,True
2025-02-03,33,causal_load_main,linear_anchor_main,4,2025-01-06;2025-01-13;2025-01-20;2025-01-27,False,33,26,True
2025-02-04,34,causal_load_main,linear_anchor_main,4,2025-01-07;2025-01-14;2025-01-21;2025-01-28,False,34,27,True
2025-02-05,35,causal_load_main,linear_anchor_main,4,2025-01-08;2025-01-15;2025-01-22;2025-01-29,False,35,28,True
2025-02-06,36,causal_load_main,linear_anchor_main,4,2025-01-09;2025-01-16;2025-01-23;2025-01-30,False,36,29,True
2025-02-07,37,causal_load_main,linear_anchor_main,4,2025-01-10;2025-01-17;2025-01-24;2025-01-31,False,37,30,True
2025-02-08,38,causal_load_main,linear_anchor_main,4,2025-01-11;2025-01-18;2025-01-25;2025-02-01,False,38,31,True
2025-02-09,39,causal_load_main,linear_anchor_main,4,2025-01-12;2025-01-19;2025-01-26;2025-02-02,False,39,32,True
2025-02-10,40,causal_load_main,linear_anchor_main,4,2025-01-13;2025-01-20;2025-01-27;2025-02-03,False,40,33,True
2025-02-11,41,causal_load_main,linear_anchor_main,4,2025-01-14;2025-01-21;2025-01-28;2025-02-04,False,41,34,True
2025-02-12,42,causal_load_main,linear_anchor_main,4,2025-01-15;2025-01-22;2025-01-29;2025-02-05,False,42,35,True
2025-02-13,43,causal_load_main,linear_anchor_main,4,2025-01-16;2025-01-23;2025-01-30;2025-02-06,False,43,36,True
2025-02-14,44,causal_load_main,linear_anchor_main,4,2025-01-17;2025-01-24;2025-01-31;2025-02-07,False,44,37,True
2025-02-15,45,causal_load_main,linear_anchor_main,4,2025-01-18;2025-01-25;2025-02-01;2025-02-08,False,45,38,True
2025-02-16,46,causal_load_main,linear_anchor_main,4,2025-01-19;2025-01-26;2025-02-02;2025-02-09,False,46,39,True
2025-02-17,47,causal_load_main,linear_anchor_main,4,2025-01-20;2025-01-27;2025-02-03;2025-02-10,False,47,40,True
2025-02-18,48,causal_load_main,linear_anchor_main,4,2025-01-21;2025-01-28;2025-02-04;2025-02-11,False,48,41,True
2025-02-19,49,causal_load_main,linear_anchor_main,4,2025-01-22;2025-01-29;2025-02-05;2025-02-12,False,49,42,True
2025-02-20,50,causal_load_main,linear_anchor_main,4,2025-01-23;2025-01-30;2025-02-06;2025-02-13,False,50,43,True
2025-02-21,51,causal_load_main,linear_anchor_main,4,2025-01-24;2025-01-31;2025-02-07;2025-02-14,False,51,44,True
2025-02-22,52,causal_load_main,linear_anchor_main,4,2025-01-25;2025-02-01;2025-02-08;2025-02-15,False,52,45,True
2025-02-23,53,causal_load_main,linear_anchor_main,4,2025-01-26;2025-02-02;2025-02-09;2025-02-16,False,53,46,True
2025-02-24,54,causal_load_main,linear_anchor_main,4,2025-01-27;2025-02-03;2025-02-10;2025-02-17,False,54,47,True
2025-02-25,55,causal_load_main,linear_anchor_main,4,2025-01-28;2025-02-04;2025-02-11;2025-02-18,False,55,48,True
2025-02-26,56,causal_load_main,linear_anchor_main,4,2025-01-29;2025-02-05;2025-02-12;2025-02-19,False,56,49,True
2025-02-27,57,causal_load_main,linear_anchor_main,4,2025-01-30;2025-02-06;2025-02-13;2025-02-20,False,57,50,True
2025-02-28,58,causal_load_main,linear_anchor_main,4,2025-01-31;2025-02-07;2025-02-14;2025-02-21,False,58,51,True
2025-03-01,59,causal_load_main,linear_anchor_main,4,2025-02-01;2025-02-08;2025-02-15;2025-02-22,False,59,52,True
2025-03-02,60,causal_load_main,linear_anchor_main,4,2025-02-02;2025-02-09;2025-02-16;2025-02-23,False,60,53,True
2025-03-03,61,causal_load_main,linear_anchor_main,4,2025-02-03;2025-02-10;2025-02-17;2025-02-24,False,61,54,True
2025-03-04,62,causal_load_main,linear_anchor_main,4,2025-02-04;2025-02-11;2025-02-18;2025-02-25,False,62,55,True
2025-03-05,63,causal_load_main,linear_anchor_main,4,2025-02-05;2025-02-12;2025-02-19;2025-02-26,False,63,56,True
2025-03-06,64,causal_load_main,linear_anchor_main,4,2025-02-06;2025-02-13;2025-02-20;2025-02-27,False,64,57,True
2025-03-07,65,causal_load_main,linear_anchor_main,4,2025-02-07;2025-02-14;2025-02-21;2025-02-28,False,65,58,True
2025-03-08,66,causal_load_main,linear_anchor_main,4,2025-02-08;2025-02-15;2025-02-22;2025-03-01,False,66,59,True
2025-03-09,67,causal_load_main,linear_anchor_main,4,2025-02-09;2025-02-16;2025-02-23;2025-03-02,False,67,60,True
2025-03-10,68,causal_load_main,linear_anchor_main,4,2025-02-10;2025-02-17;2025-02-24;2025-03-03,False,68,61,True
2025-03-11,69,causal_load_main,linear_anchor_main,4,2025-02-11;2025-02-18;2025-02-25;2025-03-04,False,69,62,True
2025-03-12,70,causal_load_main,linear_anchor_main,4,2025-02-12;2025-02-19;2025-02-26;2025-03-05,False,70,63,True
2025-03-13,71,causal_load_main,linear_anchor_main,4,2025-02-13;2025-02-20;2025-02-27;2025-03-06,False,71,64,True
2025-03-14,72,causal_load_main,linear_anchor_main,4,2025-02-14;2025-02-21;2025-02-28;2025-03-07,False,72,65,True
2025-03-15,73,causal_load_main,linear_anchor_main,4,2025-02-15;2025-02-22;2025-03-01;2025-03-08,False,73,66,True
2025-03-16,74,causal_load_main,linear_anchor_main,4,2025-02-16;2025-02-23;2025-03-02;2025-03-09,False,74,67,True
2025-03-17,75,causal_load_main,linear_anchor_main,4,2025-02-17;2025-02-24;2025-03-03;2025-03-10,False,75,68,True
2025-03-18,76,causal_load_main,linear_anchor_main,4,2025-02-18;2025-02-25;2025-03-04;2025-03-11,False,76,69,True
2025-03-19,77,causal_load_main,linear_anchor_main,4,2025-02-19;2025-02-26;2025-03-05;2025-03-12,False,77,70,True
2025-03-20,78,causal_load_main,linear_anchor_main,4,2025-02-20;2025-02-27;2025-03-06;2025-03-13,False,78,71,True
2025-03-21,79,causal_load_main,linear_anchor_main,4,2025-02-21;2025-02-28;2025-03-07;2025-03-14,False,79,72,True
2025-03-22,80,causal_load_main,linear_anchor_main,4,2025-02-22;2025-03-01;2025-03-08;2025-03-15,False,80,73,True
2025-03-23,81,causal_load_main,linear_anchor_main,4,2025-02-23;2025-03-02;2025-03-09;2025-03-16,False,81,74,True
2025-03-24,82,causal_load_main,linear_anchor_main,4,2025-02-24;2025-03-03;2025-03-10;2025-03-17,False,82,75,True
2025-03-25,83,causal_load_main,linear_anchor_main,4,2025-02-25;2025-03-04;2025-03-11;2025-03-18,False,83,76,True
2025-03-26,84,causal_load_main,linear_anchor_main,4,2025-02-26;2025-03-05;2025-03-12;2025-03-19,False,84,77,True
2025-03-27,85,causal_load_main,linear_anchor_main,4,2025-02-27;2025-03-06;2025-03-13;2025-03-20,False,85,78,True
2025-03-28,86,causal_load_main,linear_anchor_main,4,2025-02-28;2025-03-07;2025-03-14;2025-03-21,False,86,79,True
2025-03-29,87,causal_load_main,linear_anchor_main,4,2025-03-01;2025-03-08;2025-03-15;2025-03-22,False,87,80,True
2025-03-30,88,causal_load_main,linear_anchor_main,4,2025-03-02;2025-03-09;2025-03-16;2025-03-23,False,88,81,True
2025-03-31,89,causal_load_main,linear_anchor_main,4,2025-03-03;2025-03-10;2025-03-17;2025-03-24,False,89,82,True
2025-04-01,90,causal_load_main,linear_anchor_main,4,2025-03-04;2025-03-11;2025-03-18;2025-03-25,False,90,83,True
2025-04-02,91,causal_load_main,linear_anchor_main,4,2025-03-05;2025-03-12;2025-03-19;2025-03-26,False,91,84,True
2025-04-03,92,causal_load_main,linear_anchor_main,4,2025-03-06;2025-03-13;2025-03-20;2025-03-27,False,92,85,True
2025-04-04,93,causal_load_main,linear_anchor_main,4,2025-03-07;2025-03-14;2025-03-21;2025-03-28,False,93,86,True
2025-04-05,94,causal_load_main,linear_anchor_main,4,2025-03-08;2025-03-15;2025-03-22;2025-03-29,False,94,87,True
2025-04-06,95,causal_load_main,linear_anchor_main,4,2025-03-09;2025-03-16;2025-03-23;2025-03-30,False,95,88,True
2025-04-07,96,causal_load_main,linear_anchor_main,4,2025-03-10;2025-03-17;2025-03-24;2025-03-31,False,96,89,True
2025-04-08,97,causal_load_main,linear_anchor_main,4,2025-03-11;2025-03-18;2025-03-25;2025-04-01,False,97,90,True
2025-04-09,98,causal_load_main,linear_anchor_main,4,2025-03-12;2025-03-19;2025-03-26;2025-04-02,False,98,91,True
2025-04-10,99,causal_load_main,linear_anchor_main,4,2025-03-13;2025-03-20;2025-03-27;2025-04-03,False,99,92,True
2025-04-11,100,causal_load_main,linear_anchor_main,4,2025-03-14;2025-03-21;2025-03-28;2025-04-04,False,100,93,True
2025-04-12,101,causal_load_main,linear_anchor_main,4,2025-03-15;2025-03-22;2025-03-29;2025-04-05,False,101,94,True
2025-04-13,102,causal_load_main,linear_anchor_main,4,2025-03-16;2025-03-23;2025-03-30;2025-04-06,False,102,95,True
2025-04-14,103,causal_load_main,linear_anchor_main,4,2025-03-17;2025-03-24;2025-03-31;2025-04-07,False,103,96,True
2025-04-15,104,causal_load_main,linear_anchor_main,4,2025-03-18;2025-03-25;2025-04-01;2025-04-08,False,104,97,True
2025-04-16,105,causal_load_main,linear_anchor_main,4,2025-03-19;2025-03-26;2025-04-02;2025-04-09,False,105,98,True
2025-04-17,106,causal_load_main,linear_anchor_main,4,2025-03-20;2025-03-27;2025-04-03;2025-04-10,False,106,99,True
2025-04-18,107,causal_load_main,linear_anchor_main,4,2025-03-21;2025-03-28;2025-04-04;2025-04-11,False,107,100,True
2025-04-19,108,causal_load_main,linear_anchor_main,4,2025-03-22;2025-03-29;2025-04-05;2025-04-12,False,108,101,True
2025-04-20,109,causal_load_main,linear_anchor_main,4,2025-03-23;2025-03-30;2025-04-06;2025-04-13,False,109,102,True
2025-04-21,110,causal_load_main,linear_anchor_main,4,2025-03-24;2025-03-31;2025-04-07;2025-04-14,False,110,103,True
2025-04-22,111,causal_load_main,linear_anchor_main,4,2025-03-25;2025-04-01;2025-04-08;2025-04-15,False,111,104,True
2025-04-23,112,causal_load_main,linear_anchor_main,4,2025-03-26;2025-04-02;2025-04-09;2025-04-16,False,112,105,True
2025-04-24,113,causal_load_main,linear_anchor_main,4,2025-03-27;2025-04-03;2025-04-10;2025-04-17,False,113,106,True
2025-04-25,114,causal_load_main,linear_anchor_main,4,2025-03-28;2025-04-04;2025-04-11;2025-04-18,False,114,107,True
2025-04-26,115,causal_load_main,linear_anchor_main,4,2025-03-29;2025-04-05;2025-04-12;2025-04-19,False,115,108,True
2025-04-27,116,causal_load_main,linear_anchor_main,4,2025-03-30;2025-04-06;2025-04-13;2025-04-20,False,116,109,True
2025-04-28,117,causal_load_main,linear_anchor_main,4,2025-03-31;2025-04-07;2025-04-14;2025-04-21,False,117,110,True
2025-04-29,118,causal_load_main,linear_anchor_main,4,2025-04-01;2025-04-08;2025-04-15;2025-04-22,False,118,111,True
2025-04-30,119,causal_load_main,linear_anchor_main,4,2025-04-02;2025-04-09;2025-04-16;2025-04-23,False,119,112,True
2025-05-01,120,causal_load_main,linear_anchor_main,4,2025-04-03;2025-04-10;2025-04-17;2025-04-24,False,120,113,True
2025-05-02,121,causal_load_main,linear_anchor_main,4,2025-04-04;2025-04-11;2025-04-18;2025-04-25,False,121,114,True
2025-05-03,122,causal_load_main,linear_anchor_main,4,2025-04-05;2025-04-12;2025-04-19;2025-04-26,False,122,115,True
2025-05-04,123,causal_load_main,linear_anchor_main,4,2025-04-06;2025-04-13;2025-04-20;2025-04-27,False,123,116,True
2025-05-05,124,causal_load_main,linear_anchor_main,4,2025-04-07;2025-04-14;2025-04-21;2025-04-28,False,124,117,True
2025-05-06,125,causal_load_main,linear_anchor_main,4,2025-04-08;2025-04-15;2025-04-22;2025-04-29,False,125,118,True
2025-05-07,126,causal_load_main,linear_anchor_main,4,2025-04-09;2025-04-16;2025-04-23;2025-04-30,False,126,119,True
2025-05-08,127,causal_load_main,linear_anchor_main,4,2025-04-10;2025-04-17;2025-04-24;2025-05-01,False,127,120,True
2025-05-09,128,causal_load_main,linear_anchor_main,4,2025-04-11;2025-04-18;2025-04-25;2025-05-02,False,128,121,True
2025-05-10,129,causal_load_main,linear_anchor_main,4,2025-04-12;2025-04-19;2025-04-26;2025-05-03,False,129,122,True
2025-05-11,130,causal_load_main,linear_anchor_main,4,2025-04-13;2025-04-20;2025-04-27;2025-05-04,False,130,123,True
2025-05-12,131,causal_load_main,linear_anchor_main,4,2025-04-14;2025-04-21;2025-04-28;2025-05-05,False,131,124,True
2025-05-13,132,causal_load_main,linear_anchor_main,4,2025-04-15;2025-04-22;2025-04-29;2025-05-06,False,132,125,True
2025-05-14,133,causal_load_main,linear_anchor_main,4,2025-04-16;2025-04-23;2025-04-30;2025-05-07,False,133,126,True
2025-05-15,134,causal_load_main,linear_anchor_main,4,2025-04-17;2025-04-24;2025-05-01;2025-05-08,False,134,127,True
2025-05-16,135,causal_load_main,linear_anchor_main,4,2025-04-18;2025-04-25;2025-05-02;2025-05-09,False,135,128,True
2025-05-17,136,causal_load_main,linear_anchor_main,4,2025-04-19;2025-04-26;2025-05-03;2025-05-10,False,136,129,True
2025-05-18,137,causal_load_main,linear_anchor_main,4,2025-04-20;2025-04-27;2025-05-04;2025-05-11,False,137,130,True
2025-05-19,138,causal_load_main,linear_anchor_main,4,2025-04-21;2025-04-28;2025-05-05;2025-05-12,False,138,131,True
2025-05-20,139,causal_load_main,linear_anchor_main,4,2025-04-22;2025-04-29;2025-05-06;2025-05-13,False,139,132,True
2025-05-21,140,causal_load_main,linear_anchor_main,4,2025-04-23;2025-04-30;2025-05-07;2025-05-14,False,140,133,True
2025-05-22,141,causal_load_main,linear_anchor_main,4,2025-04-24;2025-05-01;2025-05-08;2025-05-15,False,141,134,True
2025-05-23,142,causal_load_main,linear_anchor_main,4,2025-04-25;2025-05-02;2025-05-09;2025-05-16,False,142,135,True
2025-05-24,143,causal_load_main,linear_anchor_main,4,2025-04-26;2025-05-03;2025-05-10;2025-05-17,False,143,136,True
2025-05-25,144,causal_load_main,linear_anchor_main,4,2025-04-27;2025-05-04;2025-05-11;2025-05-18,False,144,137,True
2025-05-26,145,causal_load_main,linear_anchor_main,4,2025-04-28;2025-05-05;2025-05-12;2025-05-19,False,145,138,True
2025-05-27,146,causal_load_main,linear_anchor_main,4,2025-04-29;2025-05-06;2025-05-13;2025-05-20,False,146,139,True
2025-05-28,147,causal_load_main,linear_anchor_main,4,2025-04-30;2025-05-07;2025-05-14;2025-05-21,False,147,140,True
2025-05-29,148,causal_load_main,linear_anchor_main,4,2025-05-01;2025-05-08;2025-05-15;2025-05-22,False,148,141,True
2025-05-30,149,causal_load_main,linear_anchor_main,4,2025-05-02;2025-05-09;2025-05-16;2025-05-23,False,149,142,True
2025-05-31,150,causal_load_main,linear_anchor_main,4,2025-05-03;2025-05-10;2025-05-17;2025-05-24,False,150,143,True
2025-06-01,151,causal_load_main,linear_anchor_main,4,2025-05-04;2025-05-11;2025-05-18;2025-05-25,False,151,144,True
2025-06-02,152,causal_load_main,linear_anchor_main,4,2025-05-05;2025-05-12;2025-05-19;2025-05-26,False,152,145,True
2025-06-03,153,causal_load_main,linear_anchor_main,4,2025-05-06;2025-05-13;2025-05-20;2025-05-27,False,153,146,True
2025-06-04,154,causal_load_main,linear_anchor_main,4,2025-05-07;2025-05-14;2025-05-21;2025-05-28,False,154,147,True
2025-06-05,155,causal_load_main,linear_anchor_main,4,2025-05-08;2025-05-15;2025-05-22;2025-05-29,False,155,148,True
2025-06-06,156,causal_load_main,linear_anchor_main,4,2025-05-09;2025-05-16;2025-05-23;2025-05-30,False,156,149,True
2025-06-07,157,causal_load_main,linear_anchor_main,4,2025-05-10;2025-05-17;2025-05-24;2025-05-31,False,157,150,True
2025-06-08,158,causal_load_main,linear_anchor_main,4,2025-05-11;2025-05-18;2025-05-25;2025-06-01,False,158,151,True
2025-06-09,159,causal_load_main,linear_anchor_main,4,2025-05-12;2025-05-19;2025-05-26;2025-06-02,False,159,152,True
2025-06-10,160,causal_load_main,linear_anchor_main,4,2025-05-13;2025-05-20;2025-05-27;2025-06-03,False,160,153,True
2025-06-11,161,causal_load_main,linear_anchor_main,4,2025-05-14;2025-05-21;2025-05-28;2025-06-04,False,161,154,True
2025-06-12,162,causal_load_main,linear_anchor_main,4,2025-05-15;2025-05-22;2025-05-29;2025-06-05,False,162,155,True
2025-06-13,163,causal_load_main,linear_anchor_main,4,2025-05-16;2025-05-23;2025-05-30;2025-06-06,False,163,156,True
2025-06-14,164,causal_load_main,linear_anchor_main,4,2025-05-17;2025-05-24;2025-05-31;2025-06-07,False,164,157,True
2025-06-15,165,causal_load_main,linear_anchor_main,4,2025-05-18;2025-05-25;2025-06-01;2025-06-08,False,165,158,True
2025-06-16,166,causal_load_main,linear_anchor_main,4,2025-05-19;2025-05-26;2025-06-02;2025-06-09,False,166,159,True
2025-06-17,167,causal_load_main,linear_anchor_main,4,2025-05-20;2025-05-27;2025-06-03;2025-06-10,False,167,160,True
2025-06-18,168,causal_load_main,linear_anchor_main,4,2025-05-21;2025-05-28;2025-06-04;2025-06-11,False,168,161,True
2025-06-19,169,causal_load_main,linear_anchor_main,4,2025-05-22;2025-05-29;2025-06-05;2025-06-12,False,169,162,True
2025-06-20,170,causal_load_main,linear_anchor_main,4,2025-05-23;2025-05-30;2025-06-06;2025-06-13,False,170,163,True
2025-06-21,171,causal_load_main,linear_anchor_main,4,2025-05-24;2025-05-31;2025-06-07;2025-06-14,False,171,164,True
2025-06-22,172,causal_load_main,linear_anchor_main,4,2025-05-25;2025-06-01;2025-06-08;2025-06-15,False,172,165,True
2025-06-23,173,causal_load_main,linear_anchor_main,4,2025-05-26;2025-06-02;2025-06-09;2025-06-16,False,173,166,True
2025-06-24,174,causal_load_main,linear_anchor_main,4,2025-05-27;2025-06-03;2025-06-10;2025-06-17,False,174,167,True
2025-06-25,175,causal_load_main,linear_anchor_main,4,2025-05-28;2025-06-04;2025-06-11;2025-06-18,False,175,168,True
2025-06-26,176,causal_load_main,linear_anchor_main,4,2025-05-29;2025-06-05;2025-06-12;2025-06-19,False,176,169,True
2025-06-27,177,causal_load_main,linear_anchor_main,4,2025-05-30;2025-06-06;2025-06-13;2025-06-20,False,177,170,True
2025-06-28,178,causal_load_main,linear_anchor_main,4,2025-05-31;2025-06-07;2025-06-14;2025-06-21,False,178,171,True
2025-06-29,179,causal_load_main,linear_anchor_main,4,2025-06-01;2025-06-08;2025-06-15;2025-06-22,False,179,172,True
2025-06-30,180,causal_load_main,linear_anchor_main,4,2025-06-02;2025-06-09;2025-06-16;2025-06-23,False,180,173,True
2025-07-01,181,causal_load_main,linear_anchor_main,4,2025-06-03;2025-06-10;2025-06-17;2025-06-24,False,181,174,True
2025-07-02,182,causal_load_main,linear_anchor_main,4,2025-06-04;2025-06-11;2025-06-18;2025-06-25,False,182,175,True
2025-07-03,183,causal_load_main,linear_anchor_main,4,2025-06-05;2025-06-12;2025-06-19;2025-06-26,False,183,176,True
2025-07-04,184,causal_load_main,linear_anchor_main,4,2025-06-06;2025-06-13;2025-06-20;2025-06-27,False,184,177,True
2025-07-05,185,causal_load_main,linear_anchor_main,4,2025-06-07;2025-06-14;2025-06-21;2025-06-28,False,185,178,True
2025-07-06,186,causal_load_main,linear_anchor_main,4,2025-06-08;2025-06-15;2025-06-22;2025-06-29,False,186,179,True
2025-07-07,187,causal_load_main,linear_anchor_main,4,2025-06-09;2025-06-16;2025-06-23;2025-06-30,False,187,180,True
2025-07-08,188,causal_load_main,linear_anchor_main,4,2025-06-10;2025-06-17;2025-06-24;2025-07-01,False,188,181,True
2025-07-09,189,causal_load_main,linear_anchor_main,4,2025-06-11;2025-06-18;2025-06-25;2025-07-02,False,189,182,True
2025-07-10,190,causal_load_main,linear_anchor_main,4,2025-06-12;2025-06-19;2025-06-26;2025-07-03,False,190,183,True
2025-07-11,191,causal_load_main,linear_anchor_main,4,2025-06-13;2025-06-20;2025-06-27;2025-07-04,False,191,184,True
2025-07-12,192,causal_load_main,linear_anchor_main,4,2025-06-14;2025-06-21;2025-06-28;2025-07-05,False,192,185,True
2025-07-13,193,causal_load_main,linear_anchor_main,4,2025-06-15;2025-06-22;2025-06-29;2025-07-06,False,193,186,True
2025-07-14,194,causal_load_main,linear_anchor_main,4,2025-06-16;2025-06-23;2025-06-30;2025-07-07,False,194,187,True
2025-07-15,195,causal_load_main,linear_anchor_main,4,2025-06-17;2025-06-24;2025-07-01;2025-07-08,False,195,188,True
2025-07-16,196,causal_load_main,linear_anchor_main,4,2025-06-18;2025-06-25;2025-07-02;2025-07-09,False,196,189,True
2025-07-17,197,causal_load_main,linear_anchor_main,4,2025-06-19;2025-06-26;2025-07-03;2025-07-10,False,197,190,True
2025-07-18,198,causal_load_main,linear_anchor_main,4,2025-06-20;2025-06-27;2025-07-04;2025-07-11,False,198,191,True
2025-07-19,199,causal_load_main,linear_anchor_main,4,2025-06-21;2025-06-28;2025-07-05;2025-07-12,False,199,192,True
2025-07-20,200,causal_load_main,linear_anchor_main,4,2025-06-22;2025-06-29;2025-07-06;2025-07-13,False,200,193,True
2025-07-21,201,causal_load_main,linear_anchor_main,4,2025-06-23;2025-06-30;2025-07-07;2025-07-14,False,201,194,True
2025-07-22,202,causal_load_main,linear_anchor_main,4,2025-06-24;2025-07-01;2025-07-08;2025-07-15,False,202,195,True
2025-07-23,203,causal_load_main,linear_anchor_main,4,2025-06-25;2025-07-02;2025-07-09;2025-07-16,False,203,196,True
2025-07-24,204,causal_load_main,linear_anchor_main,4,2025-06-26;2025-07-03;2025-07-10;2025-07-17,False,204,197,True
2025-07-25,205,causal_load_main,linear_anchor_main,4,2025-06-27;2025-07-04;2025-07-11;2025-07-18,False,205,198,True
2025-07-26,206,causal_load_main,linear_anchor_main,4,2025-06-28;2025-07-05;2025-07-12;2025-07-19,False,206,199,True
2025-07-27,207,causal_load_main,linear_anchor_main,4,2025-06-29;2025-07-06;2025-07-13;2025-07-20,False,207,200,True
2025-07-28,208,causal_load_main,linear_anchor_main,4,2025-06-30;2025-07-07;2025-07-14;2025-07-21,False,208,201,True
2025-07-29,209,causal_load_main,linear_anchor_main,4,2025-07-01;2025-07-08;2025-07-15;2025-07-22,False,209,202,True
2025-07-30,210,causal_load_main,linear_anchor_main,4,2025-07-02;2025-07-09;2025-07-16;2025-07-23,False,210,203,True
2025-07-31,211,causal_load_main,linear_anchor_main,4,2025-07-03;2025-07-10;2025-07-17;2025-07-24,False,211,204,True
2025-08-01,212,causal_load_main,linear_anchor_main,4,2025-07-04;2025-07-11;2025-07-18;2025-07-25,False,212,205,True
2025-08-02,213,causal_load_main,linear_anchor_main,4,2025-07-05;2025-07-12;2025-07-19;2025-07-26,False,213,206,True
2025-08-03,214,causal_load_main,linear_anchor_main,4,2025-07-06;2025-07-13;2025-07-20;2025-07-27,False,214,207,True
2025-08-04,215,causal_load_main,linear_anchor_main,4,2025-07-07;2025-07-14;2025-07-21;2025-07-28,False,215,208,True
2025-08-05,216,causal_load_main,linear_anchor_main,4,2025-07-08;2025-07-15;2025-07-22;2025-07-29,False,216,209,True
2025-08-06,217,causal_load_main,linear_anchor_main,4,2025-07-09;2025-07-16;2025-07-23;2025-07-30,False,217,210,True
2025-08-07,218,causal_load_main,linear_anchor_main,4,2025-07-10;2025-07-17;2025-07-24;2025-07-31,False,218,211,True
2025-08-08,219,causal_load_main,linear_anchor_main,4,2025-07-11;2025-07-18;2025-07-25;2025-08-01,False,219,212,True
2025-08-09,220,causal_load_main,linear_anchor_main,4,2025-07-12;2025-07-19;2025-07-26;2025-08-02,False,220,213,True
2025-08-10,221,causal_load_main,linear_anchor_main,4,2025-07-13;2025-07-20;2025-07-27;2025-08-03,False,221,214,True
2025-08-11,222,causal_load_main,linear_anchor_main,4,2025-07-14;2025-07-21;2025-07-28;2025-08-04,False,222,215,True
2025-08-12,223,causal_load_main,linear_anchor_main,4,2025-07-15;2025-07-22;2025-07-29;2025-08-05,False,223,216,True
2025-08-13,224,causal_load_main,linear_anchor_main,4,2025-07-16;2025-07-23;2025-07-30;2025-08-06,False,224,217,True
2025-08-14,225,causal_load_main,linear_anchor_main,4,2025-07-17;2025-07-24;2025-07-31;2025-08-07,False,225,218,True
2025-08-15,226,causal_load_main,linear_anchor_main,4,2025-07-18;2025-07-25;2025-08-01;2025-08-08,False,226,219,True
2025-08-16,227,causal_load_main,linear_anchor_main,4,2025-07-19;2025-07-26;2025-08-02;2025-08-09,False,227,220,True
2025-08-17,228,causal_load_main,linear_anchor_main,4,2025-07-20;2025-07-27;2025-08-03;2025-08-10,False,228,221,True
2025-08-18,229,causal_load_main,linear_anchor_main,4,2025-07-21;2025-07-28;2025-08-04;2025-08-11,False,229,222,True
2025-08-19,230,causal_load_main,linear_anchor_main,4,2025-07-22;2025-07-29;2025-08-05;2025-08-12,False,230,223,True
2025-08-20,231,causal_load_main,linear_anchor_main,4,2025-07-23;2025-07-30;2025-08-06;2025-08-13,False,231,224,True
2025-08-21,232,causal_load_main,linear_anchor_main,4,2025-07-24;2025-07-31;2025-08-07;2025-08-14,False,232,225,True
2025-08-22,233,causal_load_main,linear_anchor_main,4,2025-07-25;2025-08-01;2025-08-08;2025-08-15,False,233,226,True
2025-08-23,234,causal_load_main,linear_anchor_main,4,2025-07-26;2025-08-02;2025-08-09;2025-08-16,False,234,227,True
2025-08-24,235,causal_load_main,linear_anchor_main,4,2025-07-27;2025-08-03;2025-08-10;2025-08-17,False,235,228,True
2025-08-25,236,causal_load_main,linear_anchor_main,4,2025-07-28;2025-08-04;2025-08-11;2025-08-18,False,236,229,True
2025-08-26,237,causal_load_main,linear_anchor_main,4,2025-07-29;2025-08-05;2025-08-12;2025-08-19,False,237,230,True
2025-08-27,238,causal_load_main,linear_anchor_main,4,2025-07-30;2025-08-06;2025-08-13;2025-08-20,False,238,231,True
2025-08-28,239,causal_load_main,linear_anchor_main,4,2025-07-31;2025-08-07;2025-08-14;2025-08-21,False,239,232,True
2025-08-29,240,causal_load_main,linear_anchor_main,4,2025-08-01;2025-08-08;2025-08-15;2025-08-22,False,240,233,True
2025-08-30,241,causal_load_main,linear_anchor_main,4,2025-08-02;2025-08-09;2025-08-16;2025-08-23,False,241,234,True
2025-08-31,242,causal_load_main,linear_anchor_main,4,2025-08-03;2025-08-10;2025-08-17;2025-08-24,False,242,235,True
2025-09-01,243,causal_load_main,linear_anchor_main,4,2025-08-04;2025-08-11;2025-08-18;2025-08-25,False,243,236,True
2025-09-02,244,causal_load_main,linear_anchor_main,4,2025-08-05;2025-08-12;2025-08-19;2025-08-26,False,244,237,True
2025-09-03,245,causal_load_main,linear_anchor_main,4,2025-08-06;2025-08-13;2025-08-20;2025-08-27,False,245,238,True
2025-09-04,246,causal_load_main,linear_anchor_main,4,2025-08-07;2025-08-14;2025-08-21;2025-08-28,False,246,239,True
2025-09-05,247,causal_load_main,linear_anchor_main,4,2025-08-08;2025-08-15;2025-08-22;2025-08-29,False,247,240,True
2025-09-06,248,causal_load_main,linear_anchor_main,4,2025-08-09;2025-08-16;2025-08-23;2025-08-30,False,248,241,True
2025-09-07,249,causal_load_main,linear_anchor_main,4,2025-08-10;2025-08-17;2025-08-24;2025-08-31,False,249,242,True
2025-09-08,250,causal_load_main,linear_anchor_main,4,2025-08-11;2025-08-18;2025-08-25;2025-09-01,False,250,243,True
2025-09-09,251,causal_load_main,linear_anchor_main,4,2025-08-12;2025-08-19;2025-08-26;2025-09-02,False,251,244,True
2025-09-10,252,causal_load_main,linear_anchor_main,4,2025-08-13;2025-08-20;2025-08-27;2025-09-03,False,252,245,True
2025-09-11,253,causal_load_main,linear_anchor_main,4,2025-08-14;2025-08-21;2025-08-28;2025-09-04,False,253,246,True
2025-09-12,254,causal_load_main,linear_anchor_main,4,2025-08-15;2025-08-22;2025-08-29;2025-09-05,False,254,247,True
2025-09-13,255,causal_load_main,linear_anchor_main,4,2025-08-16;2025-08-23;2025-08-30;2025-09-06,False,255,248,True
2025-09-14,256,causal_load_main,linear_anchor_main,4,2025-08-17;2025-08-24;2025-08-31;2025-09-07,False,256,249,True
2025-09-15,257,causal_load_main,linear_anchor_main,4,2025-08-18;2025-08-25;2025-09-01;2025-09-08,False,257,250,True
2025-09-16,258,causal_load_main,linear_anchor_main,4,2025-08-19;2025-08-26;2025-09-02;2025-09-09,False,258,251,True
2025-09-17,259,causal_load_main,linear_anchor_main,4,2025-08-20;2025-08-27;2025-09-03;2025-09-10,False,259,252,True
2025-09-18,260,causal_load_main,linear_anchor_main,4,2025-08-21;2025-08-28;2025-09-04;2025-09-11,False,260,253,True
2025-09-19,261,causal_load_main,linear_anchor_main,4,2025-08-22;2025-08-29;2025-09-05;2025-09-12,False,261,254,True
2025-09-20,262,causal_load_main,linear_anchor_main,4,2025-08-23;2025-08-30;2025-09-06;2025-09-13,False,262,255,True
2025-09-21,263,causal_load_main,linear_anchor_main,4,2025-08-24;2025-08-31;2025-09-07;2025-09-14,False,263,256,True
2025-09-22,264,causal_load_main,linear_anchor_main,4,2025-08-25;2025-09-01;2025-09-08;2025-09-15,False,264,257,True
2025-09-23,265,causal_load_main,linear_anchor_main,4,2025-08-26;2025-09-02;2025-09-09;2025-09-16,False,265,258,True
2025-09-24,266,causal_load_main,linear_anchor_main,4,2025-08-27;2025-09-03;2025-09-10;2025-09-17,False,266,259,True
2025-09-25,267,causal_load_main,linear_anchor_main,4,2025-08-28;2025-09-04;2025-09-11;2025-09-18,False,267,260,True
2025-09-26,268,causal_load_main,linear_anchor_main,4,2025-08-29;2025-09-05;2025-09-12;2025-09-19,False,268,261,True
2025-09-27,269,causal_load_main,linear_anchor_main,4,2025-08-30;2025-09-06;2025-09-13;2025-09-20,False,269,262,True
2025-09-28,270,causal_load_main,linear_anchor_main,4,2025-08-31;2025-09-07;2025-09-14;2025-09-21,False,270,263,True
2025-09-29,271,causal_load_main,linear_anchor_main,4,2025-09-01;2025-09-08;2025-09-15;2025-09-22,False,271,264,True
2025-09-30,272,causal_load_main,linear_anchor_main,4,2025-09-02;2025-09-09;2025-09-16;2025-09-23,False,272,265,True
2025-10-01,273,causal_load_main,linear_anchor_main,4,2025-09-03;2025-09-10;2025-09-17;2025-09-24,False,273,266,True
2025-10-02,274,causal_load_main,linear_anchor_main,4,2025-09-04;2025-09-11;2025-09-18;2025-09-25,False,274,267,True
2025-10-03,275,causal_load_main,linear_anchor_main,4,2025-09-05;2025-09-12;2025-09-19;2025-09-26,False,275,268,True
2025-10-04,276,causal_load_main,linear_anchor_main,4,2025-09-06;2025-09-13;2025-09-20;2025-09-27,False,276,269,True
2025-10-05,277,causal_load_main,linear_anchor_main,4,2025-09-07;2025-09-14;2025-09-21;2025-09-28,False,277,270,True
2025-10-06,278,causal_load_main,linear_anchor_main,4,2025-09-08;2025-09-15;2025-09-22;2025-09-29,False,278,271,True
2025-10-07,279,causal_load_main,linear_anchor_main,4,2025-09-09;2025-09-16;2025-09-23;2025-09-30,False,279,272,True
2025-10-08,280,causal_load_main,linear_anchor_main,4,2025-09-10;2025-09-17;2025-09-24;2025-10-01,False,280,273,True
2025-10-09,281,causal_load_main,linear_anchor_main,4,2025-09-11;2025-09-18;2025-09-25;2025-10-02,False,281,274,True
2025-10-10,282,causal_load_main,linear_anchor_main,4,2025-09-12;2025-09-19;2025-09-26;2025-10-03,False,282,275,True
2025-10-11,283,causal_load_main,linear_anchor_main,4,2025-09-13;2025-09-20;2025-09-27;2025-10-04,False,283,276,True
2025-10-12,284,causal_load_main,linear_anchor_main,4,2025-09-14;2025-09-21;2025-09-28;2025-10-05,False,284,277,True
2025-10-13,285,causal_load_main,linear_anchor_main,4,2025-09-15;2025-09-22;2025-09-29;2025-10-06,False,285,278,True
2025-10-14,286,causal_load_main,linear_anchor_main,4,2025-09-16;2025-09-23;2025-09-30;2025-10-07,False,286,279,True
2025-10-15,287,causal_load_main,linear_anchor_main,4,2025-09-17;2025-09-24;2025-10-01;2025-10-08,False,287,280,True
2025-10-16,288,causal_load_main,linear_anchor_main,4,2025-09-18;2025-09-25;2025-10-02;2025-10-09,False,288,281,True
2025-10-17,289,causal_load_main,linear_anchor_main,4,2025-09-19;2025-09-26;2025-10-03;2025-10-10,False,289,282,True
2025-10-18,290,causal_load_main,linear_anchor_main,4,2025-09-20;2025-09-27;2025-10-04;2025-10-11,False,290,283,True
2025-10-19,291,causal_load_main,linear_anchor_main,4,2025-09-21;2025-09-28;2025-10-05;2025-10-12,False,291,284,True
2025-10-20,292,causal_load_main,linear_anchor_main,4,2025-09-22;2025-09-29;2025-10-06;2025-10-13,False,292,285,True
2025-10-21,293,causal_load_main,linear_anchor_main,4,2025-09-23;2025-09-30;2025-10-07;2025-10-14,False,293,286,True
2025-10-22,294,causal_load_main,linear_anchor_main,4,2025-09-24;2025-10-01;2025-10-08;2025-10-15,False,294,287,True
2025-10-23,295,causal_load_main,linear_anchor_main,4,2025-09-25;2025-10-02;2025-10-09;2025-10-16,False,295,288,True
2025-10-24,296,causal_load_main,linear_anchor_main,4,2025-09-26;2025-10-03;2025-10-10;2025-10-17,False,296,289,True
2025-10-25,297,causal_load_main,linear_anchor_main,4,2025-09-27;2025-10-04;2025-10-11;2025-10-18,False,297,290,True
2025-10-26,298,causal_load_main,linear_anchor_main,4,2025-09-28;2025-10-05;2025-10-12;2025-10-19,False,298,291,True
2025-10-27,299,causal_load_main,linear_anchor_main,4,2025-09-29;2025-10-06;2025-10-13;2025-10-20,False,299,292,True
2025-10-28,300,causal_load_main,linear_anchor_main,4,2025-09-30;2025-10-07;2025-10-14;2025-10-21,False,300,293,True
2025-10-29,301,causal_load_main,linear_anchor_main,4,2025-10-01;2025-10-08;2025-10-15;2025-10-22,False,301,294,True
2025-10-30,302,causal_load_main,linear_anchor_main,4,2025-10-02;2025-10-09;2025-10-16;2025-10-23,False,302,295,True
2025-10-31,303,causal_load_main,linear_anchor_main,4,2025-10-03;2025-10-10;2025-10-17;2025-10-24,False,303,296,True
2025-11-01,304,causal_load_main,linear_anchor_main,4,2025-10-04;2025-10-11;2025-10-18;2025-10-25,False,304,297,True
2025-11-02,305,causal_load_main,linear_anchor_main,4,2025-10-05;2025-10-12;2025-10-19;2025-10-26,False,305,298,True
2025-11-03,306,causal_load_main,linear_anchor_main,4,2025-10-06;2025-10-13;2025-10-20;2025-10-27,False,306,299,True
2025-11-04,307,causal_load_main,linear_anchor_main,4,2025-10-07;2025-10-14;2025-10-21;2025-10-28,False,307,300,True
2025-11-05,308,causal_load_main,linear_anchor_main,4,2025-10-08;2025-10-15;2025-10-22;2025-10-29,False,308,301,True
2025-11-06,309,causal_load_main,linear_anchor_main,4,2025-10-09;2025-10-16;2025-10-23;2025-10-30,False,309,302,True
2025-11-07,310,causal_load_main,linear_anchor_main,4,2025-10-10;2025-10-17;2025-10-24;2025-10-31,False,310,303,True
2025-11-08,311,causal_load_main,linear_anchor_main,4,2025-10-11;2025-10-18;2025-10-25;2025-11-01,False,311,304,True
2025-11-09,312,causal_load_main,linear_anchor_main,4,2025-10-12;2025-10-19;2025-10-26;2025-11-02,False,312,305,True
2025-11-10,313,causal_load_main,linear_anchor_main,4,2025-10-13;2025-10-20;2025-10-27;2025-11-03,False,313,306,True
2025-11-11,314,causal_load_main,linear_anchor_main,4,2025-10-14;2025-10-21;2025-10-28;2025-11-04,False,314,307,True
2025-11-12,315,causal_load_main,linear_anchor_main,4,2025-10-15;2025-10-22;2025-10-29;2025-11-05,False,315,308,True
2025-11-13,316,causal_load_main,linear_anchor_main,4,2025-10-16;2025-10-23;2025-10-30;2025-11-06,False,316,309,True
2025-11-14,317,causal_load_main,linear_anchor_main,4,2025-10-17;2025-10-24;2025-10-31;2025-11-07,False,317,310,True
2025-11-15,318,causal_load_main,linear_anchor_main,4,2025-10-18;2025-10-25;2025-11-01;2025-11-08,False,318,311,True
2025-11-16,319,causal_load_main,linear_anchor_main,4,2025-10-19;2025-10-26;2025-11-02;2025-11-09,False,319,312,True
2025-11-17,320,causal_load_main,linear_anchor_main,4,2025-10-20;2025-10-27;2025-11-03;2025-11-10,False,320,313,True
2025-11-18,321,causal_load_main,linear_anchor_main,4,2025-10-21;2025-10-28;2025-11-04;2025-11-11,False,321,314,True
2025-11-19,322,causal_load_main,linear_anchor_main,4,2025-10-22;2025-10-29;2025-11-05;2025-11-12,False,322,315,True
2025-11-20,323,causal_load_main,linear_anchor_main,4,2025-10-23;2025-10-30;2025-11-06;2025-11-13,False,323,316,True
2025-11-21,324,causal_load_main,linear_anchor_main,4,2025-10-24;2025-10-31;2025-11-07;2025-11-14,False,324,317,True
2025-11-22,325,causal_load_main,linear_anchor_main,4,2025-10-25;2025-11-01;2025-11-08;2025-11-15,False,325,318,True
2025-11-23,326,causal_load_main,linear_anchor_main,4,2025-10-26;2025-11-02;2025-11-09;2025-11-16,False,326,319,True
2025-11-24,327,causal_load_main,linear_anchor_main,4,2025-10-27;2025-11-03;2025-11-10;2025-11-17,False,327,320,True
2025-11-25,328,causal_load_main,linear_anchor_main,4,2025-10-28;2025-11-04;2025-11-11;2025-11-18,False,328,321,True
2025-11-26,329,causal_load_main,linear_anchor_main,4,2025-10-29;2025-11-05;2025-11-12;2025-11-19,False,329,322,True
2025-11-27,330,causal_load_main,linear_anchor_main,4,2025-10-30;2025-11-06;2025-11-13;2025-11-20,False,330,323,True
2025-11-28,331,causal_load_main,linear_anchor_main,4,2025-10-31;2025-11-07;2025-11-14;2025-11-21,False,331,324,True
2025-11-29,332,causal_load_main,linear_anchor_main,4,2025-11-01;2025-11-08;2025-11-15;2025-11-22,False,332,325,True
2025-11-30,333,causal_load_main,linear_anchor_main,4,2025-11-02;2025-11-09;2025-11-16;2025-11-23,False,333,326,True
2025-12-01,334,causal_load_main,linear_anchor_main,4,2025-11-03;2025-11-10;2025-11-17;2025-11-24,False,334,327,True
2025-12-02,335,causal_load_main,linear_anchor_main,4,2025-11-04;2025-11-11;2025-11-18;2025-11-25,False,335,328,True
2025-12-03,336,causal_load_main,linear_anchor_main,4,2025-11-05;2025-11-12;2025-11-19;2025-11-26,False,336,329,True
2025-12-04,337,causal_load_main,linear_anchor_main,4,2025-11-06;2025-11-13;2025-11-20;2025-11-27,False,337,330,True
2025-12-05,338,causal_load_main,linear_anchor_main,4,2025-11-07;2025-11-14;2025-11-21;2025-11-28,False,338,331,True
2025-12-06,339,causal_load_main,linear_anchor_main,4,2025-11-08;2025-11-15;2025-11-22;2025-11-29,False,339,332,True
2025-12-07,340,causal_load_main,linear_anchor_main,4,2025-11-09;2025-11-16;2025-11-23;2025-11-30,False,340,333,True
2025-12-08,341,causal_load_main,linear_anchor_main,4,2025-11-10;2025-11-17;2025-11-24;2025-12-01,False,341,334,True
2025-12-09,342,causal_load_main,linear_anchor_main,4,2025-11-11;2025-11-18;2025-11-25;2025-12-02,False,342,335,True
2025-12-10,343,causal_load_main,linear_anchor_main,4,2025-11-12;2025-11-19;2025-11-26;2025-12-03,False,343,336,True
2025-12-11,344,causal_load_main,linear_anchor_main,4,2025-11-13;2025-11-20;2025-11-27;2025-12-04,False,344,337,True
2025-12-12,345,causal_load_main,linear_anchor_main,4,2025-11-14;2025-11-21;2025-11-28;2025-12-05,False,345,338,True
2025-12-13,346,causal_load_main,linear_anchor_main,4,2025-11-15;2025-11-22;2025-11-29;2025-12-06,False,346,339,True
2025-12-14,347,causal_load_main,linear_anchor_main,4,2025-11-16;2025-11-23;2025-11-30;2025-12-07,False,347,340,True
2025-12-15,348,causal_load_main,linear_anchor_main,4,2025-11-17;2025-11-24;2025-12-01;2025-12-08,False,348,341,True
2025-12-16,349,causal_load_main,linear_anchor_main,4,2025-11-18;2025-11-25;2025-12-02;2025-12-09,False,349,342,True
2025-12-17,350,causal_load_main,linear_anchor_main,4,2025-11-19;2025-11-26;2025-12-03;2025-12-10,False,350,343,True
2025-12-18,351,causal_load_main,linear_anchor_main,4,2025-11-20;2025-11-27;2025-12-04;2025-12-11,False,351,344,True
2025-12-19,352,causal_load_main,linear_anchor_main,4,2025-11-21;2025-11-28;2025-12-05;2025-12-12,False,352,345,True
2025-12-20,353,causal_load_main,linear_anchor_main,4,2025-11-22;2025-11-29;2025-12-06;2025-12-13,False,353,346,True
2025-12-21,354,causal_load_main,linear_anchor_main,4,2025-11-23;2025-11-30;2025-12-07;2025-12-14,False,354,347,True
2025-12-22,355,causal_load_main,linear_anchor_main,4,2025-11-24;2025-12-01;2025-12-08;2025-12-15,False,355,348,True
2025-12-23,356,causal_load_main,linear_anchor_main,4,2025-11-25;2025-12-02;2025-12-09;2025-12-16,False,356,349,True
2025-12-24,357,causal_load_main,linear_anchor_main,4,2025-11-26;2025-12-03;2025-12-10;2025-12-17,False,357,350,True
2025-12-25,358,causal_load_main,linear_anchor_main,4,2025-11-27;2025-12-04;2025-12-11;2025-12-18,False,358,351,True
2025-12-26,359,causal_load_main,linear_anchor_main,4,2025-11-28;2025-12-05;2025-12-12;2025-12-19,False,359,352,True
2025-12-27,360,causal_load_main,linear_anchor_main,4,2025-11-29;2025-12-06;2025-12-13;2025-12-20,False,360,353,True
2025-12-28,361,causal_load_main,linear_anchor_main,4,2025-11-30;2025-12-07;2025-12-14;2025-12-21,False,361,354,True
2025-12-29,362,causal_load_main,linear_anchor_main,4,2025-12-01;2025-12-08;2025-12-15;2025-12-22,False,362,355,True
2025-12-30,363,causal_load_main,linear_anchor_main,4,2025-12-02;2025-12-09;2025-12-16;2025-12-23,False,363,356,True
2025-12-31,364,causal_load_main,linear_anchor_main,4,2025-12-03;2025-12-10;2025-12-17;2025-12-24,False,364,357,True
