time,price,load_kwh,pv_kwh,grid_purchase_kwh,charge_kwh,discharge_kwh,soc_kwh,curtailment_kwh,balance_residual_kwh
0:10-0:20,0.4248,573.3077666666666,0.0,1406.6410999999998,833.3333333333333,0.0,6790.569415042095,0.0,0.0
0:20-0:30,0.4245,572.9965333333333,0.0,1406.3298666666665,833.3333333333333,0.0,7581.13883008419,0.0,-1.1368683772161603e-13
0:30-0:40,0.4269,574.0505166666667,0.0,1407.38385,833.3333333333333,0.0,8371.708245126285,0.0,0.0
0:40-0:50,0.4272,575.7406166666666,0.0,1409.07395,833.3333333333333,0.0,9162.27766016838,0.0,1.1368683772161603e-13
0:50-1:00,0.4271,576.4712166666666,0.0,1409.8045499999998,833.3333333333333,0.0,9952.847075210475,0.0,0.0
1:00-1:10,0.4285,576.6400166666666,0.0,576.6400166666666,0.0,0.0,9952.847075210475,0.0,0.0
1:10-1:20,0.4311,577.8597,0.0,577.8597,0.0,0.0,9952.847075210475,0.0,0.0
1:20-1:30,0.4302,577.9938666666667,0.0,577.9938666666667,0.0,0.0,9952.847075210475,0.0,0.0
1:30-1:40,0.4279,577.82805,0.0,637.4723062694059,59.64425626940595,0.0,10009.430584957905,0.0,-4.973799150320701e-14
1:40-1:50,0.4312,580.41545,0.0,580.41545,0.0,0.0,10009.430584957905,0.0,0.0
1:50-2:00,0.4333,582.5140166666666,0.0,582.5140166666666,0.0,0.0,10009.430584957905,0.0,0.0
2:00-2:10,0.4311,583.0740499999999,0.0,583.0740499999999,0.0,0.0,10009.430584957905,0.0,0.0
2:10-2:20,0.4293,584.2049166666666,0.0,584.2049166666666,0.0,0.0,10009.430584957905,0.0,0.0
2:20-2:30,0.4324,585.4397833333333,0.0,585.4397833333333,0.0,0.0,10009.430584957905,0.0,0.0
2:30-2:40,0.4367,586.1447499999999,0.0,586.1447499999999,0.0,0.0,10009.430584957905,0.0,0.0
2:40-2:50,0.4348,586.3207666666666,0.0,586.3207666666666,0.0,0.0,10009.430584957905,0.0,0.0
2:50-3:00,0.4335,586.4253,0.0,586.4253,0.0,0.0,10009.430584957905,0.0,0.0
3:00-3:10,0.4357,586.8496,0.0,586.8496,0.0,0.0,10009.430584957905,0.0,0.0
3:10-3:20,0.4374,587.8210166666667,0.0,587.8210166666667,0.0,0.0,10009.430584957905,0.0,0.0
3:20-3:30,0.4371,589.5475666666666,0.0,589.5475666666666,0.0,0.0,10009.430584957905,0.0,0.0
3:30-3:40,0.4356,590.8134666666666,0.0,590.8134666666666,0.0,0.0,10009.430584957905,0.0,0.0
3:40-3:50,0.4353,590.2131166666666,0.0,590.2131166666666,0.0,0.0,10009.430584957905,0.0,0.0
3:50-4:00,0.436,591.0662666666666,0.0,591.0662666666666,0.0,0.0,10009.430584957905,0.0,0.0
4:00-4:10,0.4378,593.3678333333332,0.0,593.3678333333332,0.0,0.0,10009.430584957905,0.0,0.0
4:10-4:20,0.4401,593.6596833333333,0.0,593.6596833333333,0.0,0.0,10009.430584957905,0.0,0.0
4:20-4:30,0.4389,592.7863833333333,0.0,592.7863833333333,0.0,0.0,10009.430584957905,0.0,0.0
4:30-4:40,0.4364,593.3378666666666,0.0,593.3378666666666,0.0,0.0,10009.430584957905,0.0,0.0
4:40-4:50,0.4393,596.7756666666667,0.0999,596.6757666666666,0.0,0.0,10009.430584957905,0.0,0.0
4:50-5:00,0.4422,597.8193333333334,0.03908333333333333,597.78025,0.0,0.0,10009.430584957905,0.0,0.0
5:00-5:10,0.4395,595.2105833333333,0.048083333333333325,595.1624999999999,0.0,0.0,10009.430584957905,0.0,0.0
5:10-5:20,0.4333,593.7195166666667,3.1130166666666668,590.6065,0.0,0.0,10009.430584957905,0.0,0.0
5:20-5:30,0.4439,598.5634833333334,9.078299999999999,589.4851833333333,0.0,0.0,10009.430584957905,0.0,0.0
5:30-5:40,0.4301,596.6174166666666,18.161966666666665,578.4554499999999,0.0,0.0,10009.430584957905,0.0,0.0
5:40-5:50,0.3713,581.0198333333333,30.693383333333333,1383.659783333333,833.3333333333333,0.0,10800.0,0.0,-2.2737367544323206e-13
5:50-6:00,0.5708,637.3165666666666,46.17636666666667,1.893918988571386e-05,0.0,591.14018106081,10176.883537134503,0.0,0.0
6:00-6:10,0.9099,733.0121166666665,64.75823333333332,0.0,0.0,668.2538833333332,9472.482094939247,0.0,0.0
6:10-6:20,0.9368,742.3353833333333,86.88005,0.0,0.0,655.4553333333333,8781.571508993175,0.0,0.0
6:20-6:30,0.8758,728.6319833333333,112.12795,0.0,0.0,616.5040333333334,8131.719198321941,0.0,1.1368683772161603e-13
6:30-6:40,0.8759,732.1588333333334,140.70434999999998,0.0,0.0,591.4544833333334,7508.2714317714635,0.0,0.0
6:40-6:50,0.8601,730.7659333333332,173.27906666666667,0.0,0.0,557.4868666666666,6920.628677005708,0.0,1.1368683772161603e-13
6:50-7:00,0.8442,739.1292833333333,209.88958333333335,0.0,0.0,529.2397,6362.761050277636,0.0,0.0
7:00-7:10,0.8334,753.90935,251.43863333333334,0.0,0.0,502.4707166666667,5833.110409543037,0.0,0.0
7:10-7:20,0.8092,754.0120166666667,298.56845,0.0,0.0,455.4435666666667,5353.030737430568,0.0,0.0
7:20-7:30,0.7972,757.6477833333333,347.5810833333333,0.0,0.0,410.0667,4920.782482567578,0.0,0.0
7:30-7:40,0.7644,753.8736333333333,396.87685,0.0,0.0,356.99678333333327,4544.474831671921,0.0,0.0
7:40-7:50,0.6899,730.5594333333333,447.1958666666667,0.0,0.0,283.36356666666666,4245.783406146709,0.0,0.0
7:50-8:00,0.86,818.4099833333332,497.72586666666666,0.0,0.0,320.68411666666657,3907.7526667780994,0.0,0.0
8:00-8:10,1.1617,966.6221166666666,548.2006666666666,0.0,0.0,418.42144999999994,3466.697732154679,0.0,0.0
8:10-8:20,1.1683,980.8043333333333,598.89355,0.0,0.0,381.91078333333326,3064.1284193838774,0.0,0.0
8:20-8:30,1.0956,958.0118833333332,648.4555333333333,0.0,0.0,309.55634999999995,2737.827375994456,0.0,0.0
8:30-8:40,1.0849,961.5096833333333,696.8902833333333,0.0,0.0,264.61940000000004,2458.894036972069,0.0,0.0
8:40-8:50,1.061,959.0350833333333,745.2942833333333,0.0,0.0,213.74080000000004,2233.5914513365633,0.0,0.0
8:50-9:00,1.043,970.6967833333333,792.1378666666666,0.0,0.0,178.55891666666673,2045.3738269369408,0.0,0.0
9:00-9:10,1.036,992.3766833333334,836.9845666666666,0.0,0.0,155.39211666666677,1881.5761539031812,0.0,0.0
9:10-9:20,1.0147,993.1616,880.9020999999999,0.0,0.0,112.25950000000012,1763.244250905957,0.0,0.0
9:20-9:30,0.9922,988.2592333333333,923.8623666666667,0.0,0.0,64.3968666666666,1695.3639932910098,0.0,0.0
9:30-9:40,0.97,987.2971333333332,964.7348833333333,0.0,0.0,22.56224999999995,1671.5812935782985,0.0,0.0
9:40-9:50,0.9422,984.5976666666667,1002.0217333333333,0.0,17.42406666666659,0.0,1688.1112146090838,0.0,0.0
9:50-10:00,0.9569,983.1877,1036.0254666666665,0.0,52.83776666666654,0.0,1738.2375213520406,0.0,0.0
10:00-10:10,0.9977,983.7032666666667,1068.2656833333333,0.0,84.56241666666665,0.0,1818.4604736864958,0.0,0.0
10:10-10:20,0.9919,982.9132166666666,1099.8968,0.0,116.9835833333334,0.0,1929.4408453409296,0.0,0.0
10:20-10:30,0.9588,981.1261333333333,1127.7867333333334,0.0,146.66060000000004,0.0,2068.575307042997,0.0,0.0
10:30-10:40,0.9549,978.9118,1152.43205,0.0,173.52024999999992,0.0,2233.1910700915464,0.0,0.0
10:40-10:50,0.9839,976.3384666666667,1177.36755,0.0,201.02908333333323,0.0,2423.9040038722846,0.0,0.0
10:50-11:00,0.799,974.1658,1199.5719166666665,0.0,225.40611666666655,0.0,2637.7430220323768,0.0,0.0
11:00-11:10,0.5025,973.1764499999999,1217.1857,0.0,244.00925000000007,0.0,2869.230522077209,0.0,0.0
11:10-11:20,0.4662,973.1183833333332,1231.2808,415.1176493268283,673.2800659934951,0.0,3507.9600755955857,0.0,0.0
11:20-11:30,0.5007,970.5729666666666,1243.2044999999998,0.0,272.6315333333332,0.0,3766.601057790821,0.0,0.0
11:30-11:40,0.4827,969.1322,1253.4531833333333,0.0,284.3209833333333,0.0,4036.3316259644525,0.0,0.0
11:40-11:50,0.4785,972.06585,1261.3673166666667,0.0,289.3014666666668,0.0,4310.787095492637,0.0,0.0
11:50-12:00,0.4662,952.1501666666666,1265.3589833333333,520.1245166666665,833.3333333333333,0.0,5101.356510534732,0.0,0.0
12:00-12:10,0.4432,919.9101166666666,1266.84055,486.40289999999993,833.3333333333333,0.0,5891.925925576827,0.0,1.1368683772161603e-13
12:10-12:20,0.4411,915.7984499999999,1268.7193333333332,480.4124499999999,833.3333333333333,0.0,6682.495340618922,0.0,1.1368683772161603e-13
12:20-12:30,0.4551,919.0754,1267.1087333333332,485.29999999999995,833.3333333333333,0.0,7473.0647556610165,0.0,0.0
12:30-12:40,0.4463,914.3048333333332,1259.0312,488.6069666666666,833.3333333333333,0.0,8263.634170703112,0.0,1.1368683772161603e-13
12:40-12:50,0.4113,910.3937999999999,1245.4564,498.27073333333317,833.3333333333333,0.0,9054.203585745207,0.0,1.1368683772161603e-13
12:50-13:00,0.5682,927.6844333333333,1232.2361999999998,0.0,304.5517666666665,0.0,9343.12676017365,0.0,0.0
13:00-13:10,0.8279,954.2924666666665,1218.79965,0.0,264.5071833333334,0.0,9594.060307216369,0.0,0.0
13:10-13:20,0.8636,956.5826166666667,1199.0901666666666,0.0,242.50754999999992,0.0,9824.123169552518,0.0,0.0
13:20-13:30,0.8416,952.4472666666667,1175.5228499999998,0.0,223.07558333333316,0.0,10035.751249663726,0.0,0.0
13:30-13:40,0.8618,952.9750833333333,1151.7343999999998,0.0,198.75931666666656,0.0,10224.310893717326,0.0,0.0
13:40-13:50,0.8623,951.3747666666666,1128.7345833333334,0.0,177.3598166666668,0.0,10392.569189534293,0.0,0.0
13:50-14:00,0.9026,949.4863666666666,1101.2266666666665,0.0,151.74029999999982,0.0,10536.522677785468,0.0,0.0
14:00-14:10,0.9754,948.7163833333334,1068.7514166666665,0.0,120.0350333333331,0.0,10650.397909089737,0.0,0.0
14:10-14:20,1.0002,947.8548499999999,1035.6693,0.0,87.81445000000008,0.0,10733.70601113223,0.0,0.0
14:20-14:30,0.9978,946.4936666666667,1000.1185333333333,0.0,53.62486666666655,0.0,10784.579026499083,0.0,0.0
14:30-14:40,1.0271,944.9084666666665,961.1636,0.0,16.255133333333447,0.0,10800.0,0.0,0.0
14:40-14:50,1.0906,944.0324666666667,920.2511,0.0,0.0,23.781366666666713,10774.932238487243,0.0,0.0
14:50-15:00,0.9376,945.4501833333334,878.1301666666666,0.0,0.0,67.32001666666679,10703.970710224856,0.0,0.0
15:00-15:10,0.6694,947.0423999999999,834.9525333333332,112.0898666666667,0.0,0.0,10703.970710224856,0.0,0.0
15:10-15:20,0.66,944.8365833333334,790.5747333333334,255.4856092592581,101.2237592592581,0.0,10800.0,0.0,4.263256414560601e-14
15:20-15:30,0.7217,942.7275166666666,745.204,197.52351666666664,0.0,0.0,10800.0,0.0,0.0
15:30-15:40,0.7308,942.8477833333333,698.03375,244.8140333333332,0.0,0.0,10800.0,0.0,0.0
15:40-15:50,0.7534,943.7668,648.2321833333333,295.5346166666667,0.0,0.0,10800.0,0.0,0.0
15:50-16:00,0.7823,944.8766,599.0990999999999,345.77750000000015,0.0,0.0,10800.0,0.0,0.0
16:00-16:10,0.8055,945.57945,550.6479666666667,394.9314833333333,0.0,0.0,10800.0,0.0,0.0
16:10-16:20,0.8271,945.1691000000001,499.73744999999997,445.4316500000001,0.0,0.0,10800.0,0.0,0.0
16:20-16:30,0.8519,943.5987666666666,447.90218333333337,495.69658333333325,0.0,0.0,10800.0,0.0,0.0
16:30-16:40,0.8791,944.3153666666667,397.1963166666667,547.11905,0.0,0.0,10800.0,0.0,0.0
16:40-16:50,0.9024,948.1728666666666,348.18743333333333,599.9854333333333,0.0,0.0,10800.0,0.0,0.0
16:50-17:00,0.9163,933.9435666666666,298.5138166666667,635.4297499999999,0.0,0.0,10800.0,0.0,0.0
17:00-17:10,0.9264,911.1187333333334,250.28805,660.8306833333334,0.0,0.0,10800.0,0.0,0.0
17:10-17:20,0.9462,911.2323166666666,209.19538333333333,702.0369333333333,0.0,0.0,10800.0,0.0,0.0
17:20-17:30,0.9742,910.7878333333333,172.72205,738.0657833333333,0.0,0.0,10800.0,0.0,0.0
17:30-17:40,0.9862,915.4076333333334,139.46291666666667,775.9447166666666,0.0,0.0,10800.0,0.0,-1.1368683772161603e-13
17:40-17:50,0.976,936.9551333333334,110.87188333333333,826.08325,0.0,0.0,10800.0,0.0,0.0
17:50-18:00,1.0742,848.5354333333332,86.11263333333332,762.4227999999999,0.0,0.0,10800.0,0.0,0.0
18:00-18:10,1.2313,701.4281333333333,64.44551666666666,636.9826166666667,0.0,0.0,10800.0,0.0,0.0
18:10-18:20,1.2561,687.1268499999999,45.96554999999999,64.53438871506815,0.0,576.6269112849317,10192.181866730589,0.0,0.0
18:20-18:30,1.2447,709.3226333333333,30.492099999999997,678.8305333333333,0.0,0.0,10192.181866730589,0.0,0.0
18:30-18:40,1.2545,704.3254,18.0569,686.2684999999999,0.0,0.0,10192.181866730589,0.0,0.0
18:40-18:50,1.2522,705.5563999999999,9.052016666666667,696.5043833333333,0.0,0.0,10192.181866730589,0.0,0.0
18:50-19:00,1.2881,707.7437499999999,3.1094833333333334,0.0,0.0,704.6342666666666,9449.432133374212,0.0,0.0
19:00-19:10,1.3466,706.5299166666666,0.04588333333333333,0.0,0.0,706.4840333333333,8704.732574748994,0.0,0.0
19:10-19:20,1.3523,707.4447333333333,0.038266666666666664,0.0,0.0,707.4064666666666,7959.060686016112,0.0,0.0
19:20-19:30,1.3445,708.6531166666666,0.10011666666666666,0.0,0.0,708.553,7212.18024503435,0.0,0.0
19:30-19:40,1.3483,709.4468833333333,0.0,0.0,0.0,709.4468833333333,6464.3575682873225,0.0,0.0
19:40-19:50,1.349,711.23245,0.0,0.0,0.0,711.23245,5714.6527390133815,0.0,0.0
19:50-20:00,1.3473,711.6625,0.0,0.0,0.0,711.6625,4964.494597236855,0.0,0.0
20:00-20:10,1.3482,711.4450333333332,0.0,0.0,0.0,711.4450333333332,4214.565685454272,0.0,0.0
20:10-20:20,1.3513,713.7040833333333,0.0,0.0,0.0,713.7040833333333,3462.255525888955,0.0,0.0
20:20-20:30,1.34,715.28415,0.0,0.0,0.0,715.28415,2708.2798298164457,0.0,0.0
20:30-20:40,1.3489,715.22685,0.0,0.0,0.0,715.22685,1954.3645332472456,0.0,0.0
20:40-20:50,1.3952,715.6530333333333,0.0,0.0,0.0,715.6530333333333,1200.0,0.0,0.0
20:50-21:00,1.2226,715.8689166666666,0.0,715.8689166666666,0.0,0.0,1200.0,0.0,0.0
21:00-21:10,0.9332,717.0051166666667,0.0,717.0051166666667,0.0,0.0,1200.0,0.0,0.0
21:10-21:20,0.9068,720.1603,0.0,720.1603,0.0,0.0,1200.0,0.0,0.0
21:20-21:30,0.9371,717.0548666666666,0.0,717.0548666666666,0.0,0.0,1200.0,0.0,0.0
21:30-21:40,0.9371,720.4459666666667,0.0,720.4459666666667,0.0,0.0,1200.0,0.0,0.0
21:40-21:50,0.9871,738.1347166666666,0.0,738.1347166666666,0.0,0.0,1200.0,0.0,0.0
21:50-22:00,0.7764,671.6935666666666,0.0,671.6935666666666,0.0,0.0,1200.0,0.0,0.0
22:00-22:10,0.4209,560.4569833333333,0.0,1393.7903166666665,833.3333333333333,0.0,1990.5694150420948,0.0,0.0
22:10-22:20,0.3859,551.5655666666667,0.0,1384.8989,833.3333333333333,0.0,2781.1388300841895,0.0,0.0
22:20-22:30,0.4368,568.8260499999999,0.0,568.8260499999999,0.0,0.0,2781.1388300841895,0.0,0.0
22:30-22:40,0.4198,563.6552166666667,0.0,1396.98855,833.3333333333333,0.0,3571.708245126284,0.0,1.1368683772161603e-13
22:40-22:50,0.4186,564.4265333333333,0.0,1397.7598666666665,833.3333333333333,0.0,4362.277660168379,0.0,0.0
22:50-23:00,0.4241,566.7474333333332,0.0,566.7474333333332,0.0,0.0,4362.277660168379,0.0,0.0
23:00-23:10,0.4237,566.5404333333333,0.0,1399.8737666666666,833.3333333333333,0.0,5152.847075210474,0.0,0.0
23:10-23:20,0.4248,567.83015,0.0,567.83015,0.0,0.0,5152.847075210474,0.0,0.0
23:20-23:30,0.424,569.3586333333333,0.0,569.3586333333333,0.0,0.0,5152.847075210474,0.0,0.0
23:30-23:40,0.422,570.3301833333333,0.0,1403.6635166666665,833.3333333333333,0.0,5943.416490252569,0.0,0.0
23:40-23:50,0.424,571.6153833333333,0.0,631.2596396027402,59.64425626940691,0.0,6000.0,0.0,1.4210854715202004e-14
23:50-0:00+1,0.4271,573.1768333333333,0.0,573.1768333333333,0.0,0.0,6000.0,0.0,0.0
0:00+1-0:10+1,0.4276,574.1209833333332,0.0,574.1209833333332,0.0,0.0,6000.0,0.0,0.0
