date,forecast_mode,risk_alpha,scenario_k,soc_start_kwh,soc_end_kwh,planned_cost_yuan,emergency_cost_yuan,total_cost_yuan,unused_plan_kwh,emergency_kwh,used_full_day_actual_lp,future_actuals_in_optimizer,pass,fallback_reason,include_value_cuts
2025-01-01,m1,,1,6000.0,8110.865510770157,34886.96347102393,137976.12297302607,172863.08644405002,21.217301405490957,36788.27004909357,False,False,True,insufficient_prior_14_day_window,True
2025-01-02,m1,,1,8110.865510770157,8184.982041348206,47751.79237527367,63866.02711623075,111617.81949150442,12.605434973089928,16986.409284875077,False,False,True,insufficient_prior_14_day_window,True
2025-01-03,m1,,1,8184.982041348206,10799.99999976254,47923.77279968492,8398.788117604174,56322.5609172891,27777.188428028858,1879.9493416666678,False,False,True,insufficient_prior_14_day_window,True
2025-01-04,m1,,1,10799.99999976254,10690.406100691836,46531.28793756596,8113.682904044792,54644.97084161075,27013.894548772696,1854.6808665004216,False,False,True,insufficient_prior_14_day_window,True
2025-01-05,m1,,1,10690.406100691836,8188.938784028754,46369.998164879245,58679.1300009994,105049.12816587865,33.59123427033251,15868.22854780691,False,False,True,insufficient_prior_14_day_window,True
2025-01-06,m1,,1,8188.938784028754,8266.715444843918,47367.66043568115,57858.844091163475,105226.50452684463,5.425818540639625,15641.713148189048,False,False,True,insufficient_prior_14_day_window,True
2025-01-07,m1,,1,8266.715444843918,8257.620324146135,47318.41890427185,63972.75793878548,111291.17684305733,41.25373427034401,17750.546842507774,False,False,True,insufficient_prior_14_day_window,True
2025-01-08,m1,,1,8257.620324146135,8864.584074438753,59592.74936270078,8083.819459938926,67676.5688226397,3702.2191233565486,2050.840867567185,False,False,True,insufficient_prior_14_day_window,True
2025-01-09,m1,,1,8864.584074438753,8830.638754002124,59436.00480992901,9085.911144266494,68521.9159541955,2340.7830755528985,2120.730851805097,False,False,True,insufficient_prior_14_day_window,True
2025-01-10,m1,,1,8830.638754002124,8691.187953199176,24402.970756281233,18214.87554278838,42617.84629906961,2899.260325107266,4705.118667965968,False,False,True,insufficient_prior_14_day_window,True
2025-01-11,m1,,1,8691.187953199176,8427.374919647693,24637.598470455,1907.9479196891461,26545.546390144147,953.2529166548833,646.0174763289153,False,False,True,insufficient_prior_14_day_window,True
2025-01-12,m1,,1,8427.374919647693,8610.495728072641,59552.85468600936,3205.135126449406,62757.98981245877,1439.2778389403118,930.2753233108649,False,False,True,insufficient_prior_14_day_window,True
2025-01-13,m1,,1,8610.495728072641,8243.263689626625,58887.83420139324,961.3535444848319,59849.18774587807,3109.8289788476295,284.92031823418046,False,False,True,insufficient_prior_14_day_window,True
2025-01-14,m1,,1,8243.263689626625,8339.52028991945,58845.32428039272,2892.951412900019,61738.27569329274,2256.807677008783,764.5695873903136,False,False,True,insufficient_prior_14_day_window,True
2025-01-15,m3,0.6,8,8339.52028991945,8412.838544133016,58267.40593008585,6925.024763286601,65192.43069337245,1179.993278745656,1494.479997397792,False,False,True,,True
2025-01-16,m3,0.6,8,8412.838544133016,8424.907887020192,58530.69991461473,4933.430148353213,63464.13006296794,2175.8991163178125,1032.5799590834047,False,False,True,,True
2025-01-17,m3,0.6,8,8424.907887020192,8283.368343703718,24663.696197904606,4581.812793296788,29245.508991201394,2642.0916437015085,2046.9797067911445,False,False,True,,True
2025-01-18,m3,0.6,8,8283.368343703718,8448.412892620474,24851.032755159904,2008.066505368961,26859.099260528867,1092.2785530828855,737.6169230289265,False,False,True,,True
2025-01-19,m3,0.6,8,8448.412892620474,8457.069975014278,57600.85479861762,6557.233507766942,64158.08830638456,2049.360255601382,1714.5383145522626,False,False,True,,True
2025-01-20,m3,0.6,8,8457.069975014278,8527.617937127457,57662.80192134092,4285.522518093947,61948.324439434866,2085.7723802881205,1035.1548940309872,False,False,True,,True
2025-01-21,m3,0.6,8,8527.617937127457,8781.654787991598,57596.248419018455,1855.1202378562639,59451.36865687472,5985.2480319611905,461.6684505277019,False,False,True,,True
2025-01-22,m3,0.6,8,8781.654787991598,8272.864128705316,56728.12840953716,5770.042903787553,62498.17131332471,735.0182187302761,1694.1339720362112,False,False,True,,True
2025-01-23,m3,0.6,8,8272.864128705316,8525.47126410833,57114.79792136476,8200.520439018743,65315.318360383506,934.2670270880898,2470.474756112718,False,False,True,,True
2025-01-24,m3,0.6,8,8525.47126410833,8474.035939238696,23747.52232300814,655.4337197534087,24402.956042761547,1764.4627791900318,303.29942538712567,False,False,True,,True
2025-01-25,m3,0.6,8,8474.035939238696,8597.922670042324,23718.813436379234,342.8984121851526,24061.711848564388,2147.178578083414,159.57392018664308,False,False,True,,True
2025-01-26,m3,0.6,8,8597.922670042324,8521.634411743606,55949.285059286034,7319.849164024426,63269.13422331046,1187.4677965605683,2208.540238995577,False,False,True,,True
2025-01-27,m3,0.6,8,8521.634411743606,8431.472615913195,56212.52777162143,2038.018656104346,58250.54642772578,3582.129263964175,491.22498647530057,False,False,True,,True
2025-01-28,m3,0.6,8,8431.472615913195,8481.693036727213,55549.071672127524,6512.44352002176,62061.51519214929,939.1895340578435,1771.9467344629834,False,False,True,,True
2025-01-29,m3,0.6,8,8481.693036727213,8830.295414670176,55892.98210138262,611.6704088997865,56504.65251028241,5498.372339613904,192.33031116378135,False,False,True,,True
2025-01-30,m3,0.6,8,8830.295414670176,8370.195324251777,54742.48313327863,4790.685161267427,59533.168294546056,2905.448647133627,1002.0377910751431,False,False,True,,True
2025-01-31,m3,0.6,8,8370.195324251777,8390.680830206398,21437.93457156641,3191.6852684159976,24629.619839982406,1479.4244404788938,1247.7361979203201,False,False,True,,True
2025-02-01,m3,0.6,8,8390.680830206398,8965.095890984883,21560.421667831295,175.30268500144302,21735.724352832738,2868.97841688846,47.08741355253934,False,False,True,,True
2025-02-02,m3,0.6,8,8965.095890984883,8939.304252441529,54108.80052299257,158.58784058550657,54267.38836357807,6184.946722294615,74.16123629752673,False,False,True,,True
2025-02-03,m3,0.6,8,8939.304252441529,8801.66560480819,53602.55552078277,528.3402903430554,54130.895811125825,3837.3496985477336,228.25251388826186,False,False,True,,True
2025-02-04,m3,0.6,8,8801.66560480819,8901.21530059959,53591.78450209859,3952.6448128859047,57544.429314984496,3492.797434188717,1083.6959442950952,False,False,True,,True
2025-02-05,m3,0.6,8,8901.21530059959,8904.56305959917,53775.38839474496,877.9320661776933,54653.32046092265,3469.3235171244187,255.94602912059366,False,False,True,,True
2025-02-06,m3,0.6,8,8904.56305959917,8859.032847023713,54049.15140571898,190.4291658826197,54239.5805716016,4076.344592564808,34.55969238095247,False,False,True,,True
2025-02-07,m3,0.6,8,8859.032847023713,8556.328890495817,20639.3949311249,0.0,20639.3949311249,3416.748490873243,0.0,False,False,True,,True
2025-02-08,m3,0.6,8,8556.328890495817,8842.780703935668,19996.559724220293,2183.981481879004,22180.541206099297,2381.360659368066,707.3958056807073,False,False,True,,True
2025-02-09,m3,0.6,8,8842.780703935668,8683.743380169746,51953.02332980567,4975.977927115499,56929.00125692117,3515.3261572996366,1631.7675414398923,False,False,True,,True
2025-02-10,m3,0.6,8,8683.743380169746,8671.544525932648,52265.571057492816,1802.642357008128,54068.21341450095,8193.230666318603,620.804115718367,False,False,True,,True
2025-02-11,m3,0.6,8,8671.544525932648,8546.976944911179,51109.64764503003,2690.731280267713,53800.378925297744,6124.60311720489,894.7368853453046,False,False,True,,True
2025-02-12,m3,0.7,8,8546.976944911179,8644.73104015955,50743.795919754506,5782.9870386262955,56526.782958380805,6318.636107656394,1820.9279590411338,False,False,True,,True
2025-02-13,m3,0.7,8,8644.73104015955,7900.871709525909,50128.87718064849,18.522172196322295,50147.39935284481,7598.723129875805,4.646806873136551,False,False,True,,True
2025-02-14,m3,0.7,8,7900.871709525909,7332.9667701454355,19417.37685567788,1959.5078153464628,21376.884671024345,2316.3161428579897,709.3229382727374,False,False,True,,True
2025-02-15,m3,0.7,8,7332.9667701454355,8378.85932685367,19064.63030979637,3785.284560004504,22849.914869800872,1624.8811866369274,1002.4253692757825,False,False,True,,True
2025-02-16,m3,0.7,8,8378.85932685367,8471.53330868119,48107.28731019804,9485.541838852516,57592.82914905055,3332.412792744827,2509.4872561175926,False,False,True,,True
2025-02-17,m3,0.7,8,8471.53330868119,8470.544098035456,48177.54093059305,3212.826090750408,51390.36702134346,5967.412184960344,890.4628595255649,False,False,True,,True
2025-02-18,m3,0.7,8,8470.544098035456,8562.736470924017,47480.396536459564,8609.072697028205,56089.46923348777,5732.469832827202,2459.252440015245,False,False,True,,True
2025-02-19,m3,0.7,8,8562.736470924017,8278.531034379039,47082.9362886333,9565.698390058526,56648.63467869182,4805.391465894239,2714.390616765132,False,False,True,,True
2025-02-20,m3,0.7,8,8278.531034379039,6996.322435829966,46441.52435401174,3541.7350127938703,49983.25936680561,4687.685451037,1032.2753878632877,False,False,True,,True
2025-02-21,m3,0.7,8,6996.322435829966,6529.8949548952405,17738.993124612036,1040.100235131654,18779.09335974369,1386.6820771243752,250.4127293744287,False,False,True,,True
2025-02-22,m3,0.7,8,6529.8949548952405,8324.236440442874,18411.64754066411,6540.567874202377,24952.21541486649,924.5403952740307,1839.920905567269,False,False,True,,True
2025-02-23,m3,0.7,8,8324.236440442874,8358.10411425153,45764.028643807935,6609.20728762498,52373.235931432915,3397.6365083351775,2059.7155961246617,False,False,True,,True
2025-02-24,m3,0.7,8,8358.10411425153,8462.168535330364,45516.82439095556,4215.677494229445,49732.501885185,4969.3963472804435,1073.7262114936752,False,False,True,,True
2025-02-25,m3,0.7,8,8462.168535330364,8327.975529131912,44989.86827946511,1093.4923583021632,46083.36063776728,5270.909630229315,254.39693726140354,False,False,True,,True
2025-02-26,m3,0.6,8,8327.975529131912,8468.95665210532,44178.56447641376,8258.416799311402,52436.981275725164,4277.797371020468,2483.4019223792434,False,False,True,,True
2025-02-27,m3,0.6,8,8468.95665210532,6433.893753254607,42724.59630869338,9479.618214830823,52204.2145235242,4648.598699153621,2342.7947474632115,False,False,True,,True
2025-02-28,m3,0.6,8,6433.893753254607,6084.189354945582,16563.74185857534,4304.946378074628,20868.68823664997,852.8758666642665,1240.8979489440085,False,False,True,,True
2025-03-01,m3,0.6,8,6084.189354945582,8435.632119623013,17573.710430444622,3276.4928965117197,20850.20332695634,1791.1160307160603,811.3135800718771,False,False,True,,True
2025-03-02,m3,0.6,8,8435.632119623013,8381.089373556812,43396.12502875781,23006.667294067058,66402.79232282487,4023.888056105501,6908.194424406269,False,False,True,,True
2025-03-03,m3,0.6,8,8381.089373556812,8488.17294624916,44288.78748878632,14616.12919191162,58904.91668069794,2983.1033935874475,4059.3018131277304,False,False,True,,True
2025-03-04,m3,0.6,8,8488.17294624916,8263.292477342156,45312.287575929164,5208.313487582487,50520.601063511655,4802.911170660001,1623.120020409901,False,False,True,,True
2025-03-05,m3,0.6,8,8263.292477342156,8423.49492754476,45760.131981339204,3749.458491903494,49509.5904732427,7702.761364841245,1206.5369964797387,False,False,True,,True
2025-03-06,m3,0.6,8,8423.49492754476,6059.706936769366,44043.40948624653,4634.672735100382,48678.08222134691,7044.050830393155,1324.909487335518,False,False,True,,True
2025-03-07,m3,0.6,8,6059.706936769366,5554.492350327989,16040.85553624242,3384.243593272353,19425.099129514772,1804.4780565035358,959.6296752820163,False,False,True,,True
2025-03-08,m3,0.6,8,5554.492350327989,8464.968009085924,17254.591611320953,420.16283011895035,17674.754441439905,1423.0923639898083,141.96316996340437,False,False,True,,True
2025-03-09,m3,0.6,8,8464.968009085924,8406.709876821895,42862.1482605333,1345.801828549157,44207.95008908246,5068.1228059824025,381.83059603753986,False,False,True,,True
2025-03-10,m3,0.6,8,8406.709876821895,8409.777602745902,41982.646187365564,8842.575418053028,50825.22160541859,2251.4800081942903,2675.106300172592,False,False,True,,True
2025-03-11,m3,0.6,8,8409.777602745902,8454.467631387566,42190.26367913097,4204.40868187129,46394.67236100226,4929.196320822489,1181.0425589447502,False,False,True,,True
2025-03-12,m3,0.6,8,8454.467631387566,8334.063167914866,41898.25586224711,2732.919208367729,44631.17507061484,4823.6994120569625,647.0686385210124,False,False,True,,True
2025-03-13,m3,0.6,8,8334.063167914866,5027.422237295076,39645.22647907732,13046.071958970213,52691.29843804753,2445.0965391920618,3418.485207684807,False,False,True,,True
2025-03-14,m3,0.6,8,5027.422237295076,4734.778817671023,15115.153917953383,3035.243607401175,18150.397525354558,1275.7183777547036,866.0046858092576,False,False,True,,True
2025-03-15,m3,0.6,8,4734.778817671023,8228.599948688308,16765.169905872946,3542.0443685053283,20307.214274378275,1068.64615547839,1004.0199357345757,False,False,True,,True
2025-03-16,m3,0.6,8,8228.599948688308,8537.782695131082,40547.58850217001,10356.093372607047,50903.68187477706,4477.4848706932735,2995.0787546440606,False,False,True,,True
2025-03-17,m3,0.6,8,8537.782695131082,8567.708610783237,40113.83723068709,1152.1470617628956,41265.98429244998,5943.012561854193,367.5452100760677,False,False,True,,True
2025-03-18,m3,0.6,8,8567.708610783237,8407.215750253343,38983.00893357991,7468.639951153717,46451.64888473363,3318.6971952045105,1649.128686139884,False,False,True,,True
2025-03-19,m3,0.6,8,8407.215750253343,8608.549672985304,39073.50022512968,4798.631707770548,43872.13193290023,3620.6306969348807,1128.951948967875,False,False,True,,True
2025-03-20,m3,0.6,8,8608.549672985304,4525.113688324153,36786.52598260546,8588.611219202,45375.13720180746,2334.4624337225246,2459.942031706236,False,False,True,,True
2025-03-21,m3,0.6,8,4525.113688324153,4137.712271496436,14400.293571190417,1319.3315440368294,15719.625115227247,961.8678839096194,314.5917585563328,False,False,True,,True
2025-03-22,m3,0.6,8,4137.712271496436,8631.625531814594,16624.452644964425,5701.705196610246,22326.15784157467,984.8944793265129,1707.6927117137354,False,False,True,,True
2025-03-23,m3,0.6,8,8631.625531814594,8429.401004679019,37450.09444012417,6487.540336598056,43937.634776722225,2891.889640883017,2030.0916677224568,False,False,True,,True
2025-03-24,m3,0.6,8,8429.401004679019,8506.267120342904,37156.01222033799,6785.209549403071,43941.22176974106,2906.576780063327,2044.22294918134,False,False,True,,True
2025-03-25,m3,0.6,8,8506.267120342904,8323.32376582091,36676.62731315371,11279.651064008249,47956.27837716196,1796.2213667238652,3245.2766912451852,False,False,True,,True
2025-03-26,m3,0.6,8,8323.32376582091,8360.72795593879,36975.92821610444,3156.6574336182343,40132.58564972267,3623.3939852730546,1081.6300786788017,False,False,True,,True
2025-03-27,m3,0.6,8,8360.72795593879,3989.277371255974,34519.510076916136,9889.773819384523,44409.28389630066,2782.3930804647666,2890.0971731488135,False,False,True,,True
2025-03-28,m3,0.6,8,3989.277371255974,3861.0721965319167,14035.835253243833,1861.088718179305,15896.923971423137,1165.1978330952168,481.34023160214224,False,False,True,,True
2025-03-29,m3,0.6,8,3861.0721965319167,8442.93955126968,16088.388806876528,1773.3512099171119,17861.74001679364,812.7145577066256,423.25823232596304,False,False,True,,True
2025-03-30,m3,0.6,8,8442.93955126968,8486.90960259257,35051.612259188965,8144.957901619568,43196.57016080854,2736.33027486089,2347.279803050975,False,False,True,,True
2025-03-31,m3,0.6,8,8486.90960259257,8605.011947276993,34568.89970278177,14612.165027497926,49181.06473027969,1813.1889446807354,4643.806120521777,False,False,True,,True
2025-04-01,m3,0.6,8,8605.011947276993,8426.69289064091,34603.43230207315,16641.806294884373,51245.238596957526,1667.1694295381076,6022.423370925877,False,False,True,,True
2025-04-02,m3,0.6,8,8426.69289064091,8385.802672296895,35029.37946901642,21409.520153628153,56438.899622644574,2553.477337309886,5852.2283556427365,False,False,True,,True
2025-04-03,m3,0.6,8,8385.802672296895,3496.7466317045246,33369.39059443452,11399.302565153183,44768.693159587696,3439.4635680110214,3101.7449848204965,False,False,True,,True
2025-04-04,m3,0.6,8,3496.7466317045246,3620.035042957202,13358.281108658823,1137.1837499485923,14495.464858607414,621.8461142177138,285.92660264012,False,False,True,,True
2025-04-05,m3,0.6,8,3620.035042957202,8353.988936913704,15529.68153443465,8060.402299446664,23590.083833881316,389.62404209494525,2257.7180891334347,False,False,True,,True
2025-04-06,m3,0.6,8,8353.988936913704,8445.02271548298,34813.5796442091,5300.395206344865,40113.97485055397,2432.543512339867,1682.3728199966233,False,False,True,,True
2025-04-07,m3,0.6,8,8445.02271548298,8375.777685907451,34214.28328629354,7504.832575864588,41719.11586215813,2408.4035023903675,2717.028027659252,False,False,True,,True
2025-04-08,m3,0.6,8,8375.777685907451,8285.994700924843,34135.67399724409,7881.949494489633,42017.62349173373,2438.1232836546783,1883.3685751774601,False,False,True,,True
2025-04-09,m2,0.6,8,8285.994700924843,8459.132992997467,34010.77871854141,18072.59078895636,52083.36950749777,1392.5235279614285,5854.38403325549,False,False,True,,True
2025-04-10,m2,0.6,8,8459.132992997467,3481.4631575544645,31862.70603697407,7056.137513177166,38918.843550151236,2322.912739167326,1955.2831022890737,False,False,True,,True
2025-04-11,m2,0.6,8,3481.4631575544645,3131.9032287331124,13060.259425947093,651.8071386996471,13712.06656464674,746.4941498638323,163.0184733173762,False,False,True,,True
2025-04-12,m2,0.6,8,3131.9032287331124,8506.800228068763,15840.384087551794,3038.4493142446363,18878.83340179643,1027.958941687393,906.6272584539731,False,False,True,,True
2025-04-13,m2,0.6,8,8506.800228068763,8478.042879491744,33856.983284516886,5207.259251624117,39064.242536141,2174.371834478963,1546.7268232443348,False,False,True,,True
2025-04-14,m2,0.6,8,8478.042879491744,8449.850947851048,33408.75737161965,4959.460677611078,38368.21804923072,2718.2197077698515,1581.2839264850904,False,False,True,,True
2025-04-15,m2,0.6,8,8449.850947851048,8484.92866007708,33435.81029837063,6407.621926863579,39843.4322252342,2812.5679163141767,1884.97891722866,False,False,True,,True
2025-04-16,m2,0.6,8,8484.92866007708,8332.931946546863,33300.4520727255,9903.16938504596,43203.621457771456,2021.864231955964,3490.7922368107656,False,False,True,,True
2025-04-17,m2,0.6,8,8332.931946546863,3208.809472641119,30788.40018718988,6035.84028542548,36824.24047261536,2105.5780932691846,1629.9853201168448,False,False,True,,True
2025-04-18,m2,0.6,8,3208.809472641119,3141.770273287513,12752.820797978226,1720.2885199081759,14473.109317886401,676.6332469886704,497.1688319174581,False,False,True,,True
2025-04-19,m2,0.6,8,3141.770273287513,8491.52762237424,15177.772880644272,340.8925479726317,15518.665428616903,997.7766478259657,94.28655852016283,False,False,True,,True
2025-04-20,m2,0.6,8,8491.52762237424,8646.986196672406,32683.35171654165,5032.321710327284,37715.67342686893,1974.5682337684523,1603.4027540383606,False,False,True,,True
2025-04-21,m2,0.6,8,8646.986196672406,8323.104058635556,32303.507211637614,2423.3940997118975,34726.90131134951,2454.218943657599,832.7658124141635,False,False,True,,True
2025-04-22,m2,0.6,8,8323.104058635556,8335.004827813877,32523.343432260044,7964.809351440073,40488.15278370012,2173.003286666717,2744.301664857984,False,False,True,,True
2025-04-23,m3,0.6,8,8335.004827813877,8438.850236496755,32144.721122503823,6650.007420766281,38794.7285432701,1578.5574090827745,2438.398924053167,False,False,True,,True
2025-04-24,m3,0.6,8,8438.850236496755,2552.2415233076968,29170.288182645287,1457.7270774495562,30628.015260094842,1988.2900156629703,345.3374349904594,False,False,True,,True
2025-04-25,m3,0.6,8,2552.2415233076968,2314.026031507055,12216.617915877669,242.60361299951362,12459.221528877182,1030.315118162041,66.6262128398759,False,False,True,,True
2025-04-26,m3,0.6,8,2314.026031507055,7788.231233615029,14633.84035854831,7821.086116024309,22454.926474572618,728.6749561313989,2116.1874842934717,False,False,True,,True
2025-04-27,m3,0.6,8,7788.231233615029,7448.430508552673,29877.387634678344,11899.104244117067,41776.49187879541,649.6537121351639,2761.589843498611,False,False,True,,True
2025-04-28,m3,0.6,8,7448.430508552673,7506.831831473886,30523.236544934105,26152.4415880621,56675.67813299621,600.9601569301816,8342.347129201413,False,False,True,,True
2025-04-29,m3,0.6,8,7506.831831473886,8409.329517620386,31597.64310419739,5678.62013805678,37276.263242254165,1134.4055121327885,1519.720732828794,False,False,True,,True
2025-04-30,m3,0.6,8,8409.329517620386,7778.707488133221,30786.14092764897,6368.214711365284,37154.355639014255,2489.0708289590725,2641.1827900805492,False,False,True,,True
2025-05-01,m3,0.6,8,7778.707488133221,1325.7779702947748,28214.28264381233,18597.373271605695,46811.65591541803,902.327459915663,3537.514215604713,False,False,True,,True
2025-05-02,m3,0.6,8,1325.7779702947748,1559.4515645839128,12334.87607382335,26428.126837619726,38763.00291144308,323.2620814891424,6240.450272726255,False,False,True,,True
2025-05-03,m3,0.6,8,1559.4515645839128,7909.469018274053,15783.079685159222,15098.724729639025,30881.804414798247,689.6721546461198,3419.7183750305103,False,False,True,,True
2025-05-04,m3,0.6,8,7909.469018274053,7698.801894105709,31573.480921991,15217.922061561516,46791.402983552514,1689.9006350088341,3288.8258379832455,False,False,True,,True
2025-05-05,m3,0.6,8,7698.801894105709,7569.390261511335,31974.562427980887,21171.06027034441,53145.6226983253,1275.8625782348724,4667.981780870831,False,False,True,,True
2025-05-06,m3,0.6,8,7569.390261511335,7521.532345192696,31843.613159664386,14915.867610050685,46759.48076971507,1115.4195057094557,3276.2976464541807,False,False,True,,True
2025-05-07,m3,0.6,8,7521.532345192696,7720.610057006179,31859.656461367285,21774.662281124023,53634.318742491305,1272.6455217590424,4957.864501205753,False,False,True,,True
2025-05-08,m3,0.6,8,7720.610057006179,2022.781700754268,30361.531264681285,17499.3186594057,47860.849924086986,1239.7164367821495,5170.923777362819,False,False,True,,True
2025-05-09,m3,0.6,8,2022.781700754268,2357.6174680399295,13247.32218283833,9168.393840480257,22415.716023318586,763.1414603195308,2108.507865002052,False,False,True,,True
2025-05-10,m3,0.6,8,2357.6174680399295,7876.190580597012,15988.426328849644,12475.009662203092,28463.435991052735,758.0564340133031,3040.091130696759,False,False,True,,True
2025-05-11,m3,0.6,8,7876.190580597012,8016.9107904701195,33280.225927317864,14657.222918100426,47937.44884541829,1118.9278739894148,3778.2830194878456,False,False,True,,True
2025-05-12,m3,0.6,8,8016.9107904701195,8257.787569210992,33490.8233649491,9303.103861761192,42793.92722671029,1063.0734887698059,1807.5786168497043,False,False,True,,True
2025-05-13,m3,0.6,8,8257.787569210992,8233.374665841045,32901.84072185761,6311.22599444038,39213.06671629799,1027.7893992944544,1197.453346959352,False,False,True,,True
2025-05-14,m3,0.6,8,8233.374665841045,7977.574091185253,32937.57202258278,7789.582589183943,40727.154611766724,1253.5116623674994,1745.981403663838,False,False,True,,True
2025-05-15,m3,0.6,8,7977.574091185253,2182.3163609432427,30604.272236169643,7879.032973122234,38483.30520929188,904.3378075846595,2001.5564891225088,False,False,True,,True
2025-05-16,m3,0.6,8,2182.3163609432427,1581.3960635892304,13682.672088659872,2489.393845786262,16172.065934446135,1404.9618158881872,617.6792044113374,False,False,True,,True
2025-05-17,m3,0.6,8,1581.3960635892304,7299.520463906513,16521.132344360594,10196.664538095021,26717.796882455616,1065.711648099129,2752.325046364001,False,False,True,,True
2025-05-18,m3,0.6,8,7299.520463906513,8173.476243618202,33161.806091693754,8111.158612381114,41272.96470407487,1163.6787159784822,3042.045671194568,False,False,True,,True
2025-05-19,m3,0.6,8,8173.476243618202,8120.688962452627,32656.098421700754,4445.860797856747,37101.9592195575,2052.2352225234436,978.3075612741263,False,False,True,,True
2025-05-20,m3,0.6,8,8120.688962452627,7295.881123016519,31838.405373712783,14335.467629649716,46173.8730033625,831.1519657075651,4400.745794525053,False,False,True,,True
2025-05-21,m1,0.6,8,7295.881123016519,7538.898947904867,32241.419539684302,11409.12530808967,43650.54484777397,1039.6840194793342,2774.8378344819243,False,False,True,,True
2025-05-22,m1,0.6,8,7538.898947904867,2696.139175263545,30106.7598083525,7877.251616149972,37984.011424502474,437.8895615688485,1715.5956140765925,False,False,True,,True
2025-05-23,m1,0.6,8,2696.139175263545,1973.6494464199695,14016.444306761263,4847.4317857432015,18863.876092504463,1277.5193045672731,1279.9213597084595,False,False,True,,True
2025-05-24,m1,0.6,8,1973.6494464199695,7730.8926826575125,16438.816913294235,2369.5837213803925,18808.40063467463,1395.4185930027215,611.3886204427654,False,False,True,,True
2025-05-25,m1,0.6,8,7730.8926826575125,7208.840331196858,31877.14629157213,5117.970935787426,36995.11722735956,937.9170773223382,1077.3431178987644,False,False,True,,True
2025-05-26,m1,0.6,8,7208.840331196858,6687.200523606735,31355.235101723643,16243.208415014391,47598.443516738036,541.7217727036774,5581.705745766517,False,False,True,,True
2025-05-27,m1,0.6,8,6687.200523606735,7226.132944095618,32568.021291224723,5678.669067098408,38246.69035832313,2146.382221485528,1486.6377088480651,False,False,True,,True
2025-05-28,m1,0.6,8,7226.132944095618,7117.497499588263,31857.780825307444,13519.942507842858,45377.7233331503,859.1699776668994,4570.0925598092,False,False,True,,True
2025-05-29,m1,0.6,8,7117.497499588263,2775.5904324741446,30223.192316011806,14995.431470304073,45218.623786315875,104.06281123385597,4458.721869893548,False,False,True,,True
2025-05-30,m1,0.6,8,2775.5904324741446,2566.9111118820056,13837.599435681594,11926.158845807748,25763.75828148934,1937.9466848489462,3068.8805323415877,False,False,True,,True
2025-05-31,m1,0.6,8,2566.9111118820056,8104.584350435879,16465.425659084518,9057.567904146552,25522.99356323107,1658.4803947034854,2584.406223529222,False,False,True,,True
2025-06-01,m1,0.6,8,8104.584350435879,6866.885415114226,33273.428089260604,60195.224168408735,93468.65225766934,21.159422606450335,17706.77018282185,False,False,True,,True
2025-06-02,m1,0.6,8,6866.885415114226,6997.417375694819,34752.18593656516,49739.10581649702,84491.29175306219,14.342566647440435,13324.179151134293,False,False,True,,True
2025-06-03,m1,0.6,8,6997.417375694819,7201.570466947363,35498.99195442902,41079.4429699676,76578.43492439661,6.823505440255076,11975.707971250624,False,False,True,,True
2025-06-04,m3,0.6,8,7201.570466947363,7230.248479493221,36826.68006342252,36108.809869958415,72935.48993338094,9.36978040044778e-07,10068.839702197965,False,False,True,,True
2025-06-05,m3,0.6,8,7230.248479493221,1200.0,34522.56426845108,39761.00502108452,74283.5692895356,39.75517762366685,11341.845874305607,False,False,True,,True
2025-06-06,m3,0.6,8,1200.0,1200.0,14571.227506977488,46985.43426640618,61556.66177338366,478.9574502355714,12488.91816162564,False,False,True,,True
2025-06-07,m3,0.6,8,1200.0,7325.78025571553,18415.423508136293,32128.121433431177,50543.54494156747,457.30868438553233,8403.088233486029,False,False,True,,True
2025-06-08,m3,0.6,8,7325.78025571553,7602.77115204213,42957.24162438712,10983.008050927598,53940.24967531471,4501.606205729266,2329.982646746742,False,False,True,,True
2025-06-09,m3,0.6,8,7602.77115204213,7697.808999254793,41554.417676234545,20990.61022189258,62545.027898127126,684.9606190349826,5007.85218592372,False,False,True,,True
2025-06-10,m3,0.6,8,7697.808999254793,7624.815765749813,41750.40680807637,18576.920402973752,60327.32721105012,119.04415705187444,4796.8617507884765,False,False,True,,True
2025-06-11,m3,0.6,8,7624.815765749813,7763.962373054347,42190.58411928124,36288.8792051754,78479.46332445664,323.0526968672451,9126.682344555187,False,False,True,,True
2025-06-12,m3,0.6,8,7763.962373054347,1768.3715623057183,40171.90423763289,19606.448384387608,59778.352622020495,783.9991287294439,4936.286313248971,False,False,True,,True
2025-06-13,m3,0.6,8,1768.3715623057183,1779.9849904094244,18301.63527216872,13066.102807709278,31367.738079878,1123.5722652228849,2994.6377372720303,False,False,True,,True
2025-06-14,m3,0.6,8,1779.9849904094244,7706.750555852366,21458.127035666956,12583.915173884034,34042.042209550986,1170.7002227929534,3270.138519477664,False,False,True,,True
2025-06-15,m3,0.6,8,7706.750555852366,8306.21543861573,45093.15754155585,4194.738405756853,49287.8959473127,1331.6000334388896,912.3427683117065,False,False,True,,True
2025-06-16,m3,0.6,8,8306.21543861573,8333.825135405566,44459.60130364416,12147.116406627007,56606.717710271165,1030.0392475358472,3378.501756926292,False,False,True,,True
2025-06-17,m3,0.6,8,8333.825135405566,8036.0174804157905,44327.70256749571,17254.08155910528,61581.78412660099,394.41518810795503,4500.7500731012915,False,False,True,,True
2025-06-18,m1,0.6,8,8036.0174804157905,7939.761896997163,43990.67537579469,10587.544170927013,54578.21954672171,1570.9772096580768,2111.765354603688,False,False,True,,True
2025-06-19,m1,0.6,8,7939.761896997163,1822.0663408237363,40902.9020274988,11556.259110929754,52459.16113842855,2849.049110385941,2664.0799559622174,False,False,True,,True
2025-06-20,m1,0.6,8,1822.0663408237363,1610.9749110286016,18758.96541070242,7218.627255124364,25977.592665826785,1964.6237598941284,1819.314654476018,False,False,True,,True
2025-06-21,m1,0.6,8,1610.9749110286016,8026.258763714298,21675.144385798554,4743.038090516629,26418.18247631518,2181.053328057505,1418.1654385046,False,False,True,,True
2025-06-22,m1,0.6,8,8026.258763714298,8390.154273459,43856.54623329392,6907.85137188014,50764.39760517406,2818.229901541098,1864.386051300517,False,False,True,,True
2025-06-23,m1,0.6,8,8390.154273459,8281.497000947335,43401.97639598715,7605.082797426365,51007.059193413515,2402.9679345832546,1688.3070859580876,False,False,True,,True
2025-06-24,m1,0.6,8,8281.497000947335,8369.95619736975,42900.2897535397,33025.629293722974,75925.91904726267,399.23214409071534,9284.02284917363,False,False,True,,True
2025-06-25,m1,0.6,8,8369.95619736975,8527.695484365648,43179.54168106666,12914.446829528824,56093.98851059548,1406.7380313066183,4031.609976940469,False,False,True,,True
2025-06-26,m1,0.6,8,8527.695484365648,1714.3637007196885,40439.601860939576,8697.066055574536,49136.66791651411,3128.5900313224865,2550.4903831479896,False,False,True,,True
2025-06-27,m1,0.6,8,1714.3637007196885,1941.5009562771731,19291.71386843418,2773.9862875016324,22065.700155935814,2214.8001849435504,719.956004491838,False,False,True,,True
2025-06-28,m1,0.6,8,1941.5009562771731,8489.118516381772,22370.514141256266,4017.747207705772,26388.261348962038,1920.5796300887237,967.9254312416083,False,False,True,,True
2025-06-29,m1,0.6,8,8489.118516381772,8909.801217929898,44504.477493711034,5882.257818966558,50386.73531267759,2158.532482905951,1946.444495214472,False,False,True,,True
2025-06-30,m1,0.6,8,8909.801217929898,8484.783990654305,44491.46912854993,6927.742463149203,51419.21159169913,2351.1648779488537,2018.961395312587,False,False,True,,True
2025-07-01,m1,0.6,8,8484.783990654305,7177.960003137957,44839.90180258297,27817.838934702297,72657.74073728526,701.742312412805,7620.922184887638,False,False,True,,True
2025-07-02,m1,0.6,8,7177.960003137957,7106.175153706233,44306.130558305114,28078.073516975368,72384.20407528049,3649.3048996669672,7376.221241191735,False,False,True,,True
2025-07-03,m1,0.6,8,7106.175153706233,1200.0000000632704,40649.04873547813,42130.1852650372,82779.23400051534,223.48742448876308,12070.295322544922,False,False,True,,True
2025-07-04,m1,0.6,8,1200.0000000632704,1200.0000000632717,19856.785446826005,32188.627416048992,52045.412862875,641.1379198784276,8741.627875701046,False,False,True,,True
2025-07-05,m1,0.6,8,1200.0000000632717,7116.139452410006,22194.315041631915,32398.99763661357,54593.312678245486,595.8582788406768,8411.078944515106,False,False,True,,True
2025-07-06,m1,0.6,8,7116.139452410006,7048.5667478111045,41469.804257994256,52143.2918368456,93613.09609483986,35.68732498077793,14425.319829602178,False,False,True,,True
2025-07-07,m1,0.6,8,7048.5667478111045,7017.775391106237,41260.28669901604,31010.13601510095,72270.42271411698,137.86262379030677,8551.815171155613,False,False,True,,True
2025-07-08,m1,0.6,8,7017.775391106237,7542.959898352902,42733.872981458946,36183.32388063693,78917.19686209588,696.4794569753753,10118.03111436442,False,False,True,,True
2025-07-09,m1,0.6,8,7542.959898352902,7670.676429511651,42418.379334224024,29261.133610197605,71679.51294442163,209.22220117124255,8508.72091912088,False,False,True,,True
2025-07-10,m1,0.6,8,7670.676429511651,1239.4973069695754,39741.451667936344,25807.944410311673,65549.39607824801,243.3163532117661,7116.061597071349,False,False,True,,True
2025-07-11,m1,0.6,8,1239.4973069695754,1200.0000000632572,20239.516025668003,28584.789465337635,48824.30549100564,947.4917911338515,8157.407437297882,False,False,True,,True
2025-07-12,m1,0.6,8,1200.0000000632572,7379.791630567559,23115.551859229177,26737.396254110372,49852.948113339546,642.3482556425466,6980.174008713751,False,False,True,,True
2025-07-13,m1,0.6,8,7379.791630567559,7443.656591610949,42508.44122957856,20684.67537862326,63193.11660820182,967.0446740192874,5014.740654980537,False,False,True,,True
2025-07-14,m1,0.6,8,7443.656591610949,7505.275626863946,41916.911218698966,26654.56578200629,68571.47700070526,68.94661450068543,6896.744341488314,False,False,True,,True
2025-07-15,m1,0.6,8,7505.275626863946,8099.14454069824,44366.69731936749,19433.074603343804,63799.7719227113,454.36291686136815,5758.903981683157,False,False,True,,True
2025-07-16,m2,0.6,8,8099.14454069824,7698.658990810412,43205.82192427413,20021.736915673122,63227.558839947254,244.7738476926542,5395.711979296491,False,False,True,,True
2025-07-17,m2,0.6,8,7698.658990810412,1254.7235302673873,40991.716603921865,20252.294841591745,61244.011445513606,74.494789324978,5853.227045422119,False,False,True,,True
2025-07-18,m2,0.6,8,1254.7235302673873,1342.610261813611,22522.17218911132,16312.642335783858,38834.81452489518,1161.0329140787305,4389.82101302091,False,False,True,,True
2025-07-19,m2,0.6,8,1342.610261813611,7768.684798476053,25543.400006431955,16272.23128902775,41815.63129545971,1962.3832477324868,4071.8740076367662,False,False,True,,True
2025-07-20,m2,0.6,8,7768.684798476053,7739.673716652903,43410.106854553414,18657.7075076911,62067.81436224451,246.09622711441727,5985.8270862853715,False,False,True,,True
2025-07-21,m2,0.6,8,7739.673716652903,8071.740408235799,43943.90271225544,23488.432721984347,67432.3354342398,22.975926873994126,7245.994674589252,False,False,True,,True
2025-07-22,m2,0.6,8,8071.740408235799,8465.873362766322,47758.81273781308,7574.85426708827,55333.66700490135,1201.2704800485972,2195.5196539439844,False,False,True,,True
2025-07-23,m2,0.6,8,8465.873362766322,8420.029878786208,47474.01885739784,9256.640972010442,56730.65982940828,973.4272279387258,2851.3420423394687,False,False,True,,True
2025-07-24,m2,0.6,8,8420.029878786208,2552.2365270060354,45055.616101723994,10111.270618958533,55166.88672068252,1296.741368816301,2955.56608684497,False,False,True,,True
2025-07-25,m2,0.6,8,2552.2365270060354,3077.2340248308337,24733.61031152748,6463.671798022531,31197.28210955001,2458.5451794378714,1287.342837837409,False,False,True,,True
2025-07-26,m2,0.6,8,3077.2340248308337,9003.786846722234,27861.926192144627,5589.582292111776,33451.5084842564,2666.9605417513117,1418.3708967374375,False,False,True,,True
2025-07-27,m2,0.6,8,9003.786846722234,8541.403664656196,47066.10010878007,6738.227721312864,53804.32783009293,955.5851904981105,2431.976547561171,False,False,True,,True
2025-07-28,m2,0.6,8,8541.403664656196,8449.553486369892,47604.96229006376,15841.379451656925,63446.34174172069,594.0604064669441,5533.092547272731,False,False,True,,True
2025-07-29,m2,0.6,8,8449.553486369892,8873.859030416781,49079.33791068192,8829.011854070508,57908.34976475243,2093.7082367913395,3184.009803387187,False,False,True,,True
2025-07-30,m3,0.6,8,8873.859030416781,8872.678059900285,49546.55556844695,3591.7444209865744,53138.29998943352,2397.4854392516454,1167.4439761845038,False,False,True,,True
2025-07-31,m3,0.6,8,8872.678059900285,3112.9525510450558,46597.03356490853,4248.846970694091,50845.88053560262,1925.019861139842,1162.3525118565094,False,False,True,,True
2025-08-01,m3,0.6,8,3112.9525510450558,3628.8460660492565,24961.76365654761,4175.425799913292,29137.189456460903,2770.394786399731,817.6575382424645,False,False,True,,True
2025-08-02,m3,0.6,8,3628.8460660492565,9341.486438527738,27382.819428443043,3115.2316705702265,30498.051099013268,3307.6378316723085,547.8423488472824,False,False,True,,True
2025-08-03,m3,0.6,8,9341.486438527738,8361.5706442698,46789.76702785067,1803.6565819572734,48593.42360980794,5176.498974850176,305.5932643046333,False,False,True,,True
2025-08-04,m3,0.6,8,8361.5706442698,8844.89138462403,46010.76380415787,1487.374158912651,47498.13796307052,3138.4655286039065,290.04175739922636,False,False,True,,True
2025-08-05,m3,0.6,8,8844.89138462403,8742.03778991992,44698.53703281061,1653.0889876787087,46351.62602048932,2859.1507581249107,674.1185834289115,False,False,True,,True
2025-08-06,m3,0.6,8,8742.03778991992,8554.16735972269,44221.853635560576,11219.198258594735,55441.05189415531,2263.155524932944,3214.854703828404,False,False,True,,True
2025-08-07,m3,0.6,8,8554.16735972269,2640.040933976223,41565.08177639921,236.7822194370354,41801.86399583625,2412.6195453737446,35.05582743998056,False,False,True,,True
2025-08-08,m3,0.6,8,2640.040933976223,2842.0145861134574,22740.53936312579,877.6827407444167,23618.22210387021,1482.9636432638833,213.599736075774,False,False,True,,True
2025-08-09,m3,0.6,8,2842.0145861134574,8510.255897880508,25202.577087761874,1637.85013980456,26840.427227566433,1174.6890326284772,482.857664986235,False,False,True,,True
2025-08-10,m3,0.6,8,8510.255897880508,8472.700345583133,43445.29933120256,6435.617971600186,49880.91730280274,1918.4780267568067,2196.225127231321,False,False,True,,True
2025-08-11,m3,0.6,8,8472.700345583133,8527.449373480868,43520.75894140359,5121.787134114444,48642.54607551803,2570.5191262600497,1352.7273598642496,False,False,True,,True
2025-08-12,m3,0.6,8,8527.449373480868,8474.37395776063,43172.831854880365,12773.571197248328,55946.40305212869,1926.470720244732,3911.5629736580695,False,False,True,,True
2025-08-13,m3,0.6,8,8474.37395776063,8699.678375106363,43773.197548458964,5452.710712613618,49225.90826107258,2425.4923169149893,2060.013094020324,False,False,True,,True
2025-08-14,m3,0.6,8,8699.678375106363,2583.423328719906,41030.89467921396,9255.525541323437,50286.4202205374,2371.477536168124,2366.528584384113,False,False,True,,True
2025-08-15,m3,0.6,8,2583.423328719906,2733.162940074819,22993.504706645694,3322.271142609282,26315.775849254976,1214.0847561529322,878.7012199523697,False,False,True,,True
2025-08-16,m3,0.6,8,2733.162940074819,8508.958323519046,24976.655678512947,4345.752887000084,29322.408565513033,569.1327315390699,1089.2063309735577,False,False,True,,True
2025-08-17,m3,0.6,8,8508.958323519046,8517.245854082745,43437.46237020058,4183.1434329730755,47620.605803173654,2094.782187400946,1032.6412456905173,False,False,True,,True
2025-08-18,m3,0.6,8,8517.245854082745,8576.918024736402,43188.78578639025,9090.411103199913,52279.19688959017,1936.4273113113445,2000.43447410025,False,False,True,,True
2025-08-19,m3,0.6,8,8576.918024736402,8451.771997729871,43115.388278251616,6589.923647398562,49705.31192565018,1418.1181996692544,2101.6081932024736,False,False,True,,True
2025-08-20,m3,0.6,8,8451.771997729871,8409.240928208055,43023.690230870554,24897.539194394412,67921.22942526496,2148.7531283340486,7466.648314643369,False,False,True,,True
2025-08-21,m3,0.6,8,8409.240928208055,2966.338690317985,41430.91587460926,6746.485274369388,48177.40114897865,2012.7515539689666,2276.822222586005,False,False,True,,True
2025-08-22,m3,0.6,8,2966.338690317985,2861.4642653171304,22670.392724360594,11019.41326255444,33689.80598691503,521.8396176440435,2837.433107507134,False,False,True,,True
2025-08-23,m3,0.6,8,2861.4642653171304,8382.125163357661,25318.068668265638,1896.2702597026762,27214.338927968314,836.8814092643468,550.3317175474505,False,False,True,,True
2025-08-24,m3,0.6,8,8382.125163357661,8628.542521647007,44412.097815498084,4787.580487047842,49199.67830254593,3222.583117334495,1123.1073846099043,False,False,True,,True
2025-08-25,m3,0.6,8,8628.542521647007,8689.076507217696,44143.88033479247,17546.41126361253,61690.291598405,2298.7768965623845,5680.814825115067,False,False,True,,True
2025-08-26,m3,0.6,8,8689.076507217696,8963.051908387513,44644.39180583422,3994.0339094171104,48638.42571525133,3395.4850229572726,811.6006073913557,False,False,True,,True
2025-08-27,m3,0.6,8,8963.051908387513,8713.31024526346,44553.83811170269,11315.042771516128,55868.880883218815,2875.3048714265947,3103.3789902335566,False,False,True,,True
2025-08-28,m3,0.6,8,8713.31024526346,3208.789411846848,42482.27150372556,16215.412622312215,58697.68412603778,2948.1278558350555,5739.058625243466,False,False,True,,True
2025-08-29,m3,0.6,8,3208.789411846848,3235.002827377709,23403.475197207692,2457.831311730711,25861.306508938404,1111.0847993069524,611.6473730362643,False,False,True,,True
2025-08-30,m3,0.6,8,3235.002827377709,8362.32396839563,25782.73441534883,3285.239982715007,29067.974398063838,869.8926818554286,1025.5560625238174,False,False,True,,True
2025-08-31,m3,0.6,8,8362.32396839563,8967.545273415122,45276.61786062627,4313.1594952830665,49589.77735590933,2743.0639334520347,1684.5222218296053,False,False,True,,True
2025-09-01,m3,0.6,8,8967.545273415122,10799.999999753083,44801.169500805234,0.0,44801.169500805234,9869.909394410752,0.0,False,False,True,,True
2025-09-02,m3,0.6,8,10799.999999753083,10799.999999751853,43598.661363234394,0.0,43598.661363234394,10517.179877826657,0.0,False,False,True,,True
2025-09-03,m3,0.6,8,10799.999999751853,10799.999999751853,43402.84640098691,0.0,43402.84640098691,7753.942380680311,0.0,False,False,True,,True
2025-09-04,m3,0.6,8,10799.999999751853,6788.537039244368,41319.24285129615,0.0,41319.24285129615,7154.58230084268,0.0,False,False,True,,True
2025-09-05,m3,0.6,8,6788.537039244368,7033.854634514339,21871.579506289738,19.543391694570214,21891.122897984307,6057.406462214916,6.879053746768818,False,False,True,,True
2025-09-06,m3,0.6,8,7033.854634514339,10799.99999975326,24351.957421032494,0.0,24351.957421032494,8141.646153799488,0.0,False,False,True,,True
2025-09-07,m3,0.6,8,10799.99999975326,10799.999999751853,43152.991779464384,514.1452909861814,43667.13707045057,8764.722248832119,216.89772742821566,False,False,True,,True
2025-09-08,m3,0.6,8,10799.999999751853,9961.092848020471,39603.085132060776,11230.410305362699,50833.49543742347,3630.0085349758037,3235.6567798357382,False,False,True,,True
2025-09-09,m3,0.6,8,9961.092848020471,10059.514013968423,40892.60990627276,0.0,40892.60990627276,4494.518784150706,0.0,False,False,True,,True
2025-09-10,m3,0.6,8,10059.514013968423,10176.372277697148,40569.15847781895,14276.443255841705,54845.60173366065,3585.971560983238,3902.6923314542773,False,False,True,,True
2025-09-11,m3,0.6,8,10176.372277697148,5921.577992661062,39120.48211837057,0.0,39120.48211837057,4527.1628506071975,0.0,False,False,True,,True
2025-09-12,m3,0.6,8,5921.577992661062,6057.407253670607,19772.198542191305,850.9214347033565,20623.11997689466,2485.132035082381,225.40318640115981,False,False,True,,True
2025-09-13,m3,0.6,8,6057.407253670607,10760.096569345,22198.440699363593,663.8679076711926,22862.308607034785,3323.718144461208,165.65504144122406,False,False,True,,True
2025-09-14,m3,0.6,8,10760.096569345,9228.964836906187,40640.31980644063,7205.522810554801,47845.84261699543,2960.802753250534,1938.57816820288,False,False,True,,True
2025-09-15,m3,0.6,8,9228.964836906187,9062.081648616551,39256.65207197053,2209.5868355003904,41466.23890747092,2586.4085443827485,544.2705210736416,False,False,True,,True
2025-09-16,m3,0.6,8,9062.081648616551,8612.883535238769,39305.58934615237,6431.347068016505,45736.93641416887,1553.0122359920301,2086.0459883220933,False,False,True,,True
2025-09-17,m3,0.6,8,8612.883535238769,8870.366058009111,39699.31271595384,6643.220811175431,46342.53352712927,2384.989599799418,1579.4211847240838,False,False,True,,True
2025-09-18,m3,0.6,8,8870.366058009111,4293.270132176785,37729.40564037079,1087.1520182574952,38816.557658628284,1749.6802906324156,360.59402414114766,False,False,True,,True
2025-09-19,m3,0.6,8,4293.270132176785,4784.5873373792065,18870.116648054514,260.76792645569185,19130.884574510208,1409.1165341622193,117.4671773418855,False,False,True,,True
2025-09-20,m3,0.6,8,4784.5873373792065,9163.022285568179,21708.213416561674,1037.645022680171,22745.858439241845,2596.5067293435623,273.21290864488316,False,False,True,,True
2025-09-21,m3,0.6,8,9163.022285568179,8851.729422634531,41016.06765609485,2048.402877715231,43064.47053381008,3420.787028437295,697.0200778810985,False,False,True,,True
2025-09-22,m3,0.6,8,8851.729422634531,8539.573508996973,39212.291411312224,10833.099572135447,50045.39098344767,1430.7233054567805,2553.583672341907,False,False,True,,True
2025-09-23,m3,0.6,8,8539.573508996973,8642.134675752952,39745.772074121094,8096.303701446044,47842.07577556714,1670.644760604963,2117.080677277737,False,False,True,,True
2025-09-24,m3,0.6,8,8642.134675752952,8754.017986451563,39739.09123773087,5888.622809828138,45627.714047559006,1811.9203513466077,1894.1250336739026,False,False,True,,True
2025-09-25,m3,0.6,8,8754.017986451563,3995.76968692756,37683.589646150205,4086.072653715633,41769.662299865835,1325.6769861644786,1175.1999942307862,False,False,True,,True
2025-09-26,m3,0.6,8,3995.76968692756,4229.477999126373,18259.768092610393,646.5502777683146,18906.318370378707,1462.6933375972774,202.19650739135656,False,False,True,,True
2025-09-27,m3,0.6,8,4229.477999126373,8483.160149632302,20114.044559693037,11240.053279168704,31354.09783886174,969.8411455471312,2802.4669310671907,False,False,True,,True
2025-09-28,m3,0.6,8,8483.160149632302,8622.617480178904,40647.380841981634,5889.767017896653,46537.147859878285,1207.5228598986305,1708.0624998598805,False,False,True,,True
2025-09-29,m3,0.6,8,8622.617480178904,8545.974733118579,40246.94507388107,8751.719103294716,48998.664177175786,1661.0490818106696,2000.2763725509558,False,False,True,,True
2025-09-30,m3,0.6,8,8545.974733118579,8529.71377136198,40599.72366449395,14024.378900816275,54624.102565310226,1363.7511109856814,3577.7175030065487,False,False,True,,True
2025-10-01,m3,0.6,8,8529.71377136198,10163.922901776108,40887.14407956859,895.9334849182324,41783.077564486826,6217.7505326592955,409.4433415152962,False,False,True,,True
2025-10-02,m3,0.6,8,10163.922901776108,6247.701253006987,36880.95181104364,810.713969291979,37691.66578033562,3748.5016060195235,308.13917219441345,False,False,True,,True
2025-10-03,m3,0.6,8,6247.701253006987,6281.914913298106,17265.369069898,323.8995040094793,17589.268573907477,2378.3767673116745,136.86968839790754,False,False,True,,True
2025-10-04,m3,0.6,8,6281.914913298106,10013.375213144458,19576.42155962177,2010.3107969286666,21586.732356550434,1848.113551831078,621.9238388992212,False,False,True,,True
2025-10-05,m3,0.6,8,10013.375213144458,10160.562901184983,37627.46276461317,1044.4771487758217,38671.93991338899,1851.754997996436,423.99887057974803,False,False,True,,True
2025-10-06,m3,0.6,8,10160.562901184983,9582.853485798925,37569.627546770236,4150.952143539805,41720.57969031004,816.6635068055127,1505.550246700471,False,False,True,,True
2025-10-07,m3,0.6,8,9582.853485798925,10159.042451177162,37861.78506410463,6075.988859470317,43937.77392357495,1122.1091952988365,1691.7865948664491,False,False,True,,True
2025-10-08,m3,0.6,8,10159.042451177162,8957.533960213701,36825.616013199615,3526.0220638786136,40351.63807707823,1113.9424754923843,1054.96885470887,False,False,True,,True
2025-10-09,m3,0.6,8,8957.533960213701,4733.081174902228,35213.191767926255,3615.231585470669,38828.42335339692,971.2004302687819,1046.3861738159108,False,False,True,,True
2025-10-10,m3,0.6,8,4733.081174902228,5012.285834942021,16679.583811568278,1131.4949818509294,17811.07879341921,1366.629157940261,420.94162416738766,False,False,True,,True
2025-10-11,m3,0.6,8,5012.285834942021,8842.241770715751,19850.926536492836,710.9957677443822,20561.922304237218,2662.6006131864083,248.9915368776821,False,False,True,,True
2025-10-12,m3,0.6,8,8842.241770715751,8828.483769268694,38047.874526907166,6178.619105381771,44226.49363228894,1060.5783522065044,1758.3342893557017,False,False,True,,True
2025-10-13,m3,0.6,8,8828.483769268694,8919.412530491301,38490.48071846951,399.34204035656387,38889.82275882607,1265.3735590632064,177.68525729090914,False,False,True,,True
2025-10-14,m3,0.6,8,8919.412530491301,8769.855733332917,38116.12518537856,10118.677597355108,48234.80278273366,809.572700349641,2723.5670759908517,False,False,True,,True
2025-10-15,m3,0.6,8,8769.855733332917,8546.344144327912,37575.2641045089,12081.088290805172,49656.35239531407,356.51087778425125,3415.0277802503138,False,False,True,,True
2025-10-16,m3,0.6,8,8546.344144327912,4971.365183580057,36446.467473275734,13855.371194244839,50301.83866752057,342.74031395718225,3754.1606926926142,False,False,True,,True
2025-10-17,m3,0.6,8,4971.365183580057,4968.4924227143565,16960.719705496143,263.55782982010714,17224.27753531625,1003.9787516804557,122.4437270305074,False,False,True,,True
2025-10-18,m3,0.6,8,4968.4924227143565,8754.093991471813,18583.220220699135,429.6129083179608,19012.833129017097,660.6123746450686,199.96563625880762,False,False,True,,True
2025-10-19,m3,0.6,8,8754.093991471813,8571.96458819097,39371.97865609336,9214.280026969827,48586.258683063184,557.0646860761918,2248.1881764104005,False,False,True,,True
2025-10-20,m3,0.6,8,8571.96458819097,8853.434370973057,40189.53421738089,8970.138979708832,49159.67319708972,764.8064658569697,2279.8816840868335,False,False,True,,True
2025-10-21,m3,0.6,8,8853.434370973057,8809.370699991143,40579.448635037916,9642.065148440899,50221.51378347882,343.7633858034306,3251.4093910466318,False,False,True,,True
2025-10-22,m3,0.6,8,8809.370699991143,8394.897928018441,40382.42265197405,10738.211655756098,51120.63430773014,1021.0581351250871,2652.6996189052916,False,False,True,,True
2025-10-23,m3,0.6,8,8394.897928018441,5006.839951270789,39456.6104479246,4013.0815785844643,43469.69202650906,933.98780441808,887.9699602323228,False,False,True,,True
2025-10-24,m3,0.6,8,5006.839951270789,5063.474631054311,17471.236043165947,4246.537553192882,21717.773596358827,1337.245221916919,955.6710060011189,False,False,True,,True
2025-10-25,m3,0.6,8,5063.474631054311,8401.13912454396,18847.722394459397,3286.804153454039,22134.526547913436,1176.76378532898,791.2195914489744,False,False,True,,True
2025-10-26,m3,0.6,8,8401.13912454396,8551.011731284727,41481.29314265582,1713.4227297231566,43194.715872378976,675.8950480592152,386.6631839056573,False,False,True,,True
2025-10-27,m3,0.6,8,8551.011731284727,8438.073454003268,41404.59607382614,8800.60971931523,50205.20579314137,2135.1902068406253,1827.309047166406,False,False,True,,True
2025-10-28,m3,0.6,8,8438.073454003268,8473.041973715272,41173.36847279194,7556.398498377339,48729.76697116928,449.19319907447715,1636.103139553854,False,False,True,,True
2025-10-29,m3,0.6,8,8473.041973715272,8401.412430471646,41017.68294125608,19574.28274920045,60591.96569045653,322.8784809706357,5062.022477824668,False,False,True,,True
2025-10-30,m3,0.6,8,8401.412430471646,5158.754977103457,40328.14227365228,3286.701055416447,43614.843329068724,921.7028128349455,707.8334778032183,False,False,True,,True
2025-10-31,m3,0.6,8,5158.754977103457,5286.690827091473,17905.473972719472,7230.670935155766,25136.144907875238,1106.5167321608621,1611.3023514390106,False,False,True,,True
2025-11-01,m3,0.6,8,5286.690827091473,8355.571740325067,19599.55747188442,3331.7418152610744,22931.29928714549,1574.6417168186838,908.7316542294234,False,False,True,,True
2025-11-02,m3,0.6,8,8355.571740325067,8470.129998749031,43015.83210335976,6553.438896446098,49569.270999805856,505.2243875240808,1816.2497425079514,False,False,True,,True
2025-11-03,m3,0.6,8,8470.129998749031,8409.974154232243,43367.87255146215,5914.9865001898415,49282.85905165199,675.323498802104,2112.081653781557,False,False,True,,True
2025-11-04,m3,0.6,8,8409.974154232243,8448.736116509066,43465.78067645392,5245.353554077575,48711.1342305315,1727.3958781055426,1103.7701227840166,False,False,True,,True
2025-11-05,m1,0.6,8,8448.736116509066,8418.99015205478,43419.14778374173,7474.934651320592,50894.08243506232,472.0102488554362,1955.8491966921388,False,False,True,,True
2025-11-06,m1,0.6,8,8418.99015205478,5319.603484973133,42068.49677246481,13973.384375906728,56041.88114837154,680.6758814611592,3839.0634764836523,False,False,True,,True
2025-11-07,m1,0.6,8,5319.603484973133,5426.034984533401,18443.049178327157,2896.228696411147,21339.277874738305,1672.4822768711429,841.0140778084844,False,False,True,,True
2025-11-08,m1,0.6,8,5426.034984533401,8436.132047827836,19642.81755781918,992.0276776658269,20634.84523548501,1319.5728905528504,392.7489881409856,False,False,True,,True
2025-11-09,m1,0.6,8,8436.132047827836,8437.88464168863,44224.58579070067,10025.928928932804,54250.51471963347,600.44838127876,2687.9153462492704,False,False,True,,True
2025-11-10,m1,0.6,8,8437.88464168863,8448.025843834232,44477.436519448194,15863.227649307017,60340.66416875521,221.18715318554723,4382.9265698948475,False,False,True,,True
2025-11-11,m1,0.6,8,8448.025843834232,8314.85741090976,44755.458444328586,7496.931501354146,52252.389945682735,522.2324860385389,1798.2779081974472,False,False,True,,True
2025-11-12,m1,0.6,8,8314.85741090976,8464.150598317616,45148.80851246469,6303.106086176256,51451.91459864094,964.1908394685507,1462.2315517759096,False,False,True,,True
2025-11-13,m1,0.6,8,8464.150598317616,6076.225092030698,44063.80021713533,10672.65981996384,54736.46003709917,1143.1041560563756,3000.0395681027658,False,False,True,,True
2025-11-14,m1,0.6,8,6076.225092030698,6002.337652789678,18682.733957469274,4704.344772851033,23387.078730320307,959.7868825159296,1558.717048288316,False,False,True,,True
2025-11-15,m1,0.6,8,6002.337652789678,8438.273846186288,19745.816623285733,3534.071212002215,23279.887835287947,862.5634408169939,1028.188336402442,False,False,True,,True
2025-11-16,m1,0.6,8,8438.273846186288,8350.91571095186,46257.673352114805,10728.282625667245,56985.955977782054,737.3727026536912,2862.9541950687394,False,False,True,,True
2025-11-17,m1,0.6,8,8350.91571095186,8587.945503262317,46645.790276234125,4866.278106153974,51512.0683823881,1412.5431026098443,1340.3764688620308,False,False,True,,True
2025-11-18,m1,0.6,8,8587.945503262317,8411.652219072752,46295.251224512045,8418.230401386467,54713.48162589851,453.8691776018853,2738.145103046112,False,False,True,,True
2025-11-19,m3,0.6,8,8411.652219072752,8302.679281650204,46953.66896737762,8747.887564181234,55701.556531558854,544.2334723836547,2315.73573725281,False,False,True,,True
2025-11-20,m3,0.6,8,8302.679281650204,6359.117832045632,46429.0252393758,6434.830413593227,52863.855652969025,894.5220376045716,1852.7629105090332,False,False,True,,True
2025-11-21,m3,0.6,8,6359.117832045632,6475.469728843039,18674.490693538286,2824.7437163550453,21499.23440989333,691.4497698574639,1117.3789046365846,False,False,True,,True
2025-11-22,m3,0.6,8,6475.469728843039,8347.962150008023,19829.63881843394,2939.0702144492966,22768.70903288324,1239.1868670153294,891.0206370297276,False,False,True,,True
2025-11-23,m3,0.6,8,8347.962150008023,8446.221110916742,48096.60077109922,8451.04881238532,56547.64958348454,1563.1129942716727,2211.888208999112,False,False,True,,True
2025-11-24,m3,0.6,8,8446.221110916742,8253.890675802244,48007.913435061666,5235.125796134853,53243.03923119652,2215.038535127912,1317.9314279575276,False,False,True,,True
2025-11-25,m3,0.6,8,8253.890675802244,8364.623085481886,47982.78414892893,5232.759509136094,53215.54365806502,211.2901896090301,1634.6157824449856,False,False,True,,True
2025-11-26,m3,0.6,8,8364.623085481886,8450.544275958362,48177.52553791149,7409.988312512834,55587.51385042432,575.8304053566939,2280.5741141830968,False,False,True,,True
2025-11-27,m3,0.6,8,8450.544275958362,6736.516411791196,47608.9479352519,5335.458842756461,52944.40677800836,1054.5756750136652,1399.6613595566978,False,False,True,,True
2025-11-28,m3,0.6,8,6736.516411791196,6605.566230370272,19314.99957072061,2489.3510515108983,21804.350622231508,1152.2469885075884,783.0212881454927,False,False,True,,True
2025-11-29,m3,0.6,8,6605.566230370272,8305.736934775286,20253.607009724466,9413.065675244125,29666.67268496859,930.3397446189871,3425.2677270131885,False,False,True,,True
2025-11-30,m3,0.6,8,8305.736934775286,8333.331539308037,49825.36348456143,10910.56733620614,60735.93082076757,419.2615712270566,3184.9640462036477,False,False,True,,True
2025-12-01,m3,0.6,8,8333.331539308037,8232.619980497626,50201.9217573091,29859.476857050533,80061.39861435964,173.30915160085192,8224.928141687371,False,False,True,,True
2025-12-02,m3,0.6,8,8232.619980497626,8266.26940441691,50519.13047468584,36744.94859965006,87264.0790743359,19.388473540661266,10090.198294957676,False,False,True,,True
2025-12-03,m1,0.6,8,8266.26940441691,8205.154634373364,50610.7062719022,28689.20768286505,79299.91395476725,110.60501667522601,8639.483703793536,False,False,True,,True
2025-12-04,m1,0.6,8,8205.154634373364,6620.429875884816,50284.33051131572,28122.81741797192,78407.14792928763,58.982156766505796,7734.646428482549,False,False,True,,True
2025-12-05,m1,0.6,8,6620.429875884816,6407.676488023584,20440.37084806716,17183.90178312903,37624.27263119619,61.418767720438666,6018.753796479338,False,False,True,,True
2025-12-06,m1,0.6,8,6407.676488023584,8171.287272772967,21761.65924365759,19340.43474480902,41102.09398846661,215.349829935841,8013.457428730221,False,False,True,,True
2025-12-07,m1,0.6,8,8171.287272772967,8196.214656766146,52197.838811867274,24459.531574666835,76657.37038653411,56.98706710073964,7098.692785155465,False,False,True,,True
2025-12-08,m1,0.6,8,8196.214656766146,8389.53055266599,53295.92313209649,19017.386607015094,72313.30973911159,159.9462546924873,5868.020009437023,False,False,True,,True
2025-12-09,m1,0.6,8,8389.53055266599,8410.009890105997,53388.144678409095,19322.95947059796,72711.10414900706,258.87763051859895,5140.342501098326,False,False,True,,True
2025-12-10,m1,0.6,8,8410.009890105997,8363.088966054649,53200.8750711856,20224.81954886137,73425.69462004697,44.52311452389404,6091.082562832418,False,False,True,,True
2025-12-11,m1,0.6,8,8363.088966054649,7231.725501639207,53019.86579129369,13166.524380375846,66186.39017166954,579.5892337705383,3923.8213775216846,False,False,True,,True
2025-12-12,m1,0.6,8,7231.725501639207,7208.635235518064,21168.84486240337,16044.165445322073,37213.010307725446,102.41586819914721,7032.851154265279,False,False,True,,True
2025-12-13,m1,0.6,8,7208.635235518064,8360.735995813553,22269.818966891336,15196.628870541972,37466.44783743331,193.92016413972408,6513.01522077456,False,False,True,,True
2025-12-14,m1,0.6,8,8360.735995813553,8361.111659615424,54092.33982950902,19149.870980688618,73242.21081019763,107.18692363133664,5485.931296768498,False,False,True,,True
2025-12-15,m1,0.6,8,8361.111659615424,8402.63917035422,55058.53005978426,15646.716888538282,70705.24694832254,132.22999006468956,4534.72096535784,False,False,True,,True
2025-12-16,m1,0.6,8,8402.63917035422,8384.68247075302,55469.89160420308,14846.824042424565,70316.71564662765,417.2581842220495,4245.321804337545,False,False,True,,True
2025-12-17,m2,0.7,8,8384.68247075302,8504.62469188661,55615.42978214901,10986.16076251155,66601.59054466056,590.884910203927,3023.186328763169,False,False,True,,True
2025-12-18,m2,0.7,8,8504.62469188661,6750.811496918125,54553.906406028356,10827.975829471023,65381.882235499375,865.4178322042754,3122.7158873128337,False,False,True,,True
2025-12-19,m2,0.7,8,6750.811496918125,7037.828325448607,23552.127196484114,11464.017021210253,35016.14421769437,846.0369647685152,4622.744743375706,False,False,True,,True
2025-12-20,m2,0.7,8,7037.828325448607,8297.653897751588,24170.429667656274,9894.05525754754,34064.48492520381,909.9149939678946,4286.483551410457,False,False,True,,True
2025-12-21,m2,0.7,8,8297.653897751588,8498.928538098855,55820.44748754956,12747.012980483514,68567.46046803307,244.40878570858547,3642.878978895609,False,False,True,,True
2025-12-22,m2,0.7,8,8498.928538098855,8499.138056237478,57314.698735913495,7504.734362441715,64819.433098355206,1231.935140286435,1905.083360660511,False,False,True,,True
2025-12-23,m2,0.7,8,8499.138056237478,8512.276725466458,57338.04986801009,4304.5656785076535,61642.61554651774,1959.5965016497476,1118.4395555445851,False,False,True,,True
2025-12-24,m2,0.7,8,8512.276725466458,8390.55041161717,56727.22916766133,7485.584278168224,64212.81344582955,1518.3746958171769,1791.5403726484546,False,False,True,,True
2025-12-25,m2,0.7,8,8390.55041161717,7856.744417840776,56573.042349582436,7559.936825796194,64132.97917537863,1445.5963974480505,1893.9130507616103,False,False,True,,True
2025-12-26,m2,0.7,8,7856.744417840776,8200.070975180772,24517.545411236813,7065.407659878363,31582.953071115175,857.648425429733,3026.118413294394,False,False,True,,True
2025-12-27,m2,0.7,8,8200.070975180772,8490.258032263808,24563.38075298014,5816.4115023989025,30379.792255379045,867.5389332921762,2376.6317261670915,False,False,True,,True
2025-12-28,m2,0.7,8,8490.258032263808,8704.060946644497,57143.93363782791,6671.602917774655,63815.536555602564,2664.8011886040276,1722.6507966480335,False,False,True,,True
2025-12-29,m2,0.7,8,8704.060946644497,8350.708733031559,57479.19657597079,3923.5812541865726,61402.77783015736,2362.984260089959,957.641590711432,False,False,True,,True
2025-12-30,m2,0.7,8,8350.708733031559,8565.570647202967,57828.9654875758,3205.3307615246617,61034.29624910046,3392.74474042956,746.6191101429837,False,False,True,,True
2025-12-31,m1,0.6,8,8565.570647202967,1200.0000000493028,53947.362138310025,5179.253938486003,59126.616076796025,935.7603281088457,1315.2097074689143,False,False,True,,True
