date,day_index,load_information_case,year_end_rule,settlement_rule,k_effective,risk_alpha,normal_cost_yuan,adjustment_cost_yuan,emergency_cost_yuan,total_cost_yuan,planned_q_kwh,actual_x_kwh,emergency_kwh,curtailment_kwh,soc_start_kwh,soc_end_kwh,max_balance_residual_kwh,max_simultaneous_cd_kwh2,max_x_minus_q_kwh,q_unchanged,pass
2025-01-01,0,causal_load_main,q2_accepted_no_hard_terminal,delivery_time_actual_price,1,,39224.412168465664,0.0,180788.35065430647,220012.76282277214,60085.887737157514,60064.670435752036,36788.270049093575,0.0,6000.0,8110.865510773811,2.2737367544323206e-13,0.0,0.0,True,True
2025-01-02,1,causal_load_main,q2_accepted_no_hard_terminal,delivery_time_actual_price,1,,54842.342997799286,0.0,84322.7269229939,139165.06992079318,74989.60127818906,74975.18601059064,17117.393298211686,0.0,8110.865510773811,4604.460587832082,2.2737367544323206e-13,0.0,0.0,True,True
2025-01-03,2,causal_load_main,q2_accepted_no_hard_terminal,delivery_time_actual_price,1,,56960.1447361888,0.0,0.0,56960.1447361888,95810.4655126285,58999.22515460221,0.0,6342.235337037038,4604.460587832082,9851.34344839337,1.3500311979441904e-13,0.0,0.0,True,True
2025-01-04,3,causal_load_main,q2_accepted_no_hard_terminal,delivery_time_actual_price,2,,53106.97569302158,0.0,3.4599519922373645e-07,53106.975693367574,88860.93514926112,54344.2901896319,1.5916168294438648e-07,7593.106929335068,9851.34344839337,10239.104363400544,1.1368683772161603e-13,0.0,0.0,True,True
2025-01-05,4,causal_load_main,q2_accepted_no_hard_terminal,delivery_time_actual_price,3,,68915.14209847845,0.0,65277.55630404937,134192.69840252784,86741.51383827484,74314.70414868221,10593.544229638192,0.0039833333333333335,10239.104363400544,1714.518974312743,2.2737367544323206e-13,0.0,0.0,True,True
2025-01-06,5,causal_load_main,q2_accepted_no_hard_terminal,delivery_time_actual_price,4,,72392.53379795536,0.0,66896.804359676,139289.33815763134,94222.5987586812,81214.8675506654,11164.90307466639,0.0,1714.518974312743,1374.019228333526,2.2737367544323206e-13,0.0,0.0,True,True
2025-01-07,6,causal_load_main,q2_accepted_no_hard_terminal,delivery_time_actual_price,5,,72383.98783310727,0.0,63117.31534753665,135501.3031806439,95565.6011672462,84905.47636747456,11616.762195587402,0.0,1374.019228333526,2594.2264373679695,2.2737367544323206e-13,0.0,0.0,True,True
2025-01-08,7,causal_load_main,q2_accepted_no_hard_terminal,delivery_time_actual_price,6,,87103.05520343583,0.0,2.2113429901082783e-07,87103.05520365696,110342.68571746297,91778.94550716333,9.63381125984597e-08,0.0023,2594.2264373679695,2322.630759268399,2.2737367544323206e-13,0.0,0.0,True,True
2025-01-09,8,causal_load_main,q2_accepted_no_hard_terminal,delivery_time_actual_price,7,,87981.04051009298,0.0,8.36887795330199e-08,87981.04051017667,110820.52882671467,93726.7406971102,5.45203775459413e-08,0.0023,2322.630759268399,2579.565283274223,2.2737367544323206e-13,0.0,0.0,True,True
2025-01-10,9,causal_load_main,q2_accepted_no_hard_terminal,delivery_time_actual_price,8,,32512.596947683,0.0,642.87938071932,33155.47632840232,64392.44668691,49037.70216049094,107.60387994297764,1975.5401666666664,2579.565283274223,2445.339823801065,2.2737367544323206e-13,0.0,0.0,True,True
2025-01-11,10,causal_load_main,q2_accepted_no_hard_terminal,delivery_time_actual_price,8,,34009.971368647384,0.0,127.8463774808084,34137.817746128196,67491.60237120843,53745.00620285097,27.236126433917427,2568.814928435689,2445.339823801065,6440.635435837187,1.1368683772161603e-13,0.0,0.0,True,True
2025-01-12,11,causal_load_main,q2_accepted_no_hard_terminal,delivery_time_actual_price,8,,87558.66046827627,0.0,9.946699822194205e-08,87558.66046837573,110649.98077412583,94656.91344120535,4.64040113001829e-08,11.888866666666665,6440.635435837187,7359.015458286699,2.2737367544323206e-13,0.0,0.0,True,True
2025-01-13,12,causal_load_main,q2_accepted_no_hard_terminal,delivery_time_actual_price,8,,83286.47035153295,0.0,2.545369968594003e-07,83286.47035178749,104123.74985028274,86662.42421354294,1.0824701490719235e-07,0.0,7359.015458286699,3266.6245759696176,2.2737367544323206e-13,0.0,0.0,True,True
2025-01-14,13,causal_load_main,q2_accepted_no_hard_terminal,delivery_time_actual_price,8,,84848.7371728784,0.0,578.541760873603,85427.27893375201,108302.3865733433,91815.37987751953,179.63870441817306,0.0,3266.6245759696176,3568.1912366875945,2.2737367544323206e-13,0.0,0.0,True,True
2025-01-15,14,causal_load_main,q2_accepted_no_hard_terminal,delivery_time_actual_price,8,,84736.36573624206,0.0,16.71850298838463,84753.08423923045,108095.63182851218,92745.89361356318,2.6369879492099155,139.8875,3568.1912366875945,3533.6694856066983,2.2737367544323206e-13,0.0,0.0,True,True
2025-01-16,15,causal_load_main,q2_accepted_no_hard_terminal,delivery_time_actual_price,8,,83582.6746965427,0.0,2235.351408817799,85818.0261053605,106460.69235505225,89927.89137905953,332.93651501349314,0.0,3533.6694856066983,2544.910210138776,1.6342482922482304e-13,0.0,0.0,True,True
2025-01-17,16,causal_load_main,q2_accepted_no_hard_terminal,delivery_time_actual_price,8,,31223.428904936332,0.0,150.6307360644343,31374.059641000767,62858.538772828164,48237.95352958435,69.6295686129669,2419.9149888233264,2544.910210138776,4130.876102655302,1.1368683772161603e-13,0.0,0.0,True,True
2025-01-18,17,causal_load_main,q2_accepted_no_hard_terminal,delivery_time_actual_price,8,,32445.86137403157,0.0,75.63220991091292,32521.493583942483,66182.31144964053,52705.988464311784,17.808384765740527,2235.4296725146937,4130.876102655302,9298.624440896505,1.1368683772161603e-13,0.0,0.0,True,True
2025-01-19,18,causal_load_main,q2_accepted_no_hard_terminal,delivery_time_actual_price,8,,80889.3970561458,0.0,87.1174574930474,80976.51451363885,101023.07879665901,85668.78146376876,14.08300318470581,0.0,9298.624440896505,4147.070078633674,2.2737367544323206e-13,0.0,0.0,True,True
2025-01-20,19,causal_load_main,q2_accepted_no_hard_terminal,delivery_time_actual_price,8,,82294.3761646905,0.0,3379.7503833412306,85674.12654803174,105029.51159330092,90595.58167838727,530.3972058495203,0.0,4147.070078633674,4745.340752081357,2.2737367544323206e-13,0.0,0.0,True,True
2025-01-21,20,causal_load_main,q2_accepted_no_hard_terminal,delivery_time_actual_price,8,,77415.98886933032,0.0,0.0,77415.98886933032,98827.45726420172,86547.43618852393,0.0,37.556433333333416,4745.340752081357,5300.430265790338,2.2737367544323206e-13,0.0,0.0,True,True
2025-01-22,21,causal_load_main,q2_accepted_no_hard_terminal,delivery_time_actual_price,8,,77208.77887680681,0.0,1637.3396490344962,78846.1185258413,96197.4887107581,89968.21718929189,597.7390340277783,0.0,5300.430265790338,4366.235376445688,2.2737367544323206e-13,0.0,0.0,True,True
2025-01-23,22,causal_load_main,q2_accepted_no_hard_terminal,delivery_time_actual_price,8,,75736.90734142505,0.0,1600.984506033466,77337.89184745851,94859.8733592953,90171.99832620713,577.32133051502,0.0,4366.235376445688,2953.7213298808733,2.2737367544323206e-13,0.0,0.0,True,True
2025-01-24,23,causal_load_main,q2_accepted_no_hard_terminal,delivery_time_actual_price,8,,24785.647440930712,0.0,1190.1226045727562,25975.77004550347,51158.23636035275,46304.81340017855,659.5298386018148,2624.1770169924885,2953.7213298808733,5126.974140713356,1.1368683772161603e-13,0.0,0.0,True,True
2025-01-25,24,causal_load_main,q2_accepted_no_hard_terminal,delivery_time_actual_price,8,,24357.12065357162,0.0,544.7882494502993,24901.90890302192,52068.53276282224,48882.39953317709,310.65359027861484,3688.273610882946,5126.974140713356,9888.652726529104,1.1368683772161603e-13,0.0,0.0,True,True
2025-01-26,25,causal_load_main,q2_accepted_no_hard_terminal,delivery_time_actual_price,8,,65737.6307051818,0.0,6261.306799647701,71998.9375048295,85357.75356685853,83903.66864678373,1380.070082978138,0.0,9888.652726529104,4790.241806641908,2.2737367544323206e-13,0.0,0.0,True,True
2025-01-27,26,causal_load_main,q2_accepted_no_hard_terminal,delivery_time_actual_price,8,,66850.7100543784,0.0,650.586345959864,67501.29640033827,90686.49559361712,87297.27222050387,246.6101013053506,0.0,4790.241806641908,5294.336664485763,1.4566126083082054e-13,0.0,0.0,True,True
2025-01-28,27,causal_load_main,q2_accepted_no_hard_terminal,delivery_time_actual_price,8,,65993.45124128155,0.0,2878.1086808578802,68871.55992213944,90506.41409660986,89659.62121987379,690.1068628067427,0.0,5294.336664485763,5567.584575172764,1.7053025658242404e-13,0.0,0.0,True,True
2025-01-29,28,causal_load_main,q2_accepted_no_hard_terminal,delivery_time_actual_price,8,0.6,66188.3497664798,0.0,151.88739321041706,66340.23715969022,91616.02601282517,85847.60624844462,68.94494027777796,0.0,5567.584575172764,7648.421234239666,2.2737367544323206e-13,0.0,0.0,True,True
2025-01-30,29,causal_load_main,q2_accepted_no_hard_terminal,delivery_time_actual_price,8,0.6,62651.8553483291,0.0,2785.3958341317466,65437.25118246085,84603.42650208095,81131.0119944382,522.9279715610069,6.083333333333485,7648.421234239666,2856.897139443545,2.2737367544323206e-13,0.0,0.0,True,True
2025-01-31,30,causal_load_main,q2_accepted_no_hard_terminal,delivery_time_actual_price,8,0.6,19989.58674962051,0.0,543.4006437621359,20532.987393382646,45322.42925299551,44673.04612943417,272.96704583231485,776.9066323159024,2856.897139443545,5541.10107809877,1.1368683772161603e-13,0.0,0.0,True,True
2025-02-01,31,causal_load_main,q2_accepted_no_hard_terminal,delivery_time_actual_price,8,0.6,19757.458542872737,0.0,1.150311420730077e-07,19757.45854298777,47407.954848153226,44375.65025178657,5.697431504358974e-08,2500.6718755996826,5541.10107809877,10780.819760999613,1.1368683772161603e-13,0.0,0.0,True,True
2025-02-02,32,causal_load_main,q2_accepted_no_hard_terminal,delivery_time_actual_price,8,0.6,60091.5805779466,0.0,0.0,60091.5805779466,85355.72817874185,78791.66082872366,0.0,0.0,10780.819760999613,8809.073216666658,1.2434497875801753e-13,0.0,0.0,True,True
2025-02-03,33,causal_load_main,q2_accepted_no_hard_terminal,delivery_time_actual_price,8,0.6,60366.32132933037,0.0,732.5315095003913,61098.85283883076,85582.16919946473,82422.70551003271,170.7268958929047,0.0,8809.073216666658,8667.37934154216,2.2737367544323206e-13,0.0,0.0,True,True
2025-02-04,34,causal_load_main,q2_accepted_no_hard_terminal,delivery_time_actual_price,8,0.6,61247.3193466654,0.0,3642.5707495662355,64889.89009623163,87002.01399600954,83122.65597000564,877.735668854612,0.0,8667.37934154216,8761.825315457974,2.2737367544323206e-13,0.0,0.0,True,True
2025-02-05,35,causal_load_main,q2_accepted_no_hard_terminal,delivery_time_actual_price,8,0.6,61187.47090294925,0.0,907.8190873560212,62095.289990305275,87373.1227855893,84121.06544624193,193.4476939947246,0.0,8761.825315457974,9854.45489708209,1.3145040611561853e-13,0.0,0.0,True,True
2025-02-06,36,causal_load_main,q2_accepted_no_hard_terminal,delivery_time_actual_price,8,0.6,58273.06735423404,0.0,324.1866298903761,58597.253984124414,79539.90068152579,75372.0570192688,86.78734992690258,0.0023,9854.45489708209,2694.5054157260683,2.2737367544323206e-13,0.0,0.0,True,True
2025-02-07,37,causal_load_main,q2_accepted_no_hard_terminal,delivery_time_actual_price,8,0.6,18805.232800467686,0.0,0.0,18805.232800467686,46112.80336968181,43172.8698326436,0.0,2998.525697366441,2694.5054157260683,8678.905247015953,1.1368683772161603e-13,0.0,0.0,True,True
2025-02-08,38,causal_load_main,q2_accepted_no_hard_terminal,delivery_time_actual_price,8,0.6,16551.380973417712,0.0,814.9907747839438,17366.371748201655,40563.57012468516,38229.08060594385,281.3485060840752,2889.475520032141,8678.905247015953,10414.326136271124,1.1368683772161603e-13,0.0,0.0,True,True
2025-02-09,39,causal_load_main,q2_accepted_no_hard_terminal,delivery_time_actual_price,8,0.6,57708.44129799853,0.0,184.85782958851385,57893.299127587044,82175.3697196151,79412.95581261191,42.87055417173327,0.020583333333333332,10414.326136271124,7707.378879721521,2.2737367544323206e-13,0.0,0.0,True,True
2025-02-10,40,causal_load_main,q2_accepted_no_hard_terminal,delivery_time_actual_price,8,0.6,58084.68048943393,0.0,241.0630009175792,58325.74349035151,86226.6031328048,77462.44143101259,77.62089899775646,314.5333843928829,7707.378879721521,8293.486218292075,1.4210854715202004e-13,0.0,0.0,True,True
2025-02-11,41,causal_load_main,q2_accepted_no_hard_terminal,delivery_time_actual_price,8,0.6,57357.51599083543,0.0,79.46115375433769,57436.97714458977,83874.36894066786,76832.02604172414,15.168684500207632,158.55265857193518,8293.486218292075,7159.8171134632075,2.2737367544323206e-13,0.0,0.0,True,True
2025-02-12,42,causal_load_main,q2_accepted_no_hard_terminal,delivery_time_actual_price,8,0.6,57466.41019999933,0.0,1284.7895198012534,58751.199719800585,85340.49997857802,78728.00976092598,288.9587971341151,84.0270143635075,7159.8171134632075,8191.779003495339,2.2737367544323206e-13,0.0,0.0,True,True
2025-02-13,43,causal_load_main,q2_accepted_no_hard_terminal,delivery_time_actual_price,8,0.6,53145.25578180222,0.0,1358.8334883824339,54504.08927018465,77501.79793046135,68196.3295316087,342.46732649546414,691.3091504602064,8191.779003495339,2680.4074229688194,2.2737367544323206e-13,0.0,0.0,True,True
2025-02-14,44,causal_load_main,q2_accepted_no_hard_terminal,delivery_time_actual_price,8,0.6,16671.927848849697,0.0,1165.4322061964144,17837.360055046112,41847.27690591011,39801.59461445217,678.9714318958027,3592.2055174929965,2680.4074229688194,7378.939574721154,1.1368683772161603e-13,0.0,0.0,True,True
2025-02-15,45,causal_load_main,q2_accepted_no_hard_terminal,delivery_time_actual_price,8,0.6,16384.17741071938,0.0,589.6065372544566,16973.78394797384,39372.52376388696,37781.17307583659,264.81225080889453,3874.768529357349,7378.939574721154,9791.520924619523,1.1368683772161603e-13,0.0,0.0,True,True
2025-02-16,46,causal_load_main,q2_accepted_no_hard_terminal,delivery_time_actual_price,8,0.6,52797.9103599479,0.0,4480.103459971529,57278.013819919426,77341.9374979005,74069.3281496744,887.2125238252132,4.804899056409795e-07,9791.520924619523,7085.226727895957,1.7053025658242404e-13,0.0,0.0,True,True
2025-02-17,47,causal_load_main,q2_accepted_no_hard_terminal,delivery_time_actual_price,8,0.6,53245.98887786029,0.0,263.69565194627023,53509.68452980656,79544.85578614593,73630.02939525788,113.87224889187516,266.73822324945553,7085.226727895957,7047.505346508641,1.1368683772161603e-13,0.0,0.0,True,True
2025-02-18,48,causal_load_main,q2_accepted_no_hard_terminal,delivery_time_actual_price,8,0.6,51683.336128304465,0.0,3462.9842410039996,55146.320369308465,78218.85059650856,72698.77875129804,805.7703092114733,49.88078356836744,7047.505346508641,5935.5830542644835,4.490630090003833e-11,0.0,0.0,True,True
2025-02-19,49,causal_load_main,q2_accepted_no_hard_terminal,delivery_time_actual_price,8,0.6,52010.61386431022,0.0,7037.853264866248,59048.46712917647,79914.89830152631,74679.0440635556,1532.891097671093,162.2334833333332,5935.5830542644835,6658.53175621144,2.2737367544323206e-13,0.0,0.0,True,True
2025-02-20,50,causal_load_main,q2_accepted_no_hard_terminal,delivery_time_actual_price,8,0.6,50217.11454595374,0.0,1759.9314883061652,51977.0460342599,74245.1828051786,68837.14767488763,498.655863922245,246.03270304279965,6658.53175621144,2264.316198684326,2.2737367544323206e-13,0.0,0.0,True,True
2025-02-21,51,causal_load_main,q2_accepted_no_hard_terminal,delivery_time_actual_price,8,0.6,15968.138113555055,0.0,687.6815840219241,16655.81969757698,39146.82829340954,37778.35572307186,319.416774556827,5957.39282786703,2264.316198684326,6589.057889411258,1.1368683772161603e-13,0.0,0.0,True,True
2025-02-22,52,causal_load_main,q2_accepted_no_hard_terminal,delivery_time_actual_price,8,0.6,15512.646852933583,0.0,4833.345900340211,20345.992753273793,37884.76978901942,37068.29112317396,1802.1554879452765,5131.210416510194,6589.057889411258,10154.30516306487,1.1368683772161603e-13,0.0,0.0,True,True
2025-02-23,53,causal_load_main,q2_accepted_no_hard_terminal,delivery_time_actual_price,8,0.6,47928.22370875622,0.0,3322.0827056024127,51250.30641435863,71399.42369321169,67958.68984602371,809.0103089094268,116.39460094520267,10154.30516306487,5208.095863655623,1.5631940186722204e-13,0.0,0.0,True,True
2025-02-24,54,causal_load_main,q2_accepted_no_hard_terminal,delivery_time_actual_price,8,0.6,49611.66911604103,0.0,2762.0600722041586,52373.72918824518,76449.93365928164,70890.00909781666,584.1778121201571,608.5358179149225,5208.095863655623,5315.774932599275,1.5631940186722204e-13,0.0,0.0,True,True
2025-02-25,55,causal_load_main,q2_accepted_no_hard_terminal,delivery_time_actual_price,8,0.6,48541.75214889857,0.0,1805.2270680376864,50346.97921693626,75641.26167903905,68733.42194432167,487.25880493666443,1326.8300051130702,5315.774932599275,5135.139380242664,1.7053025658242404e-13,0.0,0.0,True,True
2025-02-26,56,causal_load_main,q2_accepted_no_hard_terminal,delivery_time_actual_price,8,0.6,49012.297021019716,0.0,6679.683306580643,55691.98032760036,76416.08005339911,72782.60881076049,1660.0103779853941,309.44669193103994,5135.139380242664,8113.6657373289145,1.1368683772161603e-13,0.0,0.0,True,True
2025-02-27,57,causal_load_main,q2_accepted_no_hard_terminal,delivery_time_actual_price,8,0.6,43545.15511779407,0.0,6114.562936344858,49659.71805413893,66627.78554475342,62660.16241079349,1170.70662834399,620.6639139522097,8113.6657373289145,2128.1230960015373,5.317133400239982e-09,0.0,0.0,True,True
2025-02-28,58,causal_load_main,q2_accepted_no_hard_terminal,delivery_time_actual_price,8,0.6,14761.757382260044,0.0,2192.738034145753,16954.495416405796,37454.289405491574,36979.68652105957,864.6211052478336,7898.9932252945555,2128.1230960015373,6582.433029807403,1.1368683772161603e-13,0.0,0.0,True,True
2025-03-01,59,causal_load_main,q2_accepted_no_hard_terminal,delivery_time_actual_price,8,0.6,14293.043966003608,0.0,1649.377041271693,15942.421007275301,36008.33792939916,35403.4858059068,470.8576993253274,6273.496906725635,6582.433029807403,10336.831308693882,1.1368683772161603e-13,0.0,0.0,True,True
2025-03-02,60,causal_load_main,q2_accepted_no_hard_terminal,delivery_time_actual_price,8,0.6,44269.944685740105,0.0,25040.28617153949,69310.23085727959,67799.94761610289,65457.79415484592,6106.460478656917,27.420749999999998,10336.831308693882,7231.552555829508,2.2737367544323206e-13,0.0,0.0,True,True
2025-03-03,61,causal_load_main,q2_accepted_no_hard_terminal,delivery_time_actual_price,8,0.6,44828.58967392014,0.0,19918.675667308653,64747.26534122879,68951.93800150888,67074.47572906112,4431.616304766956,0.0,7231.552555829508,4399.095879144732,1.3500311979441904e-13,0.0,0.0,True,True
2025-03-04,62,causal_load_main,q2_accepted_no_hard_terminal,delivery_time_actual_price,8,0.6,47929.99405316239,0.0,4077.3244324039097,52007.3184855663,75077.76393029584,73642.66306410826,889.2538042489925,185.48600046733952,4399.095879144732,7137.252326397221,2.2737367544323206e-13,0.0,0.0,True,True
2025-03-05,63,causal_load_main,q2_accepted_no_hard_terminal,delivery_time_actual_price,8,0.6,45087.612410454356,0.0,1896.409165809795,46984.02157626415,71371.36775109012,68534.71307504023,567.6164092077177,263.52459110545925,7137.252326397221,7386.400112817805,2.2737367544323206e-13,0.0,0.0,True,True
2025-03-06,64,causal_load_main,q2_accepted_no_hard_terminal,delivery_time_actual_price,8,0.6,42180.69437905122,0.0,4061.4617509250834,46242.156129976305,65035.006262232026,62097.54481741847,969.1344465706512,431.70492624848873,7386.400112817805,1920.760554271697,2.2737367544323206e-13,0.0,0.0,True,True
2025-03-07,65,causal_load_main,q2_accepted_no_hard_terminal,delivery_time_actual_price,8,0.6,13592.851659410688,0.0,2307.527940915045,15900.379600325732,33399.43829337221,32540.159786287455,796.1037241789936,8830.11123702976,1920.760554271697,3537.6516940485894,2.2737367544323206e-13,0.0,0.0,True,True
2025-03-08,66,causal_load_main,q2_accepted_no_hard_terminal,delivery_time_actual_price,8,0.6,14844.407613619911,0.0,601.8813351318631,15446.288948751775,38216.73325309791,37413.400200161544,311.69763548804724,9421.79052631733,3537.6516940485894,10640.353170739927,1.1368683772161603e-13,0.0,0.0,True,True
2025-03-09,67,causal_load_main,q2_accepted_no_hard_terminal,delivery_time_actual_price,8,0.6,42697.831706847515,0.0,330.3172892520826,43028.1489960996,66841.64684303089,61585.187932346045,118.06092586656591,1071.4360458682306,10640.353170739927,5939.754648408057,2.2737367544323206e-13,0.0,0.0,True,True
2025-03-10,68,causal_load_main,q2_accepted_no_hard_terminal,delivery_time_actual_price,8,0.6,45066.79089785917,0.0,6191.193222819881,51257.98412067905,69327.5285725013,67732.21102129972,1788.511892715992,101.27596666666682,5939.754648408057,4960.44764622996,2.2737367544323206e-13,0.0,0.0,True,True
2025-03-11,69,causal_load_main,q2_accepted_no_hard_terminal,delivery_time_actual_price,8,0.6,43290.942943576185,0.0,4833.214044029388,48124.15698760557,69232.16799340962,66344.27847187936,1114.0863307170002,412.41515718362825,4960.44764622996,5859.66431411108,2.2737367544323206e-13,0.0,0.0,True,True
2025-03-12,70,causal_load_main,q2_accepted_no_hard_terminal,delivery_time_actual_price,8,0.6,42624.92475104077,0.0,3105.2266989087543,45730.151449949524,68889.41008837275,66116.12970767773,658.5534590090414,1325.3184511770755,5859.66431411108,6468.325169020757,1.5099431038834155e-08,0.0,0.0,True,True
2025-03-13,71,causal_load_main,q2_accepted_no_hard_terminal,delivery_time_actual_price,8,0.6,41245.62700820099,0.0,12476.146060530697,53721.77306873168,63342.410735071215,61955.60028468792,3194.6039198889916,0.0,6468.325169020757,1959.6874016928055,2.2737367544323206e-13,0.0,0.0,True,True
2025-03-14,72,causal_load_main,q2_accepted_no_hard_terminal,delivery_time_actual_price,8,0.6,13157.533716726117,0.0,2585.9810601960567,15743.514776922173,33912.72083873258,33321.4446529643,989.0861282032001,12472.544595879013,1959.6874016928055,5762.841824699753,1.1368683772161603e-13,0.0,0.0,True,True
2025-03-15,73,causal_load_main,q2_accepted_no_hard_terminal,delivery_time_actual_price,8,0.6,13563.120388128853,0.0,1527.017132787274,15090.137520916127,34504.13858128416,34317.68735434578,635.9213899830721,7453.149881544142,5762.841824699753,10165.425466049848,2.2737367544323206e-13,0.0,0.0,True,True
2025-03-16,74,causal_load_main,q2_accepted_no_hard_terminal,delivery_time_actual_price,8,0.6,39953.87300498896,0.0,9955.831403805381,49909.704408794336,63732.22622022351,60790.7311353723,2541.183805478155,651.7969333333328,10165.425466049848,7297.5730876000935,1.1368683772161603e-13,0.0,0.0,True,True
2025-03-17,75,causal_load_main,q2_accepted_no_hard_terminal,delivery_time_actual_price,8,0.6,40685.916060814896,0.0,268.7192203709636,40954.63528118586,66715.4080771739,60869.99465123136,122.49307508699356,2014.0811197084258,7297.5730876000935,6225.800948655463,1.545430450278218e-13,0.0,0.0,True,True
2025-03-18,76,causal_load_main,q2_accepted_no_hard_terminal,delivery_time_actual_price,8,0.6,40942.07379465557,0.0,6445.52358205772,47387.59737671329,66088.81073206547,62740.8176335437,1246.1957373892515,1151.2477415542835,6225.800948655463,5573.082276736373,2.2737367544323206e-13,0.0,0.0,True,True
2025-03-19,77,causal_load_main,q2_accepted_no_hard_terminal,delivery_time_actual_price,8,0.6,41077.157078179276,0.0,3862.4417086524113,44939.59878683169,67791.56660584116,63900.06059978122,753.4461999899797,1417.6556108202813,5573.082276736373,7125.188612962742,1.5631940186722204e-13,0.0,0.0,True,True
2025-03-20,78,causal_load_main,q2_accepted_no_hard_terminal,delivery_time_actual_price,8,0.6,38571.044534526714,0.0,6717.41039654564,45288.45493107235,60923.662008105544,58310.33792656682,1565.057572357241,438.13711666666654,7125.188612962742,2317.040993996761,1.4210854715202004e-13,0.0,0.0,True,True
2025-03-21,79,causal_load_main,q2_accepted_no_hard_terminal,delivery_time_actual_price,8,0.6,12464.021373887326,0.0,505.61903523158736,12969.640409118914,32406.183110553808,32038.37811642908,296.80754581814836,14919.337981832587,2317.040993996761,5763.915480599688,1.1368683772161603e-13,0.0,0.0,True,True
2025-03-22,80,causal_load_main,q2_accepted_no_hard_terminal,delivery_time_actual_price,8,0.6,12993.976384756888,0.0,4416.32913453113,17410.30551928802,33177.30692143864,32467.617751937392,1953.504905261579,12276.927833575646,5763.915480599688,9934.827849546095,1.2789769243681803e-13,0.0,0.0,True,True
2025-03-23,81,causal_load_main,q2_accepted_no_hard_terminal,delivery_time_actual_price,8,0.6,36545.807565154864,0.0,5049.195714332054,41595.00327948692,58870.47898885742,56544.78995367069,1507.5397793473733,990.8074238157133,9934.827849546095,6073.591143988606,2.2737367544323206e-13,0.0,0.0,True,True
2025-03-24,82,causal_load_main,q2_accepted_no_hard_terminal,delivery_time_actual_price,8,0.6,37985.28695371641,0.0,5406.823292409566,43392.11024612597,62279.48126259186,60445.7234986308,1618.3541164718263,1696.545263675014,6073.591143988606,5950.30197510797,2.2737367544323206e-13,0.0,0.0,True,True
2025-03-25,83,causal_load_main,q2_accepted_no_hard_terminal,delivery_time_actual_price,8,0.6,38823.0868406311,0.0,7968.353956081247,46791.44079671235,63887.346277771474,62831.276422896975,2137.564381088684,303.6329539508897,5950.30197510797,7256.3960567611275,2.2737367544323206e-13,0.0,0.0,True,True
2025-03-26,84,causal_load_main,q2_accepted_no_hard_terminal,delivery_time_actual_price,8,0.6,37230.47604453639,0.0,2802.5960497124606,40033.072094248855,60750.62476104498,57462.720935976235,888.5151397991909,2429.1214332589634,7256.3960567611275,5366.365728278319,2.2737367544323206e-13,0.0,0.0,True,True
2025-03-27,85,causal_load_main,q2_accepted_no_hard_terminal,delivery_time_actual_price,8,0.6,36083.71638562498,0.0,7930.697365724431,44014.41375134941,58335.21386492725,56094.33353559355,2187.5741781979727,537.8395876372018,5366.365728278319,2274.8301387831443,1.3145040611561853e-13,0.0,0.0,True,True
2025-03-28,86,causal_load_main,q2_accepted_no_hard_terminal,delivery_time_actual_price,8,0.6,11940.798321107266,0.0,2838.7877453777114,14779.586066484977,30987.490329557608,30242.830035510662,1220.5069057991973,15280.297499662252,2274.8301387831443,5803.419438011815,1.1368683772161603e-13,0.0,0.0,True,True
2025-03-29,87,causal_load_main,q2_accepted_no_hard_terminal,delivery_time_actual_price,8,0.6,12257.183571049838,0.0,2039.0710526190949,14296.254623668932,32296.995301147068,31846.79952446705,971.5566587876899,18617.919663642428,5803.419438011815,10094.094479929969,1.1368683772161603e-13,0.0,0.0,True,True
2025-03-30,88,causal_load_main,q2_accepted_no_hard_terminal,delivery_time_actual_price,8,0.6,33364.41999868126,0.0,7156.968037434205,40521.388036115466,54804.96833169428,52268.57788767807,2136.2696556131054,1264.013186938463,10094.094479929969,5656.2451564450375,2.2737367544323206e-13,0.0,0.0,True,True
2025-03-31,89,causal_load_main,q2_accepted_no_hard_terminal,delivery_time_actual_price,8,0.6,34302.34294564343,0.0,14799.238747804213,49101.581693447646,55750.340921055584,54262.75667523894,4564.114389262379,1085.4104759453555,5656.2451564450375,4270.904753371006,1.1368683772161603e-13,0.0,0.0,True,True
2025-04-01,90,causal_load_main,q2_accepted_no_hard_terminal,delivery_time_actual_price,8,0.6,35352.581987658734,0.0,20084.42100502955,55437.002992688285,56867.09274044874,55435.254500328796,6641.476797809404,53.25785185396222,4270.904753371006,3962.268255455528,1.5631940186722204e-13,0.0,0.0,True,True
2025-04-02,91,causal_load_main,q2_accepted_no_hard_terminal,delivery_time_actual_price,8,0.6,37034.065040236586,0.0,22862.758120134757,59896.82316037134,62450.39703587437,60540.7125668339,5886.045645791301,22.59016666666662,3962.268255455528,7655.467217758899,1.7053025658242404e-13,0.0,0.0,True,True
2025-04-03,92,causal_load_main,q2_accepted_no_hard_terminal,delivery_time_actual_price,8,0.6,33868.222821763906,0.0,12616.951221748059,46485.174043511965,54135.50019514912,50793.795446970005,3260.1581389252415,1507.984505266254,7655.467217758899,2129.896763290778,2.2737367544323206e-13,0.0,0.0,True,True
2025-04-04,93,causal_load_main,q2_accepted_no_hard_terminal,delivery_time_actual_price,8,0.6,11779.041680556384,0.0,2020.1023676022005,13799.144048158585,31272.22286167358,30550.050444368346,859.3608398188522,18675.65017111405,2129.896763290778,6522.385724992906,1.1368683772161603e-13,0.0,0.0,True,True
2025-04-05,94,causal_load_main,q2_accepted_no_hard_terminal,delivery_time_actual_price,8,0.6,12191.777859848484,0.0,6134.002001674773,18325.779861523257,31697.561879772547,31216.082464804647,2692.6293651586047,15835.671612903232,6522.385724992906,10418.126618109627,1.1368683772161603e-13,0.0,0.0,True,True
2025-04-06,95,causal_load_main,q2_accepted_no_hard_terminal,delivery_time_actual_price,8,0.6,34456.24656482232,0.0,3616.6210787206937,38072.86764354302,56409.95620224846,54561.47355854743,1074.3725409813605,1569.0471763290027,10418.126618109627,7908.923402961441,1.7053025658242404e-13,0.0,0.0,True,True
2025-04-07,96,causal_load_main,q2_accepted_no_hard_terminal,delivery_time_actual_price,8,0.6,33861.62309344496,0.0,5516.982349366037,39378.605442811,56083.06609756836,53588.80539804607,1831.2680451054814,2546.684667143947,7908.923402961441,5283.504532549637,1.7053025658242404e-13,0.0,0.0,True,True
2025-04-08,97,causal_load_main,q2_accepted_no_hard_terminal,delivery_time_actual_price,8,0.6,34823.62691937601,0.0,9040.634474565082,43864.261393941095,58305.02813111825,55732.385332543694,2279.175648122839,1507.8634471822913,5283.504532549637,5225.403611142893,2.2737367544323206e-13,0.0,0.0,True,True
2025-04-09,98,causal_load_main,q2_accepted_no_hard_terminal,delivery_time_actual_price,8,0.6,35917.76502289658,0.0,15894.256575906458,51812.02159880304,60850.80452951181,59872.7992777099,4881.187337336488,343.26985023710097,5225.403611142893,8145.070126309398,2.2737367544323206e-13,0.0,0.0,True,True
2025-04-10,99,causal_load_main,q2_accepted_no_hard_terminal,delivery_time_actual_price,8,0.6,32076.943146086945,0.0,5677.698631916549,37754.6417780035,51829.97531388975,49894.89376288978,1442.7531761203109,572.0241626767403,8145.070126309398,2254.739159956082,1.2789769243681803e-13,0.0,0.0,True,True
2025-04-11,100,causal_load_main,q2_accepted_no_hard_terminal,delivery_time_actual_price,8,0.6,11647.46499610784,0.0,934.7514096678102,12582.216405775649,30812.5470228037,30291.49002232158,435.54594177132026,19543.3937409622,2254.739159956082,6245.564209368535,1.1368683772161603e-13,0.0,0.0,True,True
2025-04-12,101,causal_load_main,q2_accepted_no_hard_terminal,delivery_time_actual_price,8,0.6,11868.152990962608,0.0,1812.5910336898414,13680.74402465245,31491.66816261712,31032.043271162685,1006.5285201564744,16593.436584285097,6245.564209368535,10673.59178293615,2.2737367544323206e-13,0.0,0.0,True,True
2025-04-13,102,causal_load_main,q2_accepted_no_hard_terminal,delivery_time_actual_price,8,0.6,32861.20110523589,0.0,5343.572589332716,38204.773694568605,53747.407194605,52560.8229723516,1593.474349257524,137.29868381368397,10673.59178293615,8266.725545988002,1.1368683772161603e-13,0.0,0.0,True,True
2025-04-14,103,causal_load_main,q2_accepted_no_hard_terminal,delivery_time_actual_price,8,0.6,32350.3235386685,0.0,3548.548913003872,35898.872451672374,53250.5525971645,51949.38015403329,1280.6697973287685,18.839375170815345,8266.725545988002,6827.51846679298,1.1368683772161603e-13,0.0,0.0,True,True
2025-04-15,104,causal_load_main,q2_accepted_no_hard_terminal,delivery_time_actual_price,8,0.6,33746.0904000873,0.0,5300.468556045347,39046.55895613265,56911.754165008504,55227.21723689568,1648.2791561690578,3831.7406531439096,6827.51846679298,7570.31334858861,2.2737367544323206e-13,0.0,0.0,True,True
2025-04-16,105,causal_load_main,q2_accepted_no_hard_terminal,delivery_time_actual_price,8,0.6,33188.5511512448,0.0,9412.923281201807,42601.47443244661,54885.8375450943,54299.19611932665,2940.0697147088736,60.21145047674196,7570.31334858861,6648.424641936552,1.4210854715202004e-13,0.0,0.0,True,True
2025-04-17,106,causal_load_main,q2_accepted_no_hard_terminal,delivery_time_actual_price,8,0.6,31314.76540198324,0.0,6867.189687885841,38181.95508986908,51274.26232454974,50142.99699214332,1984.0086794836207,1349.7544666666665,6648.424641936552,2280.101739932144,1.6697754290362354e-13,0.0,0.0,True,True
2025-04-18,107,causal_load_main,q2_accepted_no_hard_terminal,delivery_time_actual_price,8,0.6,10898.182163487301,0.0,1521.565410727792,12419.747574215093,28947.659089554483,28389.269035898393,701.4631029479222,18280.133627227817,2280.101739932144,4736.186488149963,1.1368683772161603e-13,0.0,0.0,True,True
2025-04-19,108,causal_load_main,q2_accepted_no_hard_terminal,delivery_time_actual_price,8,0.6,11971.98816621969,0.0,400.80396185462365,12372.792128074314,32277.14788353059,31429.300522184778,177.10541354843127,17227.859549908448,4736.186488149963,10174.821396011754,1.1368683772161603e-13,0.0,0.0,True,True
2025-04-20,109,causal_load_main,q2_accepted_no_hard_terminal,delivery_time_actual_price,8,0.6,31238.34840362896,0.0,6954.1433157758165,38192.491719404774,50944.15821204377,50038.93183057942,1621.1868156210949,1606.7142135733739,10174.821396011754,6142.895677442321,1.1368683772161603e-13,0.0,0.0,True,True
2025-04-21,110,causal_load_main,q2_accepted_no_hard_terminal,delivery_time_actual_price,8,0.6,32017.854549922813,0.0,986.5863412953358,33004.440891218146,53985.057713128546,52002.0938513342,431.1271121468415,2574.4181905810983,6142.895677442321,5303.303190291228,1.1368683772161603e-13,0.0,0.0,True,True
2025-04-22,111,causal_load_main,q2_accepted_no_hard_terminal,delivery_time_actual_price,8,0.6,34108.52694125165,0.0,8538.87522190057,42647.40216315222,57519.996731271865,56362.406451526804,2823.867827164974,1578.1029759013302,5303.303190291228,8359.6796713218,1.4921397450962104e-13,0.0,0.0,True,True
2025-04-23,112,causal_load_main,q2_accepted_no_hard_terminal,delivery_time_actual_price,8,0.6,32318.550267391507,0.0,5524.099130481646,37842.64939787315,53127.33414150793,52209.211882149204,1972.4693715053393,1807.3189108146325,8359.6796713218,7197.509143990277,2.2737367544323206e-13,0.0,0.0,True,True
2025-04-24,113,causal_load_main,q2_accepted_no_hard_terminal,delivery_time_actual_price,8,0.6,29955.709701103853,0.0,393.54777345235965,30349.257474556212,48592.913770548475,47064.62313504446,78.960213562848,3072.1795150388243,7197.509143990277,2216.8382233115067,1.1368683772161603e-13,0.0,0.0,True,True
2025-04-25,114,causal_load_main,q2_accepted_no_hard_terminal,delivery_time_actual_price,8,0.6,10630.982558845779,0.0,39.95959293955801,10670.942151785337,29054.45007966887,28352.735127076823,21.91968898778117,21078.031573155033,2216.8382233115067,5427.682115442166,1.1368683772161603e-13,0.0,0.0,True,True
2025-04-26,115,causal_load_main,q2_accepted_no_hard_terminal,delivery_time_actual_price,8,0.6,11666.425062827326,0.0,3901.940038448849,15568.365101276175,31102.246218040313,30523.261475364325,1560.4001724582895,25167.62999326631,5427.682115442166,10278.177764600252,1.1368683772161603e-13,0.0,0.0,True,True
2025-04-27,116,causal_load_main,q2_accepted_no_hard_terminal,delivery_time_actual_price,8,0.6,28367.395747520306,0.0,10341.72725599313,38709.123003513436,46470.045835370656,45173.62128810202,2449.874409786323,1547.187444394386,10278.177764600252,5814.110405511739,2.2737367544323206e-13,0.0,0.0,True,True
2025-04-28,117,causal_load_main,q2_accepted_no_hard_terminal,delivery_time_actual_price,8,0.6,30983.766429794043,0.0,29396.736366076457,60380.5027958705,51934.85507181437,50923.31279567906,8691.581683279004,65.66416121407019,5814.110405511739,6679.20484062318,2.2737367544323206e-13,0.0,0.0,True,True
2025-04-29,118,causal_load_main,q2_accepted_no_hard_terminal,delivery_time_actual_price,8,0.6,31729.885127436093,0.0,5598.0668480416825,37327.95197547777,54683.837974705755,53314.13845485301,1355.8125705813306,2578.6777450196764,6679.20484062318,9118.510912092614,1.8118839761882555e-13,0.0,0.0,True,True
2025-04-30,119,causal_load_main,q2_accepted_no_hard_terminal,delivery_time_actual_price,8,0.6,30309.43568079597,0.0,5404.158209573583,35713.59389036955,51575.34022742743,49855.62437649486,2146.708459310474,1590.695702315692,9118.510912092614,9034.45292595202,2.2737367544323206e-13,0.0,0.0,True,True
2025-05-01,120,causal_load_main,q2_accepted_no_hard_terminal,delivery_time_actual_price,8,0.6,28181.765085691633,0.0,21771.96759166057,49953.73267735221,44832.63665909577,43939.678573088255,4592.042581770137,1657.2533913905029,9034.45292595202,2668.8401833666826,2.2737367544323206e-13,0.0,0.0,True,True
2025-05-02,121,causal_load_main,q2_accepted_no_hard_terminal,delivery_time_actual_price,8,0.6,11476.97539035823,0.0,19871.853267496503,31348.828657854734,30039.446373932053,29688.742861675302,6403.671650901694,15816.410983333331,2668.8401833666826,6690.968836020682,2.2737367544323206e-13,0.0,0.0,True,True
2025-05-03,122,causal_load_main,q2_accepted_no_hard_terminal,delivery_time_actual_price,8,0.6,11583.13043875651,0.0,10627.275935055473,22210.406373811984,29768.3810977439,29229.039828173292,2636.373175558733,18387.31375742677,6690.968836020682,9383.818626731509,1.1368683772161603e-13,0.0,0.0,True,True
2025-05-04,123,causal_load_main,q2_accepted_no_hard_terminal,delivery_time_actual_price,8,0.6,31079.36959948229,0.0,12173.391451822172,43252.761051304464,49269.6931685912,49105.63016231127,2466.149857351004,2097.7699579514347,9383.818626731509,5101.869153184229,2.2737367544323206e-13,0.0,0.0,True,True
2025-05-05,124,causal_load_main,q2_accepted_no_hard_terminal,delivery_time_actual_price,8,0.6,33554.88049396613,0.0,16876.234878705818,50431.11537267195,54308.9346583591,54097.252995779694,3081.335932804707,0.0,5101.869153184229,4914.086087355111,1.4210854715202004e-13,0.0,0.0,True,True
2025-05-06,125,causal_load_main,q2_accepted_no_hard_terminal,delivery_time_actual_price,8,0.6,33931.65245305101,0.0,14364.059817225332,48295.71227027634,54757.738232070944,53859.946762205596,2913.584757712105,1089.084613866146,4914.086087355111,5360.078165190028,2.2737367544323206e-13,0.0,0.0,True,True
2025-05-07,126,causal_load_main,q2_accepted_no_hard_terminal,delivery_time_actual_price,8,0.6,34447.22296732334,0.0,18820.888801203873,53268.11176852721,56309.956671593434,56258.65105945303,3657.2741263730054,2.3974277496563445e-07,5360.078165190028,7885.63768849394,1.4210854715202004e-13,0.0,0.0,True,True
2025-05-08,127,causal_load_main,q2_accepted_no_hard_terminal,delivery_time_actual_price,8,0.6,30972.82091455497,0.0,19523.16021493361,50495.98112948858,48233.273864725496,47103.3320754836,5517.970083216052,500.9078701411767,7885.63768849394,1909.6696559368575,2.2737367544323206e-13,0.0,0.0,True,True
2025-05-09,128,causal_load_main,q2_accepted_no_hard_terminal,delivery_time_actual_price,8,0.6,11602.67673077108,0.0,6283.878858635739,17886.555589406817,29160.838903942036,28306.376276557276,1673.8539184195347,17724.883681328596,1909.6696559368575,3605.616381173361,1.1368683772161603e-13,0.0,0.0,True,True
2025-05-10,129,causal_load_main,q2_accepted_no_hard_terminal,delivery_time_actual_price,8,0.6,12897.757303534916,0.0,10588.861741356845,23486.619044891762,33024.49204784676,32372.73185764215,3328.662448441443,15764.414401197186,3605.616381173361,9194.91506246769,1.1368683772161603e-13,0.0,0.0,True,True
2025-05-11,130,causal_load_main,q2_accepted_no_hard_terminal,delivery_time_actual_price,8,0.6,31476.318829046708,0.0,14746.531314092977,46222.85014313969,50221.4452930536,49922.62017476883,3343.6407906822024,158.497314503854,9194.91506246769,4885.001003260768,1.3855583347321954e-13,0.0,0.0,True,True
2025-05-12,131,causal_load_main,q2_accepted_no_hard_terminal,delivery_time_actual_price,8,0.6,37473.35269016176,0.0,4426.242550761221,41899.59524092298,60335.92639050253,58384.63979689547,697.0833643152781,3312.0667833333337,4885.001003260768,6700.680773019619,2.2737367544323206e-13,0.0,0.0,True,True
2025-05-13,132,causal_load_main,q2_accepted_no_hard_terminal,delivery_time_actual_price,8,0.6,35115.07132802121,0.0,0.0,35115.07132802121,56269.95587118392,55189.126300005075,0.0,158.32029999999986,6700.680773019619,6470.711954475601,1.6342482922482304e-13,0.0,0.0,True,True
2025-05-14,133,causal_load_main,q2_accepted_no_hard_terminal,delivery_time_actual_price,8,0.6,33838.82764209424,0.0,2187.9926442979777,36026.82028639222,55161.424909791094,54392.60837989578,357.7899167624066,506.95416690545625,6470.711954475601,5622.193447017606,2.2737367544323206e-13,0.0,0.0,True,True
2025-05-15,134,causal_load_main,q2_accepted_no_hard_terminal,delivery_time_actual_price,8,0.6,33461.41378059857,0.0,2130.482784644681,35591.896565243245,52316.58996173784,51880.23789752065,449.59253605572593,991.5163153020371,5622.193447017606,2017.7571039447726,2.2737367544323206e-13,0.0,0.0,True,True
2025-05-16,135,causal_load_main,q2_accepted_no_hard_terminal,delivery_time_actual_price,8,0.6,11701.92409257566,0.0,151.03428957262793,11852.958382148288,28684.939777159136,27433.018485016553,95.7781209082916,22069.582536773047,2017.7571039447726,2807.585930633318,1.1368683772161603e-13,0.0,0.0,True,True
2025-05-17,136,causal_load_main,q2_accepted_no_hard_terminal,delivery_time_actual_price,8,0.6,13809.059215564597,0.0,6854.294246237434,20663.35346180203,34061.87813752491,33378.85185314971,2447.255967904991,17150.47342690951,2807.585930633318,9113.942865157664,1.1368683772161603e-13,0.0,0.0,True,True
2025-05-18,137,causal_load_main,q2_accepted_no_hard_terminal,delivery_time_actual_price,8,0.6,32128.978613515246,0.0,5905.724541708356,38034.7031552236,49191.40323001944,47607.19380839067,1587.5713123009175,9.355994734505657e-07,9113.942865157664,2658.6813076395533,1.2434497875801753e-13,0.0,0.0,True,True
2025-05-19,138,causal_load_main,q2_accepted_no_hard_terminal,delivery_time_actual_price,8,0.6,35111.746308099086,0.0,0.0,35111.746308099086,56927.33602590368,53570.95995756957,0.0,2846.1665388436677,2658.6813076395533,3829.991552961637,2.2737367544323206e-13,0.0,0.0,True,True
2025-05-20,139,causal_load_main,q2_accepted_no_hard_terminal,delivery_time_actual_price,8,0.6,34058.84726997733,0.0,8969.801327031202,43028.64859700853,54840.73599022455,53119.291245185115,2762.8772422886045,394.5436299953359,3829.991552961637,2367.9271054381215,2.2737367544323206e-13,0.0,0.0,True,True
2025-05-21,140,causal_load_main,q2_accepted_no_hard_terminal,delivery_time_actual_price,8,0.6,35892.92381175154,0.0,2450.1993114457528,38343.12312319729,57823.14377770682,55121.77944467085,597.5498918795357,1611.7434466664731,2367.9271054381215,3048.474987995006,2.2737367544323206e-13,0.0,0.0,True,True
2025-05-22,141,causal_load_main,q2_accepted_no_hard_terminal,delivery_time_actual_price,8,0.6,35704.02510684992,0.0,709.4130204159239,36413.43812726584,55324.0041177367,52936.23057070279,301.11002275835,243.49529526820095,3048.474987995006,3403.4193560634203,2.2737367544323206e-13,0.0,0.0,True,True
2025-05-23,142,causal_load_main,q2_accepted_no_hard_terminal,delivery_time_actual_price,8,0.6,13130.770790456547,0.0,610.6470266819488,13741.417817138496,29812.119822409768,28449.162249203877,302.44624243491774,19470.58663364741,3403.4193560634203,4585.62349518086,1.1368683772161603e-13,0.0,0.0,True,True
2025-05-24,143,causal_load_main,q2_accepted_no_hard_terminal,delivery_time_actual_price,8,0.6,14887.387898665747,0.0,384.2639444778813,15271.651843143629,34739.677834278154,32537.752641819152,211.21375139766872,21250.943992017623,4585.62349518086,10484.524529355662,1.1368683772161603e-13,0.0,0.0,True,True
2025-05-25,144,causal_load_main,q2_accepted_no_hard_terminal,delivery_time_actual_price,8,0.6,33117.68293500437,0.0,1.0730825448490577e-07,33117.682935111676,49363.97017479803,46593.067792623886,5.386960566511334e-08,2332.5987469270913,10484.524529355662,4562.688727693554,1.3500311979441904e-13,0.0,0.0,True,True
2025-05-26,145,causal_load_main,q2_accepted_no_hard_terminal,delivery_time_actual_price,8,0.6,34308.37877673352,0.0,10646.70757435309,44955.08635108661,53086.83634901555,51489.93392171002,3689.467702528292,135.34652067441644,4562.688727693554,2805.9691667361903,2.2737367544323206e-13,0.0,0.0,True,True
2025-05-27,146,causal_load_main,q2_accepted_no_hard_terminal,delivery_time_actual_price,8,0.6,36563.89139717054,0.0,0.0,36563.89139717054,57594.83681933327,54853.230993275865,0.0,1362.9221552984152,2805.9691667361903,4671.62932664902,2.2737367544323206e-13,0.0,0.0,True,True
2025-05-28,147,causal_load_main,q2_accepted_no_hard_terminal,delivery_time_actual_price,8,0.6,34961.25736018097,0.0,7125.441699911813,42086.69906009278,53672.191322103325,51467.043753455335,2433.2101399424346,750.9749648331926,4671.62932664902,3686.7556322838923,2.2737367544323206e-13,0.0,0.0,True,True
2025-05-29,148,causal_load_main,q2_accepted_no_hard_terminal,delivery_time_actual_price,8,0.6,35712.27345061167,0.0,7583.729374628552,43296.00282524022,54709.80957343993,53785.621573491895,2162.8981709480045,221.12968333333333,3686.7556322838923,3214.1180799697017,2.2737367544323206e-13,0.0,0.0,True,True
2025-05-30,149,causal_load_main,q2_accepted_no_hard_terminal,delivery_time_actual_price,8,0.6,12244.171589662328,0.0,5384.850620147233,17629.022209809562,28291.507621756784,26503.151251677467,2106.406923255069,20092.091979614197,3214.1180799697017,3413.6524216455796,1.1368683772161603e-13,0.0,0.0,True,True
2025-05-31,150,causal_load_main,q2_accepted_no_hard_terminal,delivery_time_actual_price,8,0.6,14173.0163079907,0.0,4302.865392976905,18475.881700967606,35264.404390266514,33191.8077294777,1988.0382007691783,18129.060314312344,3413.6524216455796,10077.214445631576,1.1368683772161603e-13,0.0,0.0,True,True
2025-06-01,151,causal_load_main,q2_accepted_no_hard_terminal,delivery_time_actual_price,8,0.6,36400.01610984313,0.0,59327.81113103042,95727.82724087355,51534.91944136885,51158.46337391507,14662.528464023591,0.0,10077.214445631576,2282.9583800101886,1.2079226507921703e-13,0.0,0.0,True,True
2025-06-02,152,causal_load_main,q2_accepted_no_hard_terminal,delivery_time_actual_price,8,0.6,41302.95835659676,0.0,45943.30493307192,87246.26328966868,59973.795581842205,59899.8005657846,9911.1200041089,120.17491164126162,2282.9583800101886,1200.0000000527002,2.2737367544323206e-13,0.0,0.0,True,True
2025-06-03,153,causal_load_main,q2_accepted_no_hard_terminal,delivery_time_actual_price,8,0.6,43570.95614049632,0.0,31450.555214505228,75021.51135500154,64274.53844726681,63929.83671258154,8291.043207107063,0.0,1200.0000000527002,2782.541129159659,1.6342482922482304e-13,0.0,0.0,True,True
2025-06-04,154,causal_load_main,q2_accepted_no_hard_terminal,delivery_time_actual_price,8,0.6,43174.067055191124,0.0,31628.84797568832,74802.91503087945,62507.457326058066,61731.80970809488,8674.34670752013,157.4640682627214,2782.541129159659,1313.8957907725785,2.2737367544323206e-13,0.0,0.0,True,True
2025-06-05,155,causal_load_main,q2_accepted_no_hard_terminal,delivery_time_actual_price,8,0.6,43426.24666114719,0.0,36579.74330386134,80005.98996500853,64408.25893393731,63658.31203655683,9587.686609360533,0.0,1313.8957907725785,1200.0,2.2737367544323206e-13,0.0,0.0,True,True
2025-06-06,156,causal_load_main,q2_accepted_no_hard_terminal,delivery_time_actual_price,8,0.6,14933.443647846936,0.0,35885.21186182197,50818.655509668904,31064.3752272865,30463.891541515797,11058.578097876063,8385.327086668094,1200.0,1270.6463284410559,1.1368683772161603e-13,0.0,0.0,True,True
2025-06-07,157,causal_load_main,q2_accepted_no_hard_terminal,delivery_time_actual_price,8,0.6,18491.943336803244,0.0,22861.890387151143,41353.83372395439,39517.4118656989,38598.35766669529,7213.074244866048,5615.1005538447225,1270.6463284410559,8107.038633434272,1.1368683772161603e-13,0.0,0.0,True,True
2025-06-08,158,causal_load_main,q2_accepted_no_hard_terminal,delivery_time_actual_price,8,0.6,51131.96177498603,0.0,2246.5262456818546,53378.488020667886,71716.7081113628,63932.32289679944,796.2200418290632,3067.2023514064235,8107.038633434272,2593.235095830915,2.2737367544323206e-13,0.0,0.0,True,True
2025-06-09,159,causal_load_main,q2_accepted_no_hard_terminal,delivery_time_actual_price,8,0.6,54452.024312750975,0.0,7185.936973315323,61637.9612860663,77081.10722358194,71007.57075889705,1832.9069167853215,708.5057333333336,2593.235095830915,1654.3879647416013,2.2737367544323206e-13,0.0,0.0,True,True
2025-06-10,160,causal_load_main,q2_accepted_no_hard_terminal,delivery_time_actual_price,8,0.6,55415.092324376485,0.0,3532.706628754734,58947.79895313122,80399.07130614818,73787.03002927217,905.422834644045,777.0905843531982,1654.3879647416013,1670.6675713348939,2.2737367544323206e-13,0.0,0.0,True,True
2025-06-11,161,causal_load_main,q2_accepted_no_hard_terminal,delivery_time_actual_price,8,0.6,55646.26071695988,0.0,18353.23008160689,73999.49079856677,79981.53145520558,75229.61200820882,3506.355540980673,159.84271666666677,1670.6675713348939,1686.753098791984,2.2737367544323206e-13,0.0,0.0,True,True
2025-06-12,162,causal_load_main,q2_accepted_no_hard_terminal,delivery_time_actual_price,8,0.6,57292.29322330131,0.0,5458.266889664783,62750.56011296609,82646.46199040463,73752.17685023186,1046.2280777024298,567.1786499999998,1686.753098791984,1632.3097654530218,2.2737367544323206e-13,0.0,0.0,True,True
2025-06-13,163,causal_load_main,q2_accepted_no_hard_terminal,delivery_time_actual_price,8,0.6,20274.031051859718,0.0,1581.2133046513923,21855.24435651111,40136.31043750037,37052.22813328891,408.3601886156261,6684.133213606525,1632.3097654530218,2598.8006725191035,2.2737367544323206e-13,0.0,0.0,True,True
2025-06-14,164,causal_load_main,q2_accepted_no_hard_terminal,delivery_time_actual_price,8,0.6,23481.99797763163,0.0,272.6776834956453,23754.675661127272,45549.39034214755,43315.357431101045,150.6752060101077,9800.990976318724,2598.8006725191035,8142.393308846216,1.1368683772161603e-13,0.0,0.0,True,True
2025-06-15,165,causal_load_main,q2_accepted_no_hard_terminal,delivery_time_actual_price,8,0.6,55875.53017462059,0.0,2497.5681315295246,58373.09830615011,78109.00963790859,68268.77622163441,502.4502245976896,15.12931666666675,8142.393308846216,4234.7044542576095,2.2737367544323206e-13,0.0,0.0,True,True
2025-06-16,166,causal_load_main,q2_accepted_no_hard_terminal,delivery_time_actual_price,8,0.6,59866.19958810593,0.0,2203.6087756513607,62069.808363757285,84298.8432045742,76106.53579678843,584.8978752024673,319.02199043486064,4234.7044542576095,5620.7966030275675,2.2737367544323206e-13,0.0,0.0,True,True
2025-06-17,167,causal_load_main,q2_accepted_no_hard_terminal,delivery_time_actual_price,8,0.6,56798.18606269248,0.0,4218.380701183224,61016.56676387571,81128.68493542192,74106.19485664865,974.5556115182119,55.77846666666683,5620.7966030275675,3630.3787260747345,2.2737367544323206e-13,0.0,0.0,True,True
2025-06-18,168,causal_load_main,q2_accepted_no_hard_terminal,delivery_time_actual_price,8,0.6,58088.263720422954,0.0,749.216352543175,58837.48007296613,82951.67672192774,72780.63830629732,243.95500227803979,221.7253333333333,3630.3787260747345,3527.9650461690876,2.2737367544323206e-13,0.0,0.0,True,True
2025-06-19,169,causal_load_main,q2_accepted_no_hard_terminal,delivery_time_actual_price,8,0.6,57100.04454226415,0.0,505.93246439105656,57605.97700665521,83126.08482383363,72416.5809161429,176.9164232563989,1579.203565832795,3527.9650461690876,3995.2553418703264,1.4033219031261979e-13,0.0,0.0,True,True
2025-06-20,170,causal_load_main,q2_accepted_no_hard_terminal,delivery_time_actual_price,8,0.6,20521.4231743072,0.0,32.08880186276765,20553.511976169968,39294.870680125314,34477.514152791075,19.34808674269982,10534.537926167737,3995.2553418703264,4060.831271271632,1.1368683772161603e-13,0.0,0.0,True,True
2025-06-21,171,causal_load_main,q2_accepted_no_hard_terminal,delivery_time_actual_price,8,0.6,21871.309914870162,0.0,451.05106608012863,22322.360980950292,43870.66880550662,38330.26325635714,201.3137888964542,12570.135803976002,4060.831271271632,8920.997775626602,1.1368683772161603e-13,0.0,0.0,True,True
