calibration_date,calibration_day_index,risk_alpha,k_target,validation_days,mean_validation_cost_yuan,standard_error_yuan,total_planned_fee_yuan,total_emergency_fee_yuan,total_cost_yuan,total_unused_quota_kwh,emergency_purchase_kwh,soc_window_start_kwh,soc_window_end_kwh,daily_soc_end_path_kwh,all_value_cuts_present,no_future_info,used_full_day_actual_scheduler,mean_elapsed_seconds,mean_solve_seconds,policy_loop,fallback_reason
2025-01-29,28,0.6,4,14,62821.581822204855,6139.561233722444,837938.6844407989,41563.46107006909,879502.1455108679,95851.4137733928,10003.280919905963,3568.1912366875945,4764.21890677958,4181.774877;2818.186580;5948.196220;9994.757643;4133.316982;3747.967754;5049.106247;4894.302389;2705.094598;6300.428277;10356.522643;6301.577353;4931.084586;4764.218907,True,True,False,5.11451220699954,5.11451220699954,day_ahead_joint_q+locked_q+causal_mpc+next_day_value_cuts,
2025-01-29,28,0.6,8,14,63891.731914403,6331.724044288243,874683.5314011296,19800.715400512287,894484.246801642,126253.26360738913,5279.071716928347,3568.1912366875945,5567.584575172764,3628.171517;2653.562508;4142.093658;9248.017239;4147.070078;4741.736684;5283.811107;4355.831912;2970.250803;5268.938971;9924.629626;4790.241807;5294.336665;5567.584575,True,True,False,6.055751649642583,6.055751649642583,day_ahead_joint_q+locked_q+causal_mpc+next_day_value_cuts,
2025-01-29,28,0.6,12,14,63612.82299294375,6349.954551723389,876194.9943154742,14384.527585738335,890579.5219012125,129151.16229623079,3569.096714582141,3568.1912366875945,4680.050130812786,3966.544966;3290.157977;3603.352607;10041.473648;4012.426416;4827.257708;5021.230236;4361.393480;2979.926961;5917.602489;9949.046034;4225.583247;4940.605207;4680.050131,True,True,False,7.162451717356556,7.162451717356556,day_ahead_joint_q+locked_q+causal_mpc+next_day_value_cuts,
2025-02-12,42,0.6,4,14,49405.03976942691,5251.385190739915,676296.1901195206,15374.36665245612,691670.5567719768,52517.23126065357,4450.755013669072,5567.584575172764,7136.698123503642,7023.031442;2858.078740;6381.644332;10227.175362;8624.894001;8774.855707;7222.117761;9247.223273;2588.265869;7821.700877;10800.000000;8363.935847;9409.662903;7136.698124,True,True,False,5.173717882000866,5.173717882000866,day_ahead_joint_q+locked_q+causal_mpc+next_day_value_cuts,
2025-02-12,42,0.6,8,14,49190.60186265413,5330.297313396235,678260.261470581,10408.164606576729,688668.4260771578,57788.65362252843,2610.54621015099,5567.584575172764,7159.8171134632075,7648.421234;2856.897139;5541.101078;10780.819761;8809.073217;8667.379342;8761.825315;9854.454897;2694.505416;8678.905247;10414.326136;7707.378880;8293.486218;7159.817113,True,True,False,6.125553200357119,6.125553200357119,day_ahead_joint_q+locked_q+causal_mpc+next_day_value_cuts,
2025-02-12,42,0.6,12,14,49208.06951114933,5340.5194008131175,678893.7970291483,10019.176126942379,688912.9731560907,57718.962270713,2487.9689284943775,5567.584575172764,7291.597960140336,7734.875589;2986.056019;5137.153755;10780.819761;10049.824307;8989.148985;7911.571317;9414.644116;2774.577807;8560.044855;10464.835428;7555.180570;8769.321350;7291.597960,True,True,False,7.394124670430236,7.394124670430236,day_ahead_joint_q+locked_q+causal_mpc+next_day_value_cuts,
2025-02-26,56,0.6,4,14,44204.8324198188,4634.899021004537,582462.8129689145,36404.84090854866,618867.6538774632,63937.59720061674,9644.286983857717,7159.817113463208,4698.371149806101,8462.670289;2725.174206;6955.750492;9635.390569;7329.947596;8217.708719;6760.646540;7112.711593;2266.628490;5730.501101;10053.796919;6157.436127;5193.036589;4698.371150,True,True,False,4.708254524501951,4.708254524501951,day_ahead_joint_q+locked_q+causal_mpc+next_day_value_cuts,
2025-02-26,56,0.6,8,14,43999.91372470478,4625.591964783329,581185.1649579317,34813.62718793516,615998.7921458669,62999.8379281528,9415.631038324527,7159.817113463208,5135.139380242664,8191.779003;2680.407423;7378.939575;9791.520925;7085.226728;7047.505347;5935.583054;6658.531756;2264.316199;6589.057889;10154.305163;5208.095864;5315.774933;5135.139380,True,True,False,5.722554966712778,5.722554966712778,day_ahead_joint_q+locked_q+causal_mpc+next_day_value_cuts,
2025-02-26,56,0.6,12,14,44322.974251766944,4609.098922983741,581191.1404570569,39330.499067680365,620521.6395247373,64417.773962827225,11028.61401692149,7159.817113463208,5174.102888264275,7057.770408;2600.171255;6646.573010;9951.424464;6856.874658;6720.638100;5168.278054;7104.279064;2273.401064;5822.245322;9800.069360;6557.948820;5756.527924;5174.102888,True,True,False,6.547115367785799,6.547115367785799,day_ahead_joint_q+locked_q+causal_mpc+next_day_value_cuts,
2025-03-12,70,0.6,4,14,42899.400403854976,5048.632849128393,501010.63569787005,99580.96995609964,600591.6056539697,26441.39839276526,25134.644956936096,5135.139380242664,7373.119509098313,8254.211112;2241.704473;5674.327195;10361.350408;6668.965507;4326.839078;6743.753265;6603.190549;1929.580920;3464.493777;10598.226102;5869.074689;5812.707235;7373.119509,True,True,False,4.5664051969277875,4.5664051969277875,day_ahead_joint_q+locked_q+causal_mpc+next_day_value_cuts,
2025-03-12,70,0.6,8,14,42235.46898922837,4955.001955757657,505401.91351071914,85894.65233847813,591296.5658491972,31511.65964871648,21258.73776332038,5135.139380242664,5859.66431411108,8113.665737;2128.123096;6582.433030;10336.831309;7231.552556;4399.095879;7137.252326;7386.400113;1920.760554;3537.651694;10640.353171;5939.754648;4960.447646;5859.664314,True,True,False,5.398429604284631,5.398429604284631,day_ahead_joint_q+locked_q+causal_mpc+next_day_value_cuts,
2025-03-12,70,0.6,12,14,42950.86235602678,5034.18960837163,505357.60178790794,95954.47119646696,601312.072984375,31883.8378290521,24081.589366234257,5135.139380242664,5734.402517563275,7200.267975;2071.572423;6249.219514;9921.396399;7244.094030;4743.135939;7231.258109;7536.350708;1944.783180;5009.509314;10328.560631;7611.022337;5767.166288;5734.402518,True,True,False,6.585097457714645,6.585097457714645,day_ahead_joint_q+locked_q+causal_mpc+next_day_value_cuts,
2025-03-26,84,0.6,4,14,37908.94410267261,4037.4595228202948,447875.78605648456,82849.4313809319,530725.2174374165,31906.764119248637,22637.239813389067,5859.66431411108,5216.223202037094,4930.788097;1949.694604;4741.772709;10173.791083;5900.773094;4673.020871;5798.052653;4646.653296;2287.577004;5693.567711;9979.215040;5845.314838;5419.226727;5216.223202,True,True,False,4.64143510492795,4.64143510492795,day_ahead_joint_q+locked_q+causal_mpc+next_day_value_cuts,
2025-03-26,84,0.6,8,14,37208.8619894178,3941.9552275556725,450633.4494554087,70290.61839644048,520924.0678518492,29870.56075834738,19220.312015373536,5859.66431411108,7256.3960567611275,6468.325169;1959.687402;5762.841825;10165.425466;7297.573088;6225.800949;5573.082277;7125.188613;2317.040994;5763.915481;9934.827850;6073.591144;5950.301975;7256.396057,True,True,False,5.372369411786037,5.372369411786037,day_ahead_joint_q+locked_q+causal_mpc+next_day_value_cuts,
2025-03-26,84,0.6,12,14,37609.45730143357,4045.1894893896238,450015.0674628557,76517.3347572142,526532.40222007,31275.097743749444,21426.712495276,5859.66431411108,7278.214039780285,5701.040905;1959.687402;5382.402421;10083.005254;7297.046114;6982.744675;6048.373397;6290.284471;1461.156992;5073.401431;9987.177229;5790.392837;6697.232685;7278.214040,True,True,False,6.4827816066431945,6.4827816066431945,day_ahead_joint_q+locked_q+causal_mpc+next_day_value_cuts,
2025-04-09,98,0.6,4,14,37578.87774592698,4112.697027847963,398733.2173320903,127371.07111088732,526104.2884429777,30063.226431430205,38825.63449370091,7256.396056761127,5088.078975815868,6078.599033;1567.930490;5431.434294;10007.618460;6215.971694;5539.328263;5291.000275;5675.051529;2244.233161;6847.460270;10508.850559;7000.142481;5387.262693;5088.078976,True,True,False,4.575539727929156,4.575539727929156,day_ahead_joint_q+locked_q+causal_mpc+next_day_value_cuts,
2025-04-09,98,0.6,8,14,37000.4253465617,4141.419072212371,398546.1232343506,119459.83161751322,518005.9548518638,25549.880346372818,36493.02394917261,7256.396056761127,5225.403611142893,5366.365728;2274.830139;5803.419438;10094.094480;5656.245156;4270.904753;3962.268255;7655.467218;2129.896763;6522.385725;10418.126618;7908.923403;5283.504533;5225.403611,True,True,False,5.280517646143251,5.280517646143251,day_ahead_joint_q+locked_q+causal_mpc+next_day_value_cuts,
2025-04-09,98,0.6,12,14,36450.13048634881,4058.7722943885133,398780.97065753525,111520.85615134807,510301.82680888334,23313.698425831302,34161.09190372129,7256.396056761127,5717.695058555448,5416.012369;2279.428183;6183.593226;10114.570483;5106.267546;4877.294983;4575.339193;6551.088777;2134.056137;6204.341795;10445.398372;6354.218136;6012.000751;5717.695059,True,True,False,6.277574047427541,6.277574047427541,day_ahead_joint_q+locked_q+causal_mpc+next_day_value_cuts,
2025-04-23,112,0.6,4,14,32288.94666953895,3596.6464249481105,373553.52246541664,78491.73090812865,452045.2533735453,12065.905786478912,26305.933380408547,5225.403611142893,7103.0241680886575,6813.635107;2261.829292;5006.682599;10563.047718;8280.161535;6601.912875;7678.766037;6595.504771;2340.714079;4073.666195;10709.370847;7059.464377;5193.281496;7103.024168,True,True,False,4.891188123499887,4.891188123499887,day_ahead_joint_q+locked_q+causal_mpc+next_day_value_cuts,
2025-04-23,112,0.6,8,14,32028.580921999182,3565.3745174021706,375206.1579777841,73193.97493020438,448400.13290798856,15235.986984415624,22967.2669437617,5225.403611142893,8359.6796713218,8145.070126;2254.739160;6245.564209;10673.591783;8266.725546;6827.518467;7570.313349;6648.424642;2280.101740;4736.186488;10174.821396;6142.895677;5303.303190;8359.679671,True,True,False,5.6219666687866265,5.6219666687866265,day_ahead_joint_q+locked_q+causal_mpc+next_day_value_cuts,
2025-04-23,112,0.6,12,14,31777.24901345063,3553.3735959129276,374745.60772149876,70135.87846681007,444881.4861883088,15399.289575648845,21892.8076331784,5225.403611142893,7807.618663635678,7571.330515;2246.432933;6354.906443;10686.482054;8209.330400;5880.176538;6833.529153;5883.915168;2289.103856;4246.344787;9909.314261;4651.327891;5135.835088;7807.618664,True,True,False,6.786251090642638,6.786251090642638,day_ahead_joint_q+locked_q+causal_mpc+next_day_value_cuts,
2025-05-07,126,0.6,4,14,37552.53835058274,3872.529321693811,353898.4266822755,171837.11022588288,525735.5369081583,12806.827673834432,45897.30513963602,8359.6796713218,4580.377198317174,6388.676274;2227.157158;7644.994676;10454.156680;5082.831117;5849.888881;9129.908398;7942.019550;1918.725629;5320.216708;10075.006543;4832.953749;4363.957594;4580.377198,True,True,False,4.754103365643199,4.754103365643199,day_ahead_joint_q+locked_q+causal_mpc+next_day_value_cuts,
2025-05-07,126,0.6,8,14,36575.3530138567,3715.0093210763225,355769.92403702065,156285.01815697312,512054.9421939938,12181.033790879615,40370.88452556977,8359.6796713218,5360.078165190028,7197.509144;2216.838223;5427.682115;10278.177765;5814.110406;6679.204841;9118.510912;9034.452926;2668.840183;6690.968836;9383.818627;5101.869153;4914.086087;5360.078165,True,True,False,5.4463542517140535,5.4463542517140535,day_ahead_joint_q+locked_q+causal_mpc+next_day_value_cuts,
2025-05-07,126,0.6,12,14,36274.075041635006,3721.2700048385177,360244.22112119425,147592.8294616959,507837.05058289005,13582.02790405947,38562.084470738904,8359.6796713218,5815.9277025823685,6948.294764;2197.198318;5845.812204;10252.090267;4320.486314;5620.679083;8313.006854;7597.331529;1927.747053;7504.538626;9795.458780;5468.697107;5136.551016;5815.927703,True,True,False,6.666404967572037,6.666404967572037,day_ahead_joint_q+locked_q+causal_mpc+next_day_value_cuts,
2025-05-21,140,0.6,4,14,35117.83452105227,3559.2666736171705,395003.5592814118,96646.12401331995,491649.6832947318,16705.657137011236,25568.013800057644,5360.078165190028,3262.7291992115997,9205.465815;2661.498114;2538.251796;7752.143204;5764.644697;6413.157602;5893.598530;5849.708978;2789.367732;2970.302046;9161.286340;2849.338521;3585.069328;3262.729199,True,True,False,4.629786577572044,4.629786577572044,day_ahead_joint_q+locked_q+causal_mpc+next_day_value_cuts,
2025-05-21,140,0.6,8,14,34906.06507145109,3305.950784789745,388096.0176858387,100588.89331447655,488684.9110003153,15820.55790767495,25919.34982766845,5360.078165190028,2367.9271054381215,7885.637688;1909.669656;3605.616381;9194.915062;4885.001003;6700.680773;6470.711954;5622.193447;2017.757104;2807.585931;9113.942865;2658.681308;3829.991553;2367.927105,True,True,False,5.508595292713186,5.508595292713186,day_ahead_joint_q+locked_q+causal_mpc+next_day_value_cuts,
2025-05-21,140,0.6,12,14,34903.56952105446,3452.848436305445,394531.36229487736,94118.61099988513,488649.9732947624,20780.62009069999,23291.16803028653,5360.078165190028,2444.63616647853,7767.154774;2039.943285;3619.519377;8630.572433;4263.635420;6610.822017;6582.818442;5770.195253;2474.235957;2363.560574;8927.041343;2491.500416;3771.958604;2444.636166,True,True,False,6.232347384212127,6.232347384212127,day_ahead_joint_q+locked_q+causal_mpc+next_day_value_cuts,
2025-06-04,154,0.6,4,14,44261.05213863412,7300.861216281263,418093.5891306216,201561.14081025604,619654.7299408776,27479.179818387736,52625.7345607875,2367.927105438121,3789.2778779890937,3134.460917;3483.690182;3009.555232;10240.492160;3397.247623;3334.545174;5318.868161;2661.441809;2798.101743;2838.610004;10654.948520;3439.483171;1200.000000;3789.277878,True,True,False,4.621016460142918,4.621016460142918,day_ahead_joint_q+locked_q+causal_mpc+next_day_value_cuts,
2025-06-04,154,0.6,8,14,42706.392805412,6969.741428558671,421969.71003201406,175919.78924375397,597889.499275768,23548.87269893266,46657.03272120687,2367.927105438121,2782.541129159659,3048.474988;3403.419356;4585.623495;10484.524529;4562.688728;2805.969167;4671.629327;3686.755632;3214.118080;3413.652422;10077.214446;2282.958380;1200.000000;2782.541129,True,True,False,5.472473268571775,5.472473268571775,day_ahead_joint_q+locked_q+causal_mpc+next_day_value_cuts,
2025-06-04,154,0.6,12,14,43051.19806814224,7209.010715950355,415574.66713096533,187142.10582302616,602716.7729539914,24032.964999775213,50930.87163877138,2367.927105438121,2747.745268036697,4256.311345;3074.742776;2430.437478;10010.581444;3218.891047;4167.829698;5300.552633;3313.772695;3167.498210;4121.166096;10030.887145;2335.709454;1730.560834;2747.745268,True,True,False,6.420073955356202,6.420073955356202,day_ahead_joint_q+locked_q+causal_mpc+next_day_value_cuts,
2025-06-18,168,0.6,4,14,56774.36274304159,4812.1600055592635,605116.2622359431,189724.81616663915,794841.0784025822,59512.32800045296,51745.854812827805,2782.541129159659,4496.489936635967,1260.863039;1822.405418;2734.304442;9331.189164;2031.956844;2459.613164;1929.041091;2629.353907;1499.291448;2364.119391;8145.374617;3716.875959;5007.627276;4496.489937,True,True,False,4.898764686714068,4.898764686714068,day_ahead_joint_q+locked_q+causal_mpc+next_day_value_cuts,
2025-06-18,168,0.6,8,14,56054.64906088079,4606.086183268966,610259.2779082735,174505.8089440575,784765.0868523311,67534.44606150295,47241.75817750841,2782.541129159659,3630.3787260747345,1313.895791;1200.000000;1270.646328;8107.038633;2593.235096;1654.387965;1670.667571;1686.753099;1632.309765;2598.800673;8142.393309;4234.704454;5620.796603;3630.378726,True,True,False,5.358334560927948,5.358334560927948,day_ahead_joint_q+locked_q+causal_mpc+next_day_value_cuts,
2025-06-18,168,0.6,12,14,54765.26465136573,4827.507975269171,615624.6548198479,151089.05029927217,766713.7051191202,70117.86191224286,39728.70488055682,2782.541129159659,3365.069411580838,1308.553476;1200.000000;1336.460160;7310.003143;2420.926855;1652.829445;1816.719255;1690.939133;1739.352702;2150.940103;7750.091728;3958.070983;4806.903261;3365.069412,True,True,False,6.382143616284468,6.382143616284468,day_ahead_joint_q+locked_q+causal_mpc+next_day_value_cuts,
2025-07-02,182,0.6,4,14,50229.30492055841,5240.870866234302,657681.1196100273,45529.14927779039,703210.2688878177,120082.81080108539,11500.66406159965,3630.378726074736,1296.3873937624207,3595.569839;3204.284534;4178.598559;9804.284564;4625.607707;4294.182773;4989.198932;4299.301265;4070.349402;5146.512963;9820.124122;5357.314552;4872.756290;1296.387394,True,True,False,4.913870753572804,4.913870753572804,day_ahead_joint_q+locked_q+causal_mpc+next_day_value_cuts,
2025-07-02,182,0.6,8,14,49313.449184818564,5074.922451034878,653111.1114025287,37277.17718493118,690388.28858746,113660.29881101054,9503.2668742418,3630.378726074736,1353.4663710406976,3527.965046;3995.255342;4060.831271;8920.997776;4418.778726;4310.004372;4894.250546;4292.308927;3914.936164;4540.204346;10800.000000;5509.557748;5225.690412;1353.466371,True,True,False,5.707060600427732,5.707060600427732,day_ahead_joint_q+locked_q+causal_mpc+next_day_value_cuts,
2025-07-02,182,0.6,12,14,49040.98184187937,5015.923091731973,652658.264230649,33915.48155566212,686573.7457863112,109680.2340693717,7957.0415723774195,3630.378726074736,1316.3706867643757,3630.622083;3748.896477;4071.893402;9220.369444;4570.179924;4399.969432;4551.220989;4545.501105;4138.063105;4595.599123;10800.000000;5582.333679;5215.978314;1316.370687,True,True,False,6.593054376999914,6.593054376999914,day_ahead_joint_q+locked_q+causal_mpc+next_day_value_cuts,
2025-07-16,196,0.6,4,14,59292.78665287892,4635.855633495902,670392.1857684059,159706.82737189895,830099.013140305,24177.8269866906,41147.31112741766,1353.4663710406976,2892.743633386544,1208.347243;1323.381966;1914.524590;8370.578015;1235.886906;3597.380826;1683.305051;2494.796955;1645.001429;2403.501269;9011.741849;3750.789547;4832.981541;2892.743633,True,True,False,4.839669121285884,4.839669121285884,day_ahead_joint_q+locked_q+causal_mpc+next_day_value_cuts,
2025-07-16,196,0.6,8,14,61222.01181610984,4942.450148125099,667980.9736878222,189127.19173771548,857108.1654255379,27559.558526015375,45874.09923277976,1353.4663710406976,3484.974026032321,1240.682327;1323.381966;1882.212390;7556.092421;1379.937500;3301.984594;1719.943246;1728.343532;1629.540150;2420.848784;8095.544108;3867.340427;4380.418643;3484.974026,True,True,False,5.610661685572268,5.610661685572268,day_ahead_joint_q+locked_q+causal_mpc+next_day_value_cuts,
2025-07-16,196,0.6,12,14,61758.266555323506,4974.160324473263,663439.4466241238,201176.28515040534,864615.7317745291,23759.681357858124,48078.29968198761,1353.4663710406976,3224.37303136873,1340.386070;1268.930924;1872.833074;8091.020069;1233.605639;3310.575381;1737.313728;2056.822575;1593.323726;2339.518315;7292.748465;3811.501529;4427.409961;3224.373031,True,True,False,6.786381434356632,6.786381434356632,day_ahead_joint_q+locked_q+causal_mpc+next_day_value_cuts,
2025-07-30,210,0.6,4,14,52446.87414927584,4291.981828371837,696725.967426198,37530.27066366375,734256.2380898618,42286.79078942711,10051.819299795563,3484.974026032321,4825.711114596176,3695.707675;2555.906069;3083.600366;9577.551225;5670.398140;3914.348851;4100.621379;3817.005021;4255.089954;4204.471698;9293.969817;4458.779006;3470.048097;4825.711115,True,True,False,4.944818232499529,4.944818232499529,day_ahead_joint_q+locked_q+causal_mpc+next_day_value_cuts,
2025-07-30,210,0.6,8,14,52574.59545854658,4447.034151257602,697220.8197782635,38823.51664138852,736044.3364196521,39900.25763883781,10266.806745139373,3484.974026032321,4975.622560483395,3523.670482;2626.685568;3603.832950;8373.006421;4365.010451;3618.738906;4056.182437;3791.586462;4192.785732;4428.362537;9136.406679;4738.170558;4222.935910;4975.622560,True,True,False,6.002184532143604,6.002184532143604,day_ahead_joint_q+locked_q+causal_mpc+next_day_value_cuts,
2025-07-30,210,0.6,12,14,52333.565121189466,4308.956526634235,703520.8401879161,29149.07150873629,732669.9116966525,43928.48911954492,8062.0785498632895,3484.974026032321,5292.511223306673,3347.510713;2544.629209;3033.738230;8353.424114;4375.169129;3651.555361;4145.420460;4704.331760;4458.361664;4565.617126;9104.907921;5025.199463;4555.388938;5292.511223,True,True,False,7.041542097571177,7.041542097571177,day_ahead_joint_q+locked_q+causal_mpc+next_day_value_cuts,
2025-08-13,224,0.6,4,14,48667.150255050314,4051.0880615642945,657703.2384816079,23636.865089096482,681340.1035707043,55068.270742943474,5829.322841429267,4975.622560483395,2913.260870201252,5813.943561;5635.419725;5576.868279;9971.549134;2807.403988;3420.691301;3133.684613;3746.712120;2776.440623;3366.868740;9699.750643;3771.592757;2495.936642;2913.260870,True,True,False,4.843391904285714,4.843391904285714,day_ahead_joint_q+locked_q+causal_mpc+next_day_value_cuts,
2025-08-13,224,0.6,8,14,49210.37415248314,4108.3251178527335,668893.7103829718,20051.52775179225,688945.238134764,68813.32807173704,5159.460008593584,4975.622560483395,2635.663084556454,5559.199125;5077.838800;6050.153773;10013.846354;4260.911751;4751.623083;4181.217293;2595.981104;3056.613542;2645.496848;9503.120817;3506.877463;2844.754224;2635.663085,True,True,False,5.602005356714861,5.602005356714861,day_ahead_joint_q+locked_q+causal_mpc+next_day_value_cuts,
2025-08-13,224,0.6,12,14,50406.65768487078,4134.109829706711,684726.1138719008,20967.093716289888,705693.2075881909,87946.55481185806,5200.173712855446,4975.622560483395,2691.1525588534123,5767.435003;5441.597155;5808.509224;10048.114464;4816.597786;5125.338116;4644.166285;3617.464264;4182.207734;4085.036674;9551.221550;2581.650568;2440.915414;2691.152559,True,True,False,6.521684080857085,6.521684080857085,day_ahead_joint_q+locked_q+causal_mpc+next_day_value_cuts,
2025-08-27,238,0.6,4,14,51304.38958581963,4352.77670412051,607437.5436041981,110823.9105972766,718261.4542014748,34340.780206241,30478.551916801363,2635.663084556454,3071.984148291371,4215.878411;3395.869856;3457.682385;9535.905865;1838.133203;1304.498040;1275.397032;3565.610298;1324.715948;1388.244592;9433.071094;2270.224598;1978.611463;3071.984148,True,True,False,4.995576494359868,4.995576494359868,day_ahead_joint_q+locked_q+causal_mpc+next_day_value_cuts,
2025-08-27,238,0.6,8,14,50219.74544080582,4404.781237823014,607051.3426575019,96025.09351377958,703076.4361712815,22616.34107593962,26680.318431061085,2635.663084556454,4139.66977672586,4044.397399;3123.176543;3132.244290;9381.408648;2924.922261;1873.376660;2317.703070;3285.253191;1424.064572;1502.169064;9549.628756;2367.928221;2430.666230;4139.669777,True,True,False,5.8286922425738465,5.8286922425738465,day_ahead_joint_q+locked_q+causal_mpc+next_day_value_cuts,
2025-08-27,238,0.6,12,14,49460.38374480098,4323.075266274829,607610.3239533795,84835.0484738342,692445.3724272137,28083.121449466493,23786.47203693745,2635.663084556454,3431.1114815967762,3742.182687;2813.692086;2303.542345;9174.513975;2276.629828;2002.856209;2544.067440;2793.648869;1955.050887;1534.396988;9869.337462;2339.216742;2403.802662;3431.111482,True,True,False,6.873971366355753,6.873971366355753,day_ahead_joint_q+locked_q+causal_mpc+next_day_value_cuts,
2025-09-10,252,0.6,4,14,42540.83283990722,3907.7769066144397,552569.349939769,43002.30981893212,595571.6597587011,69372.4329496864,12359.91077584437,4139.66977672586,7969.594821388618,3849.286146;1501.856268;2504.136894;9412.457076;2862.464388;7031.473815;7647.383875;5312.955141;5596.244559;6025.619124;10200.486617;5636.380962;6265.907838;7969.594821,True,True,False,4.7835219512853655,4.7835219512853655,day_ahead_joint_q+locked_q+causal_mpc+next_day_value_cuts,
2025-09-10,252,0.6,8,14,42336.137474947376,3879.178903458748,551606.990171311,41098.93447795237,592705.9246492633,66011.97645528021,11348.188385852493,4139.66977672586,6768.5349076182865,2602.793208;1477.382551;2495.853707;9821.919233;2823.802738;6437.402763;7641.490026;5499.884322;5706.015445;7093.188944;10160.503130;5970.410333;8350.394187;6768.534908,True,True,False,5.482560502999279,5.482560502999279,day_ahead_joint_q+locked_q+causal_mpc+next_day_value_cuts,
2025-09-10,252,0.6,12,14,42377.908179602644,3904.238455881495,553526.3126255502,39764.4018888868,593290.714514437,66797.24849703842,10809.0651404252,4139.66977672586,7634.634226903917,2216.603169;1467.384209;1774.845563;9836.258733;2826.186632;6423.797961;7170.831900;5757.742429;5678.757741;6532.273326;10160.503130;5991.715496;8217.595642;7634.634227,True,True,False,6.56818161800142,6.56818161800142,day_ahead_joint_q+locked_q+causal_mpc+next_day_value_cuts,
2025-09-24,266,0.6,4,14,38824.25857066138,3734.3595650830343,491663.96631797275,51875.65367128668,543539.6199892594,30087.28228832403,13406.273107870711,6768.534907618287,3767.157755865294,5108.749844;5046.647481;4970.476044;9422.443204;6573.771336;7262.854722;6589.525084;5466.165732;2994.834951;3618.322429;10162.333705;3578.183357;2080.574135;3767.157756,True,True,False,4.415213058930282,4.415213058930282,day_ahead_joint_q+locked_q+causal_mpc+next_day_value_cuts,
2025-09-24,266,0.6,8,14,39176.54418590634,3813.7863683170553,496566.5189792104,51905.099623478294,548471.6186026888,29973.873626786564,12655.558866568143,6768.534907618287,3816.5560641029133,5608.437509;5219.976188;5677.866309;9654.018392;5370.425405;7854.041082;6262.438020;6207.477468;2924.582070;4265.201406;7829.622520;5643.256581;2297.102252;3816.556064,True,True,False,5.415537673072582,5.415537673072582,day_ahead_joint_q+locked_q+causal_mpc+next_day_value_cuts,
2025-09-24,266,0.6,12,14,39319.478855318324,3828.1560704982053,497041.6197570765,53431.08421737998,550472.7039744565,32774.94026524357,12983.492976650296,6768.534907618287,3738.7039101407336,5289.324036;5292.992647;5709.161458;9688.665875;5887.411306;7517.082227;6230.158881;5356.474023;2852.156182;4881.405459;7778.275141;6373.721679;2288.595180;3738.703910,True,True,False,6.355304883645398,6.355304883645398,day_ahead_joint_q+locked_q+causal_mpc+next_day_value_cuts,
2025-10-08,280,0.6,4,14,38497.16235930192,3932.582761717607,458366.29263006616,80593.98040016064,538960.2730302268,22000.182964361386,22782.35697699605,3816.556064102913,6199.7385005859,5118.886672;1685.382899;3528.957466;8002.273835;5597.532483;3211.030837;2531.853104;3737.461411;2946.189878;4980.992979;10314.728390;5861.703614;3845.926745;6199.738501,True,True,False,4.649194343140282,4.649194343140282,day_ahead_joint_q+locked_q+causal_mpc+next_day_value_cuts,
2025-10-08,280,0.6,8,14,38970.43458996867,3979.72609448915,459108.4012043406,86477.68305522078,545586.0842595614,21480.04550200292,23997.03625301553,3816.556064102913,6367.823362836445,4709.847405;1220.367163;3625.975386;8111.245567;5697.832729;2535.665658;2524.573363;3942.521043;3521.546931;5513.990140;10142.208105;5705.404587;3560.932035;6367.823363,True,True,False,5.39883913900225,5.39883913900225,day_ahead_joint_q+locked_q+causal_mpc+next_day_value_cuts,
2025-10-08,280,0.6,12,14,39805.667617267594,4082.8145017520274,460598.5807661933,96680.76587555307,557279.3466417463,23322.803037155452,26368.874033117292,3816.556064102913,6812.367465919045,3712.631259;1200.000000;3971.108278;7629.133762;5408.093951;3111.555649;2483.107873;4212.682876;3471.060672;4822.118085;8805.475047;6920.808595;3247.183311;6812.367466,True,True,False,6.226256254357785,6.226256254357785,day_ahead_joint_q+locked_q+causal_mpc+next_day_value_cuts,
2025-10-22,294,0.6,4,14,39629.01004977497,4264.997060300155,450037.164163967,104768.97653288278,554806.1406968497,19968.37453671108,28385.893245415285,6367.823362836445,6513.254028060651,5047.648011;2070.715480;6168.132591;9141.834128;6116.742153;6200.099126;6126.479495;7333.328680;2062.604272;5798.352880;9110.007940;8290.348333;8685.603267;6513.254028,True,True,False,4.892587430286637,4.892587430286637,day_ahead_joint_q+locked_q+causal_mpc+next_day_value_cuts,
2025-10-22,294,0.6,8,14,39062.67456129736,4192.300610904785,453470.5383352373,93406.90552292572,546877.4438581631,19081.721856522992,26249.09539098687,6367.823362836445,8281.582105525817,6310.125938;2573.499911;6266.819762;8864.831464;5685.152742;5519.530009;6268.575629;8209.184257;1925.408515;5287.512532;9121.438651;8695.388417;8905.919795;8281.582106,True,True,False,5.626968540929998,5.626968540929998,day_ahead_joint_q+locked_q+causal_mpc+next_day_value_cuts,
2025-10-22,294,0.6,12,14,38825.48145146877,4212.845584796675,454304.5692713555,89252.17104920722,543556.7403205627,19074.078220318246,24483.981736223748,6367.823362836445,8169.399657008768,6564.874893;2545.561052;6535.810387;9089.908816;5434.798972;4994.473942;6631.776126;6761.087315;2008.659711;6571.327166;8817.657120;7854.366376;8834.286202;8169.399657,True,True,False,6.595944531430307,6.595944531430307,day_ahead_joint_q+locked_q+causal_mpc+next_day_value_cuts,
2025-11-05,308,0.6,4,14,42939.07054890455,4098.449162659743,501521.5924886006,99625.39519606321,601146.9876846637,24735.5909131728,21620.96058109484,8281.582105525817,5944.812558268948,7025.613475;1244.401007;4173.251783;8094.230069;7178.556974;6654.219931;8256.087369;7693.439918;1200.000000;5670.496944;7092.783785;6249.828412;4374.746076;5944.812558,True,True,False,4.8270363341403675,4.8270363341403675,day_ahead_joint_q+locked_q+causal_mpc+next_day_value_cuts,
2025-11-05,308,0.6,8,14,41786.023300703135,4236.402444644354,505304.6273732093,79699.69883663468,585004.3262098439,22283.419573909454,17091.63843333886,8281.582105525817,6577.419157325673,7846.158371;1228.755107;6483.074881;8357.126956;8408.728545;7878.467300;8295.977110;6579.158404;1200.000000;6549.487705;7661.936442;6357.969349;5039.339110;6577.419157,True,True,False,5.587348683856752,5.587348683856752,day_ahead_joint_q+locked_q+causal_mpc+next_day_value_cuts,
2025-11-05,308,0.6,12,14,41310.08863628074,4196.384092949631,505133.13394825504,73208.10695967551,578341.2409079304,19540.282166260684,15883.898851745123,8281.582105525817,6433.695850399087,7747.048365;1226.758213;5856.720978;7924.858027;8366.118607;7866.997308;8050.859771;7027.010989;1200.000000;6335.614893;8729.319055;6364.416222;4804.771148;6433.695850,True,True,False,6.8220498705725605,6.8220498705725605,day_ahead_joint_q+locked_q+causal_mpc+next_day_value_cuts,
2025-11-19,322,0.6,4,14,44395.85234287988,4648.455174383986,566983.8240801444,54558.108720174074,621541.9328003183,18944.348351816127,13504.083494674554,6577.419157325673,4838.783028235763,5734.392984;1239.669587;6988.902577;9350.835613;5963.032956;5435.494956;3363.396056;4192.625671;1280.644611;4986.441282;8735.688746;6495.190876;7162.200738;4838.783028,True,True,False,4.866623873856692,4.866623873856692,day_ahead_joint_q+locked_q+causal_mpc+next_day_value_cuts,
2025-11-19,322,0.6,8,14,44039.842368242134,4592.384684472284,567863.4281288006,48694.36502658923,616557.7931553898,17872.60302647541,11941.415016647534,6577.419157325673,4498.175726336919,5636.565533;1239.669587;7088.248408;9251.722635;5853.615574;5830.754452;2252.638698;2907.274778;1305.854781;4645.554645;9545.980384;6438.547396;6374.461937;4498.175726,True,True,False,5.668935853642844,5.668935853642844,day_ahead_joint_q+locked_q+causal_mpc+next_day_value_cuts,
2025-11-19,322,0.6,12,14,43715.27328377005,4527.221045164196,568462.8823967563,43550.94357602441,612013.8259727807,16111.170613326007,10899.487979158399,6577.419157325673,4134.38642845618,5706.881052;1283.982847;6501.293670;9309.354702;5806.169902;5035.280899;3338.817527;3476.067610;1305.854781;4577.985379;8895.858383;6628.659183;5754.428246;4134.386428,True,True,False,6.881849990642097,6.881849990642097,day_ahead_joint_q+locked_q+causal_mpc+next_day_value_cuts,
2025-12-03,336,0.6,4,14,52523.756084069326,6772.077223035491,625151.2110344479,110181.37414252278,735332.5851769706,19177.248373596278,26069.93695698256,4498.175726336919,7105.070147545898,8308.570562;1205.776295;5695.713019;9683.299999;7883.591459;7371.525503;7121.719514;9113.769447;2025.891602;8765.015516;10120.061922;9170.855990;6502.078692;7105.070148,True,True,False,4.978557470641265,4.978557470641265,day_ahead_joint_q+locked_q+causal_mpc+next_day_value_cuts,
2025-12-03,336,0.6,8,14,52337.90829701127,6856.755694556481,625136.794178503,107593.92197965492,732730.7161581578,17850.346668215523,25784.076871559697,4498.175726336919,7349.29756126778,6472.677775;1276.399738;5397.619546;9826.512323;8559.192376;7399.113056;6654.725662;9059.185785;2086.858253;7334.954336;10433.200084;8915.711947;6444.096438;7349.297561,True,True,False,5.610768125213716,5.610768125213716,day_ahead_joint_q+locked_q+causal_mpc+next_day_value_cuts,
2025-12-03,336,0.6,12,14,52124.70577729816,6876.714712669755,625424.1485250787,104321.73235709559,729745.8808821742,17489.892770124985,24918.51633440657,4498.175726336919,6605.227339054353,6557.394775;1230.447048;6557.210971;10368.352863;6775.534848;7384.441263;6714.220249;8360.341649;1478.693351;8318.191026;10527.912372;8918.026214;6368.201274;6605.227339,True,True,False,6.859497861071889,6.859497861071889,day_ahead_joint_q+locked_q+causal_mpc+next_day_value_cuts,
2025-12-17,350,0.6,4,14,64431.395402786446,5716.894351216741,758305.3289319518,143734.20670705845,902039.5356390103,29354.94773820782,39653.51142034665,7349.29756126778,8763.604592948426,5499.771949;1953.865253;5555.910778;10204.113097;9400.075839;7107.179758;8462.114591;7331.710965;2714.015570;8562.799324;9933.831776;10469.097865;9018.294627;8763.604593,True,True,False,5.031147795928908,5.031147795928908,day_ahead_joint_q+locked_q+causal_mpc+next_day_value_cuts,
2025-12-17,350,0.6,8,14,64559.60452056036,5842.146710814846,754490.6113326639,149343.85195518096,903834.463287845,26375.820481457675,41244.0416445685,7349.29756126778,8605.17308746635,6062.349082;1953.937574;6380.962979;10122.581925;9343.508372;7395.068718;8412.789188;6505.436257;2684.118502;8733.618050;9772.725088;9866.448845;8289.217059;8605.173087,True,True,False,6.059732590926744,6.059732590926744,day_ahead_joint_q+locked_q+causal_mpc+next_day_value_cuts,
2025-12-17,350,0.6,12,14,62629.01783892138,5738.760040561412,762417.55131033,114388.69843456928,876806.2497448993,25974.055586799088,32018.99504155512,7349.29756126778,8763.843235972638,6931.786224;2117.877118;6182.358671;9496.754419;9500.775576;7395.417492;7851.518321;7279.088330;2664.153497;8559.821750;9627.013700;9250.304969;8101.570755;8763.843236,True,True,False,7.590897716284546,7.590897716284546,day_ahead_joint_q+locked_q+causal_mpc+next_day_value_cuts,
2025-12-31,364,0.6,4,14,58869.85435395175,5847.513894629822,815673.1355410506,8504.825414273897,824177.9609553245,72422.18201538868,2815.2063174419404,8605.17308746635,8625.861995499949,8298.636834;2036.197589;8748.430981;9673.546023;8976.511941;8208.037824;10058.760160;8588.656059;2452.494827;10099.782466;10784.019592;9389.943811;8401.717275;8625.861995,True,True,False,5.017929358786205,5.017929358786205,day_ahead_joint_q+locked_q+causal_mpc+next_day_value_cuts,
2025-12-31,364,0.6,8,14,58979.68161121205,5910.322243668701,818850.4547958381,6865.087761130596,825715.5425569688,78716.40954614493,2019.092658896527,8605.17308746635,9546.563400017607,8358.871111;1978.293544;8493.420056;9726.102757;8792.778477;8602.360150;9312.173592;9124.100317;2331.028836;10274.539098;10800.000000;9000.207889;8874.648867;9546.563400,True,True,False,6.102468706358715,6.102468706358715,day_ahead_joint_q+locked_q+causal_mpc+next_day_value_cuts,
2025-12-31,364,0.6,12,14,58746.189994822256,5906.866002391139,819356.2888179737,3090.3711095377857,822446.6599275116,77339.06253732512,741.7666077548738,8605.17308746635,9027.318613871143,8439.826436;1970.077137;8888.950511;9798.062605;8586.320262;7694.959451;9761.469882;8976.523030;2513.931749;10507.048752;10800.000000;8805.760167;7845.995248;9027.318614,True,True,False,7.857453572714543,7.857453572714543,day_ahead_joint_q+locked_q+causal_mpc+next_day_value_cuts,
