date,day_index,soc_start_kwh,soc_end_kwh
2025-01-01,0,6000.0,8110.865510773811
2025-01-02,1,8110.865510773811,4604.460587832082
2025-01-03,2,4604.460587832082,9851.34344839337
2025-01-04,3,9851.34344839337,10239.104363400544
2025-01-05,4,10239.104363400544,1714.518974312743
2025-01-06,5,1714.518974312743,1374.019228333526
2025-01-07,6,1374.019228333526,2594.226437367969
2025-01-08,7,2594.226437367969,2322.630759268399
2025-01-09,8,2322.630759268399,2579.565283274223
2025-01-10,9,2579.565283274223,2445.339823801065
2025-01-11,10,2445.339823801065,6440.635435837187
2025-01-12,11,6440.635435837187,7359.015458286699
2025-01-13,12,7359.015458286699,3266.6245759696176
2025-01-14,13,3266.6245759696176,3568.1912366875945
2025-01-15,14,3568.1912366875945,3533.6694856066983
2025-01-16,15,3533.6694856066983,2544.910210138776
2025-01-17,16,2544.910210138776,4130.876102655302
2025-01-18,17,4130.876102655302,9298.624440896505
2025-01-19,18,9298.624440896505,4147.070078633674
2025-01-20,19,4147.070078633674,4745.340752081357
2025-01-21,20,4745.340752081357,5300.430265790338
2025-01-22,21,5300.430265790338,4366.235376445688
2025-01-23,22,4366.235376445688,2953.7213298808733
2025-01-24,23,2953.7213298808733,5126.974140713356
2025-01-25,24,5126.974140713356,9888.652726529104
2025-01-26,25,9888.652726529104,4790.241806641908
2025-01-27,26,4790.241806641908,5294.336664485763
2025-01-28,27,5294.336664485763,5567.584575172764
2025-01-29,28,5567.584575172764,7648.421234239666
2025-01-30,29,7648.421234239666,2856.897139443545
2025-01-31,30,2856.897139443545,5541.10107809877
2025-02-01,31,5541.10107809877,10780.819760999611
2025-02-02,32,10780.819760999611,8809.073216666658
2025-02-03,33,8809.073216666658,8667.37934154216
2025-02-04,34,8667.37934154216,8761.825315457974
2025-02-05,35,8761.825315457974,9854.45489708209
2025-02-06,36,9854.45489708209,2694.5054157260683
2025-02-07,37,2694.5054157260683,8678.905247015953
2025-02-08,38,8678.905247015953,10414.326136271124
2025-02-09,39,10414.326136271124,7707.378879721521
2025-02-10,40,7707.378879721521,8293.486218292075
2025-02-11,41,8293.486218292075,7159.817113463208
2025-02-12,42,7159.817113463208,8191.779003495339
2025-02-13,43,8191.779003495339,2680.4074229688194
2025-02-14,44,2680.4074229688194,7378.939574721154
2025-02-15,45,7378.939574721154,9791.520924619525
2025-02-16,46,9791.520924619525,7085.226727895957
2025-02-17,47,7085.226727895957,7047.505346508641
2025-02-18,48,7047.505346508641,5935.583054264484
2025-02-19,49,5935.583054264484,6658.53175621144
2025-02-20,50,6658.53175621144,2264.316198684326
2025-02-21,51,2264.316198684326,6589.057889411258
2025-02-22,52,6589.057889411258,10154.30516306487
2025-02-23,53,10154.30516306487,5208.095863655623
2025-02-24,54,5208.095863655623,5315.774932599275
2025-02-25,55,5315.774932599275,5135.139380242664
2025-02-26,56,5135.139380242664,8113.665737328914
2025-02-27,57,8113.665737328914,2128.1230960015373
2025-02-28,58,2128.1230960015373,6582.433029807403
2025-03-01,59,6582.433029807403,10336.831308693882
2025-03-02,60,10336.831308693882,7231.552555829508
2025-03-03,61,7231.552555829508,4399.095879144732
2025-03-04,62,4399.095879144732,7137.252326397221
2025-03-05,63,7137.252326397221,7386.400112817805
2025-03-06,64,7386.400112817805,1920.760554271697
2025-03-07,65,1920.760554271697,3537.651694048589
2025-03-08,66,3537.651694048589,10640.353170739929
2025-03-09,67,10640.353170739929,5939.754648408057
2025-03-10,68,5939.754648408057,4960.44764622996
2025-03-11,69,4960.44764622996,5859.66431411108
2025-03-12,70,5859.66431411108,6468.325169020757
2025-03-13,71,6468.325169020757,1959.6874016928052
2025-03-14,72,1959.6874016928052,5762.841824699753
2025-03-15,73,5762.841824699753,10165.425466049848
2025-03-16,74,10165.425466049848,7297.573087600093
2025-03-17,75,7297.573087600093,6225.800948655463
2025-03-18,76,6225.800948655463,5573.082276736373
2025-03-19,77,5573.082276736373,7125.188612962742
2025-03-20,78,7125.188612962742,2317.040993996761
2025-03-21,79,2317.040993996761,5763.915480599688
2025-03-22,80,5763.915480599688,9934.827849546096
2025-03-23,81,9934.827849546096,6073.591143988606
2025-03-24,82,6073.591143988606,5950.30197510797
2025-03-25,83,5950.30197510797,7256.396056761127
2025-03-26,84,7256.396056761127,5366.365728278319
2025-03-27,85,5366.365728278319,2274.8301387831443
2025-03-28,86,2274.8301387831443,5803.419438011815
2025-03-29,87,5803.419438011815,10094.094479929969
2025-03-30,88,10094.094479929969,5656.2451564450375
2025-03-31,89,5656.2451564450375,4270.904753371006
2025-04-01,90,4270.904753371006,3962.268255455528
2025-04-02,91,3962.268255455528,7655.467217758899
2025-04-03,92,7655.467217758899,2129.896763290778
2025-04-04,93,2129.896763290778,6522.385724992906
2025-04-05,94,6522.385724992906,10418.126618109629
2025-04-06,95,10418.126618109629,7908.923402961441
2025-04-07,96,7908.923402961441,5283.504532549637
2025-04-08,97,5283.504532549637,5225.403611142893
2025-04-09,98,5225.403611142893,8145.070126309398
2025-04-10,99,8145.070126309398,2254.739159956082
2025-04-11,100,2254.739159956082,6245.564209368535
2025-04-12,101,6245.564209368535,10673.59178293615
2025-04-13,102,10673.59178293615,8266.725545988002
2025-04-14,103,8266.725545988002,6827.51846679298
2025-04-15,104,6827.51846679298,7570.31334858861
2025-04-16,105,7570.31334858861,6648.424641936552
2025-04-17,106,6648.424641936552,2280.101739932144
2025-04-18,107,2280.101739932144,4736.186488149963
2025-04-19,108,4736.186488149963,10174.821396011754
2025-04-20,109,10174.821396011754,6142.895677442321
2025-04-21,110,6142.895677442321,5303.303190291228
2025-04-22,111,5303.303190291228,8359.6796713218
2025-04-23,112,8359.6796713218,7197.509143990277
2025-04-24,113,7197.509143990277,2216.8382233115067
2025-04-25,114,2216.8382233115067,5427.682115442166
2025-04-26,115,5427.682115442166,10278.177764600252
2025-04-27,116,10278.177764600252,5814.110405511739
2025-04-28,117,5814.110405511739,6679.20484062318
2025-04-29,118,6679.20484062318,9118.510912092614
2025-04-30,119,9118.510912092614,9034.45292595202
2025-05-01,120,9034.45292595202,2668.8401833666826
2025-05-02,121,2668.8401833666826,6690.968836020682
2025-05-03,122,6690.968836020682,9383.818626731509
2025-05-04,123,9383.818626731509,5101.869153184229
2025-05-05,124,5101.869153184229,4914.086087355111
2025-05-06,125,4914.086087355111,5360.078165190028
2025-05-07,126,5360.078165190028,7885.63768849394
2025-05-08,127,7885.63768849394,1909.6696559368572
2025-05-09,128,1909.6696559368572,3605.616381173361
2025-05-10,129,3605.616381173361,9194.91506246769
2025-05-11,130,9194.91506246769,4885.001003260768
2025-05-12,131,4885.001003260768,6700.680773019619
2025-05-13,132,6700.680773019619,6470.711954475601
2025-05-14,133,6470.711954475601,5622.193447017606
2025-05-15,134,5622.193447017606,2017.7571039447728
2025-05-16,135,2017.7571039447728,2807.585930633318
2025-05-17,136,2807.585930633318,9113.942865157664
2025-05-18,137,9113.942865157664,2658.6813076395533
2025-05-19,138,2658.6813076395533,3829.991552961637
2025-05-20,139,3829.991552961637,2367.927105438121
2025-05-21,140,2367.927105438121,3048.474987995006
2025-05-22,141,3048.474987995006,3403.4193560634203
2025-05-23,142,3403.4193560634203,4585.62349518086
2025-05-24,143,4585.62349518086,10484.524529355662
2025-05-25,144,10484.524529355662,4562.688727693554
2025-05-26,145,4562.688727693554,2805.9691667361903
2025-05-27,146,2805.9691667361903,4671.62932664902
2025-05-28,147,4671.62932664902,3686.755632283892
2025-05-29,148,3686.755632283892,3214.1180799697017
2025-05-30,149,3214.1180799697017,3413.65242164558
2025-05-31,150,3413.65242164558,10077.214445631576
2025-06-01,151,10077.214445631576,2282.9583800101886
2025-06-02,152,2282.9583800101886,1200.0000000527002
2025-06-03,153,1200.0000000527002,2782.541129159659
2025-06-04,154,2782.541129159659,1313.8957907725785
2025-06-05,155,1313.8957907725785,1200.0
2025-06-06,156,1200.0,1270.646328441056
2025-06-07,157,1270.646328441056,8107.038633434272
2025-06-08,158,8107.038633434272,2593.235095830915
2025-06-09,159,2593.235095830915,1654.3879647416013
2025-06-10,160,1654.3879647416013,1670.667571334894
2025-06-11,161,1670.667571334894,1686.753098791984
2025-06-12,162,1686.753098791984,1632.3097654530218
2025-06-13,163,1632.3097654530218,2598.8006725191035
2025-06-14,164,2598.8006725191035,8142.393308846216
2025-06-15,165,8142.393308846216,4234.7044542576095
2025-06-16,166,4234.7044542576095,5620.796603027568
2025-06-17,167,5620.796603027568,3630.3787260747354
2025-06-18,168,3630.3787260747354,3527.965046169088
2025-06-19,169,3527.965046169088,3995.2553418703264
2025-06-20,170,3995.2553418703264,4060.831271271632
2025-06-21,171,4060.831271271632,8920.997775626602
2025-06-22,172,8920.997775626602,4418.778725916674
2025-06-23,173,4418.778725916674,4310.004372134119
2025-06-24,174,4310.004372134119,4894.250546156436
2025-06-25,175,4894.250546156436,4292.3089269558495
2025-06-26,176,4292.3089269558495,3914.936164261132
2025-06-27,177,3914.936164261132,4540.204345609453
2025-06-28,178,4540.204345609453,10799.999999789488
2025-06-29,179,10799.999999789488,5509.5577480916045
2025-06-30,180,5509.5577480916045,5225.690412165319
2025-07-01,181,5225.690412165319,1353.4663710406976
2025-07-02,182,1353.4663710406976,1240.6823268562484
2025-07-03,183,1240.6823268562484,1323.3819661120583
2025-07-04,184,1323.3819661120583,1882.212389629149
2025-07-05,185,1882.212389629149,7556.092420573565
2025-07-06,186,7556.092420573565,1379.9374995720118
2025-07-07,187,1379.9374995720118,3301.984593525419
2025-07-08,188,3301.984593525419,1719.9432462571017
2025-07-09,189,1719.9432462571017,1728.3435319788928
2025-07-10,190,1728.3435319788928,1629.5401504117654
2025-07-11,191,1629.5401504117654,2420.8487839179293
2025-07-12,192,2420.8487839179293,8095.544107913338
2025-07-13,193,8095.544107913338,3867.340427432124
2025-07-14,194,3867.340427432124,4380.418643265532
2025-07-15,195,4380.418643265532,3484.974026032321
2025-07-16,196,3484.974026032321,3523.670482021603
2025-07-17,197,3523.670482021603,2626.6855676228915
2025-07-18,198,2626.6855676228915,3603.83294991587
2025-07-19,199,3603.83294991587,8373.006420752148
2025-07-20,200,8373.006420752148,4365.010450567845
2025-07-21,201,4365.010450567845,3618.738905900445
2025-07-22,202,3618.738905900445,4056.18243713923
2025-07-23,203,4056.18243713923,3791.586462027824
2025-07-24,204,3791.586462027824,4192.785731922928
2025-07-25,205,4192.785731922928,4428.362536641136
2025-07-26,206,4428.362536641136,9136.406678643203
2025-07-27,207,9136.406678643203,4738.17055816651
2025-07-28,208,4738.17055816651,4222.935910217841
2025-07-29,209,4222.935910217841,4975.622560483395
2025-07-30,210,4975.622560483395,5559.19912540006
2025-07-31,211,5559.19912540006,5077.838799589468
2025-08-01,212,5077.838799589468,6050.15377261439
2025-08-02,213,6050.15377261439,10013.846354196146
2025-08-03,214,10013.846354196146,4260.911750906898
2025-08-04,215,4260.911750906898,4751.623083309691
2025-08-05,216,4751.623083309691,4181.217293050526
2025-08-06,217,4181.217293050526,2595.9811037316244
2025-08-07,218,2595.9811037316244,3056.613542406892
2025-08-08,219,3056.613542406892,2645.4968481318324
2025-08-09,220,2645.4968481318324,9503.1208165911
2025-08-10,221,9503.1208165911,3506.8774630213848
2025-08-11,222,3506.8774630213848,2844.754224340387
2025-08-12,223,2844.754224340387,2635.663084556454
2025-08-13,224,2635.663084556454,4044.3973990168633
2025-08-14,225,4044.3973990168633,3123.176543102525
2025-08-15,226,3123.176543102525,3132.2442896823754
2025-08-16,227,3132.2442896823754,9381.40864807165
2025-08-17,228,9381.40864807165,2924.922261225866
2025-08-18,229,2924.922261225866,1873.3766602881128
2025-08-19,230,1873.3766602881128,2317.7030704719764
2025-08-20,231,2317.7030704719764,3285.2531908548594
2025-08-21,232,3285.2531908548594,1424.064572054241
2025-08-22,233,1424.064572054241,1502.169064090225
2025-08-23,234,1502.169064090225,9549.628756057387
2025-08-24,235,9549.628756057387,2367.928220763555
2025-08-25,236,2367.928220763555,2430.6662299664417
2025-08-26,237,2430.6662299664417,4139.66977672586
2025-08-27,238,4139.66977672586,2602.7932081427366
2025-08-28,239,2602.7932081427366,1477.3825512965807
2025-08-29,240,1477.3825512965807,2495.853706622183
2025-08-30,241,2495.853706622183,9821.91923323669
2025-08-31,242,9821.91923323669,2823.802737911724
2025-09-01,243,2823.802737911724,6437.4027625939525
2025-09-02,244,6437.4027625939525,7641.490025992935
2025-09-03,245,7641.490025992935,5499.884322299297
2025-09-04,246,5499.884322299297,5706.015445134549
2025-09-05,247,5706.015445134549,7093.1889441721305
2025-09-06,248,7093.1889441721305,10160.503129557152
2025-09-07,249,10160.503129557152,5970.410333025835
2025-09-08,250,5970.410333025835,8350.394187463287
2025-09-09,251,8350.394187463287,6768.534907618287
2025-09-10,252,6768.534907618287,5608.437509342179
2025-09-11,253,5608.437509342179,5219.976187539859
2025-09-12,254,5219.976187539859,5677.86630893033
2025-09-13,255,5677.86630893033,9654.018392049458
2025-09-14,256,9654.018392049458,5370.425405409331
2025-09-15,257,5370.425405409331,7854.041082037201
2025-09-16,258,7854.041082037201,6262.438019972956
2025-09-17,259,6262.438019972956,6207.477468181712
2025-09-18,260,6207.477468181712,2924.582069551105
2025-09-19,261,2924.582069551105,4265.201405771567
2025-09-20,262,4265.201405771567,7829.622520234
2025-09-21,263,7829.622520234,5643.256580997222
2025-09-22,264,5643.256580997222,2297.1022521753885
2025-09-23,265,2297.1022521753885,3816.556064102913
2025-09-24,266,3816.556064102913,4709.847404985511
2025-09-25,267,4709.847404985511,1220.367162856144
2025-09-26,268,1220.367162856144,3625.975385994086
2025-09-27,269,3625.975385994086,8111.245566576727
2025-09-28,270,8111.245566576727,5697.832728598091
2025-09-29,271,5697.832728598091,2535.6656579610853
2025-09-30,272,2535.6656579610853,2524.5733629231268
2025-10-01,273,2524.5733629231268,3942.521042546472
2025-10-02,274,3942.521042546472,3521.5469309006025
2025-10-03,275,3521.5469309006025,5513.9901403942185
2025-10-04,276,5513.9901403942185,10142.208104760635
2025-10-05,277,10142.208104760635,5705.404586859647
2025-10-06,278,5705.404586859647,3560.932034700324
2025-10-07,279,3560.932034700324,6367.823362836445
2025-10-08,280,6367.823362836445,6310.125937872695
2025-10-09,281,6310.125937872695,2573.499911338492
2025-10-10,282,2573.499911338492,6266.819762300398
2025-10-11,283,6266.819762300398,8864.831463637072
2025-10-12,284,8864.831463637072,5685.1527417755215
2025-10-13,285,5685.1527417755215,5519.530009127337
2025-10-14,286,5519.530009127337,6268.575629118442
2025-10-15,287,6268.575629118442,8209.184257090687
2025-10-16,288,8209.184257090687,1925.4085152789075
2025-10-17,289,1925.4085152789075,5287.512531550525
2025-10-18,290,5287.512531550525,9121.438650968228
2025-10-19,291,9121.438650968228,8695.388417358845
2025-10-20,292,8695.388417358845,8905.919794975933
2025-10-21,293,8905.919794975933,8281.582105525817
2025-10-22,294,8281.582105525817,7846.158370896895
2025-10-23,295,7846.158370896895,1228.7551072631022
2025-10-24,296,1228.7551072631022,6483.074881258198
2025-10-25,297,6483.074881258198,8357.126956462846
2025-10-26,298,8357.126956462846,8408.728545346226
2025-10-27,299,8408.728545346226,7878.46729953034
2025-10-28,300,7878.46729953034,8295.977110316284
2025-10-29,301,8295.977110316284,6579.158404348954
2025-10-30,302,6579.158404348954,1200.0
2025-10-31,303,1200.0,6549.487705260464
2025-11-01,304,6549.487705260464,7661.936441775311
2025-11-02,305,7661.936441775311,6357.969349252649
2025-11-03,306,6357.969349252649,5039.339110034708
2025-11-04,307,5039.339110034708,6577.419157325673
2025-11-05,308,6577.419157325673,5636.565533162534
2025-11-06,309,5636.565533162534,1239.6695870959395
2025-11-07,310,1239.6695870959395,7088.248407605286
2025-11-08,311,7088.248407605286,9251.722635413733
2025-11-09,312,9251.722635413733,5853.615573734171
2025-11-10,313,5853.615573734171,5830.754452183894
2025-11-11,314,5830.754452183894,2252.638698456392
2025-11-12,315,2252.638698456392,2907.2747777372792
2025-11-13,316,2907.2747777372792,1305.85478094389
2025-11-14,317,1305.85478094389,4645.554644583497
2025-11-15,318,4645.554644583497,9545.980383926768
2025-11-16,319,9545.980383926768,6438.547395795901
2025-11-17,320,6438.547395795901,6374.461936626634
2025-11-18,321,6374.461936626634,4498.175726336919
2025-11-19,322,4498.175726336919,6472.67777475028
2025-11-20,323,6472.67777475028,1276.3997375786264
2025-11-21,324,1276.3997375786264,5397.619545550052
2025-11-22,325,5397.619545550052,9826.512322533275
2025-11-23,326,9826.512322533275,8559.192375721623
2025-11-24,327,8559.192375721623,7399.113056217541
2025-11-25,328,7399.113056217541,6654.725661581364
2025-11-26,329,6654.725661581364,9059.18578464703
2025-11-27,330,9059.18578464703,2086.858253108391
2025-11-28,331,2086.858253108391,7334.954336256576
2025-11-29,332,7334.954336256576,10433.20008357341
2025-11-30,333,10433.20008357341,8915.711946820642
2025-12-01,334,8915.711946820642,6444.096438174092
2025-12-02,335,6444.096438174092,7349.29756126778
2025-12-03,336,7349.29756126778,6062.349081850306
2025-12-04,337,6062.349081850306,1953.93757425192
2025-12-05,338,1953.93757425192,6380.962978828834
2025-12-06,339,6380.962978828834,10122.581925114033
2025-12-07,340,10122.581925114033,9343.508371615651
2025-12-08,341,9343.508371615651,7395.068717567491
2025-12-09,342,7395.068717567491,8412.789187665781
2025-12-10,343,8412.789187665781,6505.436257375531
2025-12-11,344,6505.436257375531,2684.11850245564
2025-12-12,345,2684.11850245564,8733.618050170662
2025-12-13,346,8733.618050170662,9772.725087694824
2025-12-14,347,9772.725087694824,9866.448845153773
2025-12-15,348,9866.448845153773,8289.217058766604
2025-12-16,349,8289.217058766604,8605.17308746635
2025-12-17,350,8605.17308746635,8358.871111004939
2025-12-18,351,8358.871111004939,1978.2935444472132
2025-12-19,352,1978.2935444472132,8493.420055746115
2025-12-20,353,8493.420055746115,9726.10275685638
2025-12-21,354,9726.10275685638,8792.778476911988
2025-12-22,355,8792.778476911988,8602.36014990008
2025-12-23,356,8602.36014990008,9312.17359239202
2025-12-24,357,9312.17359239202,9124.100317032697
2025-12-25,358,9124.100317032697,2331.0288360327318
2025-12-26,359,2331.0288360327318,10274.53909808734
2025-12-27,360,10274.53909808734,10799.999999742407
2025-12-28,361,10799.999999742407,9000.20788857116
2025-12-29,362,9000.20788857116,8874.648866752952
2025-12-30,363,8874.648866752952,9546.563400017609
2025-12-31,364,9546.563400017609,1200.0
