time,planned_g0_kwh,final_g_kwh,normal_x_kwh,load_kwh,forecast_load_kwh,actual_pv_kwh,forecast_pv_kwh,charge_kwh,discharge_kwh,curtailment_kwh,emergency_kwh,soc_kwh,balance_residual_kwh,last_update_time,price,phi_yuan,emergency_cost_yuan,run_id,pv_mapping_mode,settlement_mode,year_end_soc_kwh,year_end_boundary
00:10,1394.3306208333333,1394.3306208333333,1394.3306208333333,612.9184666666666,560.9972875,0.0,0.0,833.3333333333335,0.0,0.0,51.921179166666775,8976.129817416897,-1.1368683772161603e-13,00:00,0.4248,592.31164773,110.28058455000024,2025-12-04__M18_only__causal_load_main__linear_anchor_main__anchor_final_main__48h__ye6000,linear_anchor_main,anchor_final_main,6000.0,B_energy_neutral
00:20,1398.0520166666665,1398.0520166666665,1398.0520166666665,598.4276166666666,564.7186833333333,0.0,0.0,833.3333333333335,0.0,0.0,33.70893333333356,9766.699232458992,0.0,00:00,0.4245,593.473081075,71.54721100000049,2025-12-04__M18_only__causal_load_main__linear_anchor_main__anchor_final_main__48h__ye6000,linear_anchor_main,anchor_final_main,6000.0,B_energy_neutral
00:30,840.9175611432563,840.9175611432563,817.787977809923,561.9266666666666,585.05625,0.0,0.0,255.86131114325636,0.0,0.0,0.0,10009.430584957905,-2.842170943040401e-14,00:00,0.4269,358.98770685205614,0.0,2025-12-04__M18_only__causal_load_main__linear_anchor_main__anchor_final_main__48h__ye6000,linear_anchor_main,anchor_final_main,6000.0,B_energy_neutral
00:40,573.9057833333333,573.9057833333333,556.16585,556.16585,573.9057833333333,0.0,0.0,0.0,0.0,0.0,0.0,10009.430584957905,0.0,00:00,0.4272,245.17255063999997,0.0,2025-12-04__M18_only__causal_load_main__linear_anchor_main__anchor_final_main__48h__ye6000,linear_anchor_main,anchor_final_main,6000.0,B_energy_neutral
00:50,565.4392666666665,565.4392666666665,565.4392666666665,605.5646333333333,565.4392666666665,0.0,0.0,0.0,0.0,0.0,40.125366666666764,10009.430584957905,0.0,00:00,0.4271,241.49911079333327,85.68772051666687,2025-12-04__M18_only__causal_load_main__linear_anchor_main__anchor_final_main__48h__ye6000,linear_anchor_main,anchor_final_main,6000.0,B_energy_neutral
01:00,575.48375,575.48375,575.48375,649.8249999999999,575.48375,0.0,0.0,0.0,0.0,0.0,74.34124999999995,10009.430584957905,0.0,00:00,0.4285,246.59478687499998,159.2761281249999,2025-12-04__M18_only__causal_load_main__linear_anchor_main__anchor_final_main__48h__ye6000,linear_anchor_main,anchor_final_main,6000.0,B_energy_neutral
01:10,583.0282416666666,583.0282416666666,583.0282416666666,605.0016166666667,583.0282416666666,0.0,0.0,0.0,0.0,0.0,21.973375000000033,10009.430584957905,0.0,00:00,0.4311,251.34347498249997,47.36360981250007,2025-12-04__M18_only__causal_load_main__linear_anchor_main__anchor_final_main__48h__ye6000,linear_anchor_main,anchor_final_main,6000.0,B_energy_neutral
01:20,579.1937958333333,579.1937958333333,579.1937958333333,593.8768833333334,579.1937958333333,0.0,0.0,0.0,0.0,0.0,14.683087500000056,10009.430584957905,0.0,00:00,0.4302,249.1691709675,31.583321212500124,2025-12-04__M18_only__causal_load_main__linear_anchor_main__anchor_final_main__48h__ye6000,linear_anchor_main,anchor_final_main,6000.0,B_energy_neutral
01:30,575.5445833333333,575.5445833333333,575.5445833333333,637.4766666666667,575.5445833333333,0.0,0.0,0.0,0.0,0.0,61.93208333333337,10009.430584957905,0.0,00:00,0.4279,246.27552720833333,132.50369229166674,2025-12-04__M18_only__causal_load_main__linear_anchor_main__anchor_final_main__48h__ye6000,linear_anchor_main,anchor_final_main,6000.0,B_energy_neutral
01:40,589.4445,589.4445,589.4445,636.3686833333334,589.4445,0.0,0.0,0.0,0.0,0.0,46.92418333333342,10009.430584957905,0.0,00:00,0.4312,254.1684684,101.16853926666685,2025-12-04__M18_only__causal_load_main__linear_anchor_main__anchor_final_main__48h__ye6000,linear_anchor_main,anchor_final_main,6000.0,B_energy_neutral
01:50,594.9890791666666,594.9890791666666,594.9890791666666,624.6713166666666,594.9890791666666,0.0,0.0,0.0,0.0,0.0,29.682237500000042,10009.430584957905,0.0,00:00,0.4333,257.8087680029166,64.30656754375009,2025-12-04__M18_only__causal_load_main__linear_anchor_main__anchor_final_main__48h__ye6000,linear_anchor_main,anchor_final_main,6000.0,B_energy_neutral
02:00,587.7783333333333,587.7783333333333,587.7783333333333,631.6283333333333,587.7783333333333,0.0,0.0,0.0,0.0,0.0,43.85000000000002,10009.430584957905,0.0,00:00,0.4311,253.39123949999998,94.51867500000004,2025-12-04__M18_only__causal_load_main__linear_anchor_main__anchor_final_main__48h__ye6000,linear_anchor_main,anchor_final_main,6000.0,B_energy_neutral
02:10,588.4593208333333,588.4593208333333,588.4593208333333,645.4946666666666,588.4593208333333,0.0,0.0,0.0,0.0,0.0,57.03534583333328,10009.430584957905,0.0,00:00,0.4293,252.62558643375002,122.42636983124989,2025-12-04__M18_only__causal_load_main__linear_anchor_main__anchor_final_main__48h__ye6000,linear_anchor_main,anchor_final_main,6000.0,B_energy_neutral
02:20,588.5969541666666,588.5969541666666,588.5969541666666,651.2597499999999,588.5969541666666,0.0,0.0,0.0,0.0,0.0,62.66279583333335,10009.430584957905,0.0,00:00,0.4324,254.50932298166663,135.4769645916667,2025-12-04__M18_only__causal_load_main__linear_anchor_main__anchor_final_main__48h__ye6000,linear_anchor_main,anchor_final_main,6000.0,B_energy_neutral
02:30,589.4649999999999,589.4649999999999,589.4649999999999,653.0716666666666,589.4649999999999,0.0,0.0,0.0,0.0,0.0,63.60666666666668,10009.430584957905,0.0,00:00,0.4367,257.41936549999997,138.88515666666672,2025-12-04__M18_only__causal_load_main__linear_anchor_main__anchor_final_main__48h__ye6000,linear_anchor_main,anchor_final_main,6000.0,B_energy_neutral
02:40,602.1858208333333,602.1858208333333,602.1858208333333,666.4070999999999,602.1858208333333,0.0,0.0,0.0,0.0,0.0,64.22127916666659,10009.430584957905,0.0,00:00,0.4348,261.83039489833334,139.61706090833317,2025-12-04__M18_only__causal_load_main__linear_anchor_main__anchor_final_main__48h__ye6000,linear_anchor_main,anchor_final_main,6000.0,B_energy_neutral
02:50,608.8008958333332,608.8008958333332,608.8008958333332,674.5431666666666,608.8008958333332,0.0,0.0,0.0,0.0,0.0,65.74227083333335,10009.430584957905,0.0,00:00,0.4335,263.91518834374995,142.49637203125005,2025-12-04__M18_only__causal_load_main__linear_anchor_main__anchor_final_main__48h__ye6000,linear_anchor_main,anchor_final_main,6000.0,B_energy_neutral
03:00,603.70875,603.70875,603.70875,666.805,603.70875,0.0,0.0,0.0,0.0,0.0,63.09624999999994,10009.430584957905,0.0,00:00,0.4357,263.035902375,137.45518062499985,2025-12-04__M18_only__causal_load_main__linear_anchor_main__anchor_final_main__48h__ye6000,linear_anchor_main,anchor_final_main,6000.0,B_energy_neutral
03:10,598.5028416666667,598.5028416666667,598.5028416666667,653.9120666666666,598.5028416666667,0.0,0.0,0.0,0.0,0.0,55.40922499999999,10009.430584957905,0.0,00:00,0.4374,261.785142945,121.179975075,2025-12-04__M18_only__causal_load_main__linear_anchor_main__anchor_final_main__48h__ye6000,linear_anchor_main,anchor_final_main,6000.0,B_energy_neutral
03:20,594.4154916666666,594.4154916666666,594.4154916666666,672.44525,594.4154916666666,0.0,0.0,0.0,0.0,0.0,78.02975833333335,10009.430584957905,0.0,00:00,0.4371,259.8190114075,170.53403683750003,2025-12-04__M18_only__causal_load_main__linear_anchor_main__anchor_final_main__48h__ye6000,linear_anchor_main,anchor_final_main,6000.0,B_energy_neutral
03:30,592.8341666666666,592.8341666666666,592.8341666666666,709.2116666666667,592.8341666666666,0.0,0.0,0.0,0.0,0.0,116.37750000000005,10009.430584957905,0.0,00:00,0.4356,258.238563,253.4701950000001,2025-12-04__M18_only__causal_load_main__linear_anchor_main__anchor_final_main__48h__ye6000,linear_anchor_main,anchor_final_main,6000.0,B_energy_neutral
03:40,597.1245791666665,597.1245791666665,597.1245791666665,712.0353499999999,597.1245791666665,0.0,0.0,0.0,0.0,0.0,114.91077083333334,10009.430584957905,0.0,00:00,0.4353,259.92832931124997,250.10329271875,2025-12-04__M18_only__causal_load_main__linear_anchor_main__anchor_final_main__48h__ye6000,linear_anchor_main,anchor_final_main,6000.0,B_energy_neutral
03:50,606.5118249999999,606.5118249999999,606.5118249999999,697.1003166666666,606.5118249999999,0.0,0.0,0.0,0.0,0.0,90.58849166666664,10009.430584957905,0.0,00:00,0.436,264.43915569999996,197.4829118333333,2025-12-04__M18_only__causal_load_main__linear_anchor_main__anchor_final_main__48h__ye6000,linear_anchor_main,anchor_final_main,6000.0,B_energy_neutral
04:00,614.5883333333333,614.5883333333333,614.5883333333333,697.495,614.5883333333333,0.0,0.0,0.0,0.0,0.0,82.90666666666675,10009.430584957905,0.0,00:00,0.4378,269.0667723333333,181.48269333333351,2025-12-04__M18_only__causal_load_main__linear_anchor_main__anchor_final_main__48h__ye6000,linear_anchor_main,anchor_final_main,6000.0,B_energy_neutral
04:10,612.3696249999999,612.3696249999999,612.3696249999999,724.6378833333333,612.3696249999999,0.0,0.0,0.0,0.0,0.0,112.26825833333339,10009.430584957905,0.0,00:00,0.4401,269.50387196249994,247.0463024625001,2025-12-04__M18_only__causal_load_main__linear_anchor_main__anchor_final_main__48h__ye6000,linear_anchor_main,anchor_final_main,6000.0,B_energy_neutral
04:20,599.4321333333332,599.4321333333332,599.4321333333332,711.2717166666666,599.4321333333332,0.0,0.0,0.0,0.0,0.0,111.8395833333334,10009.430584957905,0.0,00:00,0.4389,263.09076331999995,245.43196562500015,2025-12-04__M18_only__causal_load_main__linear_anchor_main__anchor_final_main__48h__ye6000,linear_anchor_main,anchor_final_main,6000.0,B_energy_neutral
04:30,591.3916666666667,591.3916666666667,591.3916666666667,679.6099999999999,591.3916666666667,0.0,0.0,0.0,0.0,0.0,88.21833333333325,10009.430584957905,0.0,00:00,0.4364,258.08332333333334,192.49240333333313,2025-12-04__M18_only__causal_load_main__linear_anchor_main__anchor_final_main__48h__ye6000,linear_anchor_main,anchor_final_main,6000.0,B_energy_neutral
04:40,606.2297,606.2297,606.2297,713.6951166666665,606.2297,0.0,0.0,0.0,0.0,0.0,107.46541666666656,10009.430584957905,0.0,00:00,0.4393,266.31670721,236.04778770833312,2025-12-04__M18_only__causal_load_main__linear_anchor_main__anchor_final_main__48h__ye6000,linear_anchor_main,anchor_final_main,6000.0,B_energy_neutral
04:50,617.1689708333333,617.1689708333333,617.1689708333333,714.4745666666665,617.1689708333333,0.0,0.0,0.0,0.0,0.0,97.3055958333332,10009.430584957905,0.0,00:00,0.4422,272.91211890249997,215.1426723874997,2025-12-04__M18_only__causal_load_main__linear_anchor_main__anchor_final_main__48h__ye6000,linear_anchor_main,anchor_final_main,6000.0,B_energy_neutral
05:00,612.8125,612.8125,612.8125,674.9816666666666,612.8125,0.0,0.0,0.0,0.0,0.0,62.16916666666657,10009.430584957905,0.0,00:00,0.4395,269.33109375,136.61674374999978,2025-12-04__M18_only__causal_load_main__linear_anchor_main__anchor_final_main__48h__ye6000,linear_anchor_main,anchor_final_main,6000.0,B_energy_neutral
05:10,607.4158416666667,607.4158416666667,607.4158416666667,689.7351,607.4158416666667,0.00025,0.0,0.0,0.0,0.0,82.31900833333327,10009.430584957905,0.0,00:00,0.4333,263.19328419416667,178.34413155416655,2025-12-04__M18_only__causal_load_main__linear_anchor_main__anchor_final_main__48h__ye6000,linear_anchor_main,anchor_final_main,6000.0,B_energy_neutral
05:20,610.093075,610.093075,610.093075,705.3463666666667,610.093075,0.0,0.0,0.0,0.0,0.0,95.25329166666666,10009.430584957905,0.0,00:00,0.4439,270.8203159925,211.41468085416665,2025-12-04__M18_only__causal_load_main__linear_anchor_main__anchor_final_main__48h__ye6000,linear_anchor_main,anchor_final_main,6000.0,B_energy_neutral
05:30,608.7508333333333,608.7508333333333,608.7508333333333,684.2166666666667,608.7508333333333,0.0,0.0,0.0,0.0,0.0,75.46583333333342,10009.430584957905,0.0,00:00,0.4301,261.82373341666664,162.28927458333354,2025-12-04__M18_only__causal_load_main__linear_anchor_main__anchor_final_main__48h__ye6000,linear_anchor_main,anchor_final_main,6000.0,B_energy_neutral
05:40,1431.7734041666665,1431.7734041666665,1431.7734041666665,665.6086,598.4400708333333,0.0035166666666666666,0.0,833.3333333333335,0.0,0.0,67.16501250000033,10800.0,0.0,00:00,0.3713,531.6174649670833,124.69184570625062,2025-12-04__M18_only__causal_load_main__linear_anchor_main__anchor_final_main__48h__ye6000,linear_anchor_main,anchor_final_main,6000.0,B_energy_neutral
05:50,674.2435875,674.2435875,674.2435875,769.3920166666667,674.2435875,0.0,0.0,0.0,0.0,0.0,95.14842916666669,10800.0,0.0,00:00,0.5708,384.858239745,271.5536168416667,2025-12-04__M18_only__causal_load_main__linear_anchor_main__anchor_final_main__48h__ye6000,linear_anchor_main,anchor_final_main,6000.0,B_energy_neutral
06:00,0.0,0.0,0.0,915.2366666666667,795.8654166666665,0.0,0.0,0.0,833.3333333333333,0.0,81.90333333333342,9921.589538842118,0.0,00:00,0.9099,0.0,372.6192150000004,2025-12-04__M18_only__causal_load_main__linear_anchor_main__anchor_final_main__48h__ye6000,linear_anchor_main,anchor_final_main,6000.0,B_energy_neutral
06:10,0.0,0.0,0.0,896.5058166666665,816.2001791666667,0.048999999999999995,0.6816555555555555,0.0,833.3333333333333,0.0,63.1234833333333,9043.179077684235,0.0,00:00,0.9368,0.0,295.67039593333317,2025-12-04__M18_only__causal_load_main__linear_anchor_main__anchor_final_main__48h__ye6000,linear_anchor_main,anchor_final_main,6000.0,B_energy_neutral
06:20,0.0,0.0,0.0,872.4469166666665,800.2745708333332,0.0,1.363311111111111,0.0,833.3333333333333,0.0,39.11358333333328,8164.768616526352,0.0,00:00,0.8758,0.0,171.27838141666646,2025-12-04__M18_only__causal_load_main__linear_anchor_main__anchor_final_main__48h__ye6000,linear_anchor_main,anchor_final_main,6000.0,B_energy_neutral
06:30,0.0,0.0,0.0,916.2266666666666,798.7570833333333,0.0,2.0449666666666664,0.0,833.3333333333333,0.0,82.89333333333332,7286.358155368469,0.0,00:00,0.8759,0.0,363.0313533333333,2025-12-04__M18_only__causal_load_main__linear_anchor_main__anchor_final_main__48h__ye6000,linear_anchor_main,anchor_final_main,6000.0,B_energy_neutral
06:40,549.4831930555551,549.4831930555551,549.4831930555551,938.8716666666666,798.7585750000001,0.6826,2.726622222222222,0.0,120.22274305555788,0.0,268.48313055555354,7159.632257165551,0.0,00:00,0.8601,472.610494347083,1154.6117029541579,2025-12-04__M18_only__causal_load_main__linear_anchor_main__anchor_final_main__48h__ye6000,linear_anchor_main,anchor_final_main,6000.0,B_energy_neutral
06:50,805.1343222222222,805.1343222222222,805.1343222222222,924.2165,808.5426,0.0,3.4082777777777773,0.0,0.0,0.0,119.08217777777782,7159.632257165551,0.0,00:00,0.8442,679.69439482,502.64587240000014,2025-12-04__M18_only__causal_load_main__linear_anchor_main__anchor_final_main__48h__ye6000,linear_anchor_main,anchor_final_main,6000.0,B_energy_neutral
07:00,810.1013166666665,810.1013166666665,810.1013166666665,910.4316666666666,814.1912499999999,4.3,4.089933333333333,0.0,0.0,0.0,96.03035000000011,7159.632257165551,0.0,00:00,0.8334,675.13843731,400.15846845000044,2025-12-04__M18_only__causal_load_main__linear_anchor_main__anchor_final_main__48h__ye6000,linear_anchor_main,anchor_final_main,6000.0,B_energy_neutral
07:10,741.797048611111,741.797048611111,741.797048611111,939.9062833333334,792.2936458333332,36.673966666666665,50.49659722222222,0.0,0.0,0.0,161.43526805555575,7159.632257165551,0.0,00:00,0.8092,600.262171736111,653.1670945527786,2025-12-04__M18_only__causal_load_main__linear_anchor_main__anchor_final_main__48h__ye6000,linear_anchor_main,anchor_final_main,6000.0,B_energy_neutral
07:20,694.0162222222222,694.0162222222222,694.0162222222222,938.6479999999999,790.9194833333332,81.89333333333333,96.90326111111109,0.0,0.0,0.0,162.73844444444444,7159.632257165551,0.0,00:00,0.7972,553.2697323555556,648.6754395555556,2025-12-04__M18_only__causal_load_main__linear_anchor_main__anchor_final_main__48h__ye6000,linear_anchor_main,anchor_final_main,6000.0,B_energy_neutral
07:30,1487.4825749999998,1487.4825749999998,1487.4825749999998,879.8399999999999,797.4591666666665,129.1,143.30992499999996,833.333331619024,0.0,0.0,96.59075661902409,7950.201670581309,0.0,00:00,0.7644,1137.0316803299997,369.1698717979101,2025-12-04__M18_only__causal_load_main__linear_anchor_main__anchor_final_main__48h__ye6000,linear_anchor_main,anchor_final_main,6000.0,B_energy_neutral
07:40,1420.2906236111112,1420.2906236111112,1420.2906236111112,834.9980499999999,776.6738791666667,178.18803333333335,189.71658888888888,833.3333331011801,0.0,0.0,69.85272615673546,8740.771085403165,1.1368683772161603e-13,00:00,0.6899,979.8585012293056,240.95697887765894,2025-12-04__M18_only__causal_load_main__linear_anchor_main__anchor_final_main__48h__ye6000,linear_anchor_main,anchor_final_main,6000.0,B_energy_neutral
07:50,669.0367680555555,669.0367680555555,669.0367680555555,952.2389499999999,905.1600208333333,228.04278333333332,236.12325277777774,0.0,0.0,0.0,55.1593986111111,8740.771085403165,0.0,00:00,0.86,575.3716205277777,237.1854140277777,2025-12-04__M18_only__causal_load_main__linear_anchor_main__anchor_final_main__48h__ye6000,linear_anchor_main,anchor_final_main,6000.0,B_energy_neutral
08:00,0.0,0.0,0.0,1167.1933333333332,1115.6254166666668,275.74375,282.5299166666666,0.0,833.3333333333333,0.0,58.11624999999992,7862.3606242452815,0.0,00:00,1.1617,0.0,337.56823812499954,2025-12-04__M18_only__causal_load_main__linear_anchor_main__anchor_final_main__48h__ye6000,linear_anchor_main,anchor_final_main,6000.0,B_energy_neutral
08:10,0.0,0.0,0.0,1251.1764666666666,1140.5641708333333,317.6981666666667,331.39993888888887,0.0,833.3333333333333,0.0,100.14496666666662,6983.950163087398,0.0,00:00,1.1683,0.0,584.9968227833331,2025-12-04__M18_only__causal_load_main__linear_anchor_main__anchor_final_main__48h__ye6000,linear_anchor_main,anchor_final_main,6000.0,B_energy_neutral
08:20,0.0,0.0,0.0,1239.9715333333334,1097.3231041666666,353.8353666666667,380.2699611111111,0.0,833.3333333333333,0.0,52.80283333333341,6105.539701929515,0.0,00:00,1.0956,0.0,289.2539210000004,2025-12-04__M18_only__causal_load_main__linear_anchor_main__anchor_final_main__48h__ye6000,linear_anchor_main,anchor_final_main,6000.0,B_energy_neutral
08:30,0.0,0.0,0.0,1205.0816666666665,1085.6129166666665,395.88749999999993,429.1399833333333,0.0,809.1941666666665,0.0,0.0,5252.574156599992,0.0,00:00,1.0849,0.0,0.0,2025-12-04__M18_only__causal_load_main__linear_anchor_main__anchor_final_main__48h__ye6000,linear_anchor_main,anchor_final_main,6000.0,B_energy_neutral
08:40,0.0,0.0,0.0,1181.7602833333333,1089.8494999999998,455.29378333333335,478.0100055555555,0.0,726.4665,0.0,0.0,4486.8112286630885,0.0,00:00,1.061,0.0,0.0,2025-12-04__M18_only__causal_load_main__linear_anchor_main__anchor_final_main__48h__ye6000,linear_anchor_main,anchor_final_main,6000.0,B_energy_neutral
08:50,0.0,0.0,0.0,1190.1417,1101.4270333333334,500.66021666666666,526.8800277777777,0.0,689.4814833333332,0.0,0.0,3760.033931381503,0.0,00:00,1.043,0.0,0.0,2025-12-04__M18_only__causal_load_main__linear_anchor_main__anchor_final_main__48h__ye6000,linear_anchor_main,anchor_final_main,6000.0,B_energy_neutral
09:00,0.0,0.0,0.0,1204.7966666666666,1107.35375,534.46875,575.75005,0.0,670.3279166666666,0.0,0.0,3053.4462660940994,0.0,00:00,1.036,0.0,0.0,2025-12-04__M18_only__causal_load_main__linear_anchor_main__anchor_final_main__48h__ye6000,linear_anchor_main,anchor_final_main,6000.0,B_energy_neutral
09:10,0.0,0.0,0.0,1182.5972833333333,1094.494375,588.3448999999999,630.7915777777778,0.0,594.2523833333333,0.0,0.0,2427.049253988494,0.0,00:00,1.0147,0.0,0.0,2025-12-04__M18_only__causal_load_main__linear_anchor_main__anchor_final_main__48h__ye6000,linear_anchor_main,anchor_final_main,6000.0,B_energy_neutral
09:20,0.0,0.0,0.0,1175.1597833333333,1078.4567249999998,633.6057,685.8331055555556,0.0,541.5540833333333,0.0,0.0,1856.2011274891724,0.0,00:00,0.9922,0.0,0.0,2025-12-04__M18_only__causal_load_main__linear_anchor_main__anchor_final_main__48h__ye6000,linear_anchor_main,anchor_final_main,6000.0,B_energy_neutral
09:30,0.0,0.0,0.0,1188.9966666666664,1074.08625,670.0,740.8746333333333,0.0,236.36473175533806,0.0,282.63193491132836,1607.0508238619734,0.0,00:00,0.97,0.0,1370.7648843199424,2025-12-04__M18_only__causal_load_main__linear_anchor_main__anchor_final_main__48h__ye6000,linear_anchor_main,anchor_final_main,6000.0,B_energy_neutral
09:40,0.0,0.0,0.0,1182.2437333333332,1084.1042666666665,725.7922166666667,795.916161111111,0.0,0.0,0.0,456.4515166666665,1607.0508238619734,0.0,00:00,0.9422,0.0,2150.343095016666,2025-12-04__M18_only__causal_load_main__linear_anchor_main__anchor_final_main__48h__ye6000,linear_anchor_main,anchor_final_main,6000.0,B_energy_neutral
09:50,0.0,0.0,0.0,1193.7244999999998,1094.9597374999998,769.0321666666666,850.9576888888888,0.0,0.0,0.0,424.6923333333332,1607.0508238619734,0.0,00:00,0.9569,0.0,2031.9404688333325,2025-12-04__M18_only__causal_load_main__linear_anchor_main__anchor_final_main__48h__ye6000,linear_anchor_main,anchor_final_main,6000.0,B_energy_neutral
10:00,0.0,0.0,0.0,1219.09,1091.5229166666666,791.44375,905.9992166666666,0.0,386.1623180555557,0.0,41.48393194444418,1200.0,0.0,00:00,0.9977,0.0,206.94259450485978,2025-12-04__M18_only__causal_load_main__linear_anchor_main__anchor_final_main__48h__ye6000,linear_anchor_main,anchor_final_main,6000.0,B_energy_neutral
10:10,0.0,0.0,0.0,1206.1765166666667,1070.9874041666667,819.1549,932.4434638888888,0.0,0.0,0.0,387.02161666666666,1200.0,0.0,00:00,0.9919,0.0,1919.4337078583335,2025-12-04__M18_only__causal_load_main__linear_anchor_main__anchor_final_main__48h__ye6000,linear_anchor_main,anchor_final_main,6000.0,B_energy_neutral
10:20,0.0,0.0,0.0,1168.30825,1068.1899958333331,858.6884499999999,958.887711111111,0.0,0.0,0.0,309.61980000000017,1200.0,0.0,00:00,0.9588,0.0,1484.3173212000006,2025-12-04__M18_only__causal_load_main__linear_anchor_main__anchor_final_main__48h__ye6000,linear_anchor_main,anchor_final_main,6000.0,B_energy_neutral
10:30,0.0,0.0,0.0,1143.295,1080.8070833333331,902.6687499999999,985.3319583333332,0.0,0.0,0.0,240.62625000000014,1200.0,0.0,00:00,0.9549,0.0,1148.8700306250007,2025-12-04__M18_only__causal_load_main__linear_anchor_main__anchor_final_main__48h__ye6000,linear_anchor_main,anchor_final_main,6000.0,B_energy_neutral
10:40,0.0,0.0,0.0,1155.9577166666666,1073.8708833333333,939.43225,1011.7762055555555,0.0,0.0,0.0,216.5254666666666,1200.0,0.0,00:00,0.9839,0.0,1065.1970332666665,2025-12-04__M18_only__causal_load_main__linear_anchor_main__anchor_final_main__48h__ye6000,linear_anchor_main,anchor_final_main,6000.0,B_energy_neutral
10:50,28.82410555555566,28.82410555555566,28.82410555555566,1152.9857,1067.0445583333333,974.03345,1038.2204527777776,0.0,0.0,0.0,150.12814444444427,1200.0,0.0,00:00,0.799,23.030460338888975,599.7619370555549,2025-12-04__M18_only__causal_load_main__linear_anchor_main__anchor_final_main__48h__ye6000,linear_anchor_main,anchor_final_main,6000.0,B_energy_neutral
11:00,840.7244666666668,840.7244666666668,840.7244666666668,1140.17,1072.0558333333333,1006.8062499999999,1064.6646999999998,833.3333333333333,0.0,0.0,125.97261666666668,1990.5694150420948,0.0,00:00,0.5025,422.4640445,316.506199375,2025-12-04__M18_only__causal_load_main__linear_anchor_main__anchor_final_main__48h__ye6000,linear_anchor_main,anchor_final_main,6000.0,B_energy_neutral
11:10,850.8734527777776,850.8734527777776,850.8734527777776,1171.7230833333333,1077.6879749999998,1029.7332333333334,1060.1478555555555,833.3333333333333,0.0,0.0,124.44973055555556,2781.1388300841895,0.0,00:00,0.4662,396.67720368499994,290.092321925,2025-12-04__M18_only__causal_load_main__linear_anchor_main__anchor_final_main__48h__ye6000,linear_anchor_main,anchor_final_main,6000.0,B_energy_neutral
11:20,848.0243597222222,848.0243597222222,848.0243597222222,1184.1661333333332,1070.3220375,1037.8938833333332,1055.631011111111,833.3333333333333,0.0,0.0,131.581223611111,3571.708245126284,0.0,00:00,0.5007,424.60579691291673,329.41359331041645,2025-12-04__M18_only__causal_load_main__linear_anchor_main__anchor_final_main__48h__ye6000,linear_anchor_main,anchor_final_main,6000.0,B_energy_neutral
11:30,839.9745833333334,839.9745833333334,839.9745833333334,1163.08,1057.7554166666666,1039.1999999999998,1051.1141666666665,833.3333333333333,0.0,0.0,117.23874999999998,4362.277660168379,0.0,00:00,0.4827,405.455731375,282.95572312499996,2025-12-04__M18_only__causal_load_main__linear_anchor_main__anchor_final_main__48h__ye6000,linear_anchor_main,anchor_final_main,6000.0,B_energy_neutral
11:40,843.3853277777775,843.3853277777775,843.3853277777775,1152.3538833333332,1056.6493166666664,1046.8461,1046.5973222222221,833.3333333333333,0.0,0.0,95.45578888888895,5152.847075210474,0.0,00:00,0.4785,403.55987934166654,228.3779749166668,2025-12-04__M18_only__causal_load_main__linear_anchor_main__anchor_final_main__48h__ye6000,linear_anchor_main,anchor_final_main,6000.0,B_energy_neutral
11:50,825.5313638888888,825.5313638888888,825.5313638888888,1114.60505,1034.2785083333333,1048.5560333333333,1042.0804777777778,833.3333333333333,0.0,0.0,73.85098611111107,5943.416490252569,0.0,00:00,0.4662,384.86272184499995,172.1466486249999,2025-12-04__M18_only__causal_load_main__linear_anchor_main__anchor_final_main__48h__ye6000,linear_anchor_main,anchor_final_main,6000.0,B_energy_neutral
12:00,792.3955333333333,792.3955333333333,792.3955333333333,1056.8899999999999,996.6258333333333,1053.64375,1037.5636333333332,833.3333333333333,0.0,0.0,44.18404999999984,6733.985905294664,0.0,00:00,0.4432,351.1897003733333,97.91185479999965,2025-12-04__M18_only__causal_load_main__linear_anchor_main__anchor_final_main__48h__ye6000,linear_anchor_main,anchor_final_main,6000.0,B_energy_neutral
12:10,807.0424319444443,807.0424319444443,794.5839333333331,1040.7786166666665,987.4876125,1079.5280166666666,1013.7785138888889,833.3333333333333,0.0,0.0,0.0,7524.555320336759,0.0,00:00,0.4411,355.9864167306944,0.0,2025-12-04__M18_only__causal_load_main__linear_anchor_main__anchor_final_main__48h__ye6000,linear_anchor_main,anchor_final_main,6000.0,B_energy_neutral
12:20,840.0006347222221,840.0006347222221,840.0006347222221,1080.63205,996.6606958333333,1067.5602999999999,989.9933944444444,833.3333333333333,0.0,0.0,6.4044486111112064,8315.124735378853,0.0,00:00,0.4551,382.2842888620833,14.57332281458355,2025-12-04__M18_only__causal_load_main__linear_anchor_main__anchor_final_main__48h__ye6000,linear_anchor_main,anchor_final_main,6000.0,B_energy_neutral
12:30,865.2338083333333,865.2338083333333,865.2338083333333,1115.8233333333333,998.10875,1027.81875,966.208275,833.3333333333333,0.0,0.0,56.10410833333333,9105.694150420948,0.0,00:00,0.4463,386.1538486591666,125.19631774583333,2025-12-04__M18_only__causal_load_main__linear_anchor_main__anchor_final_main__48h__ye6000,linear_anchor_main,anchor_final_main,6000.0,B_energy_neutral
12:40,872.7412694444444,872.7412694444444,872.7412694444444,1071.163183333333,981.8310916666666,1031.3556166666667,942.4231555555555,833.3333333333333,0.0,0.0,0.3996305555552908,9896.263565463043,0.0,00:00,0.4113,358.95848412249995,0.8218402374994555,2025-12-04__M18_only__causal_load_main__linear_anchor_main__anchor_final_main__48h__ye6000,linear_anchor_main,anchor_final_main,6000.0,B_energy_neutral
12:50,919.8164347222222,919.8164347222222,847.8248999999998,1057.0257666666666,1005.1211375,1042.5342,918.6380361111111,833.3333333333333,0.0,0.0,0.0,10686.832980505138,0.0,00:00,0.5682,522.6396982091667,0.0,2025-12-04__M18_only__causal_load_main__linear_anchor_main__anchor_final_main__48h__ye6000,linear_anchor_main,anchor_final_main,6000.0,B_energy_neutral
13:00,157.91958333333332,157.91958333333332,157.91958333333332,1093.315,1052.7725,1035.0124999999998,894.8529166666667,99.61708333333308,0.0,0.0,0.0,10781.338043663978,0.0,00:00,0.8279,130.74162304166666,0.0,2025-12-04__M18_only__causal_load_main__linear_anchor_main__anchor_final_main__48h__ye6000,linear_anchor_main,anchor_final_main,6000.0,B_energy_neutral
13:10,0.0,0.0,0.0,1091.5238166666666,1049.9513916666665,1019.29205,848.0906805555555,0.0,72.23176666666654,0.0,0.0,10705.19907630248,0.0,00:00,0.8636,0.0,0.0,2025-12-04__M18_only__causal_load_main__linear_anchor_main__anchor_final_main__48h__ye6000,linear_anchor_main,anchor_final_main,6000.0,B_energy_neutral
13:20,237.11732222222224,237.11732222222224,73.56094999999982,1078.3303166666665,1038.4457666666667,1004.7693666666667,801.3284444444445,0.0,0.0,0.0,0.0,10705.19907630248,0.0,00:00,0.8416,199.55793838222223,0.0,2025-12-04__M18_only__causal_load_main__linear_anchor_main__anchor_final_main__48h__ye6000,linear_anchor_main,anchor_final_main,6000.0,B_energy_neutral
13:30,284.6600416666664,284.6600416666664,96.4354166666667,1079.7416666666666,1039.2262499999997,983.3062499999999,754.5662083333333,0.0,0.0,0.0,0.0,10705.19907630248,0.0,00:00,0.8618,245.32002390833313,0.0,2025-12-04__M18_only__causal_load_main__linear_anchor_main__anchor_final_main__48h__ye6000,linear_anchor_main,anchor_final_main,6000.0,B_energy_neutral
13:40,315.2485027777765,315.2485027777765,149.13044999999988,1088.3958333333333,1031.6978458333333,939.2653833333334,707.8039722222222,0.0,0.0,0.0,0.0,10705.19907630248,0.0,00:00,0.8623,271.83878394527665,0.0,2025-12-04__M18_only__causal_load_main__linear_anchor_main__anchor_final_main__48h__ye6000,linear_anchor_main,anchor_final_main,6000.0,B_energy_neutral
13:50,0.0,0.0,0.0,1088.3781999999999,1031.7704583333332,893.3360833333332,661.041736111111,0.0,195.04211666666663,0.0,0.0,10499.60663352683,0.0,00:00,0.9026,0.0,0.0,2025-12-04__M18_only__causal_load_main__linear_anchor_main__anchor_final_main__48h__ye6000,linear_anchor_main,anchor_final_main,6000.0,B_energy_neutral
14:00,0.0,0.0,0.0,1084.9416666666666,1041.1329166666665,850.725,614.2795,0.0,234.21666666666658,0.0,0.0,10252.720589313794,0.0,00:00,0.9754,0.0,0.0,2025-12-04__M18_only__causal_load_main__linear_anchor_main__anchor_final_main__48h__ye6000,linear_anchor_main,anchor_final_main,6000.0,B_energy_neutral
14:10,0.0,0.0,0.0,1093.3569,1041.488175,799.1872666666666,571.8113777777778,0.0,294.1696333333334,0.0,0.0,9942.63856938382,0.0,00:00,1.0002,0.0,0.0,2025-12-04__M18_only__causal_load_main__linear_anchor_main__anchor_final_main__48h__ye6000,linear_anchor_main,anchor_final_main,6000.0,B_energy_neutral
14:20,0.0,0.0,0.0,1079.8198,1030.8207833333333,754.6069,529.3432555555555,0.0,325.2129,0.0,0.0,9599.834073227628,0.0,00:00,0.9978,0.0,0.0,2025-12-04__M18_only__causal_load_main__linear_anchor_main__anchor_final_main__48h__ye6000,linear_anchor_main,anchor_final_main,6000.0,B_energy_neutral
14:30,0.0,0.0,0.0,1059.7733333333333,1025.0154166666666,715.9875,486.8751333333333,0.0,343.78583333333336,0.0,0.0,9237.451986350172,0.0,00:00,1.0271,0.0,0.0,2025-12-04__M18_only__causal_load_main__linear_anchor_main__anchor_final_main__48h__ye6000,linear_anchor_main,anchor_final_main,6000.0,B_energy_neutral
14:40,0.0,0.0,0.0,1081.2517166666667,1039.8899875,665.90435,444.40701111111105,0.0,415.34736666666663,0.0,0.0,8799.637420076917,0.0,00:00,1.0906,0.0,0.0,2025-12-04__M18_only__causal_load_main__linear_anchor_main__anchor_final_main__48h__ye6000,linear_anchor_main,anchor_final_main,6000.0,B_energy_neutral
14:50,0.0,0.0,0.0,1079.5475333333334,1039.0730833333332,617.2949833333332,401.93888888888887,0.0,462.25255000000016,0.0,0.0,8312.380449336628,0.0,00:00,0.9376,0.0,0.0,2025-12-04__M18_only__causal_load_main__linear_anchor_main__anchor_final_main__48h__ye6000,linear_anchor_main,anchor_final_main,6000.0,B_energy_neutral
15:00,1500.2242333333334,1500.2242333333334,475.42875000000004,1051.31,1026.3616666666667,575.8812499999999,359.47076666666663,0.0,0.0,0.0,0.0,8312.380449336628,0.0,00:00,0.6694,1004.2501017933333,0.0,2025-12-04__M18_only__causal_load_main__linear_anchor_main__anchor_final_main__48h__ye6000,linear_anchor_main,anchor_final_main,6000.0,B_energy_neutral
15:10,1541.6373986111112,1541.6373986111112,647.4344106869605,1057.2139499999998,1039.1071625,531.9607833333333,330.80309722222216,122.18124402029405,0.0,0.0,0.0,8428.291754873715,-1.5631940186722204e-13,00:00,0.66,1017.4806830833335,0.0,2025-12-04__M18_only__causal_load_main__linear_anchor_main__anchor_final_main__48h__ye6000,linear_anchor_main,anchor_final_main,6000.0,B_energy_neutral
15:20,1569.1837805555554,1569.1837805555554,1414.1163333333334,1055.9527833333332,1037.9858749999999,475.1697833333333,302.13542777777775,833.3333333333335,0.0,0.0,0.0,9218.86116991581,0.0,00:00,0.7217,1132.4799344269443,0.0,2025-12-04__M18_only__causal_load_main__linear_anchor_main__anchor_final_main__48h__ye6000,linear_anchor_main,anchor_final_main,6000.0,B_energy_neutral
15:30,1582.1684916666666,1582.1684916666666,1464.6112500000002,1043.4216666666666,1022.3029166666666,412.14375,273.46775833333334,833.3333333333335,0.0,0.0,0.0,10009.430584957905,0.0,00:00,0.7308,1156.24873371,0.0,2025-12-04__M18_only__causal_load_main__linear_anchor_main__anchor_final_main__48h__ye6000,linear_anchor_main,anchor_final_main,6000.0,B_energy_neutral
15:40,1618.5627527777774,1618.5627527777774,1531.1738000000003,1059.0388166666667,1030.029508333333,361.19834999999995,244.80008888888887,833.3333333333335,0.0,0.0,0.0,10800.0,0.0,00:00,0.7534,1219.4251779427775,0.0,2025-12-04__M18_only__causal_load_main__linear_anchor_main__anchor_final_main__48h__ye6000,linear_anchor_main,anchor_final_main,6000.0,B_energy_neutral
15:50,806.7725972222222,806.7725972222222,744.7099499999999,1064.0135166666666,1022.9050166666666,319.30356666666665,216.13241944444445,0.0,0.0,0.0,0.0,10800.0,0.0,00:00,0.7823,631.1382028069444,0.0,2025-12-04__M18_only__causal_load_main__linear_anchor_main__anchor_final_main__48h__ye6000,linear_anchor_main,anchor_final_main,6000.0,B_energy_neutral
16:00,815.5577499999999,815.5577499999999,778.8024999999998,1055.1149999999998,1003.0224999999999,276.3125,187.46475,0.0,0.0,0.0,0.0,10800.0,0.0,00:00,0.8055,656.9317676249999,0.0,2025-12-04__M18_only__causal_load_main__linear_anchor_main__anchor_final_main__48h__ye6000,linear_anchor_main,anchor_final_main,6000.0,B_energy_neutral
16:10,857.4672416666667,857.4672416666667,840.54495,1065.4445666666666,1014.1947,224.89961666666665,156.72745833333335,0.0,0.0,0.0,0.0,10800.0,0.0,00:00,0.8271,709.2111555825,0.0,2025-12-04__M18_only__causal_load_main__linear_anchor_main__anchor_final_main__48h__ye6000,linear_anchor_main,anchor_final_main,6000.0,B_energy_neutral
16:20,902.0824749999999,902.0824749999999,878.5608166666667,1053.4953,1028.0726416666666,174.93448333333333,125.99016666666667,0.0,0.0,0.0,0.0,10800.0,0.0,00:00,0.8519,768.4840604525,0.0,2025-12-04__M18_only__causal_load_main__linear_anchor_main__anchor_final_main__48h__ye6000,linear_anchor_main,anchor_final_main,6000.0,B_energy_neutral
16:30,929.030875,929.030875,903.8033333333334,1033.8283333333334,1024.28375,130.02499999999998,95.25287500000002,0.0,0.0,0.0,0.0,10800.0,0.0,00:00,0.8791,816.7110422125,0.0,2025-12-04__M18_only__causal_load_main__linear_anchor_main__anchor_final_main__48h__ye6000,linear_anchor_main,anchor_final_main,6000.0,B_energy_neutral
16:40,949.5863291666667,949.5863291666667,949.5863291666667,1061.9501,1014.1019125,84.50711666666666,64.51558333333334,0.0,0.0,0.0,27.856654166666658,10800.0,0.0,00:00,0.9024,856.90670344,125.68922359999995,2025-12-04__M18_only__causal_load_main__linear_anchor_main__anchor_final_main__48h__ye6000,linear_anchor_main,anchor_final_main,6000.0,B_energy_neutral
16:50,992.6490083333332,992.6490083333332,992.6490083333332,1060.7878166666665,1026.4272999999998,38.43461666666666,33.77829166666667,0.0,0.0,0.0,29.70419166666659,10800.0,0.0,00:00,0.9163,909.5642863358332,136.089754120833,2025-12-04__M18_only__causal_load_main__linear_anchor_main__anchor_final_main__48h__ye6000,linear_anchor_main,anchor_final_main,6000.0,B_energy_neutral
17:00,1039.9806666666666,1039.9806666666666,1027.8087500000001,1032.44,1043.0216666666665,4.63125,3.0409999999999995,0.0,0.0,0.0,0.0,10800.0,0.0,00:00,0.9264,963.4380895999999,0.0,2025-12-04__M18_only__causal_load_main__linear_anchor_main__anchor_final_main__48h__ye6000,linear_anchor_main,anchor_final_main,6000.0,B_energy_neutral
17:10,1015.2184624999999,1015.2184624999999,1015.2184624999999,1051.35865,1017.7526291666666,0.0,2.5341666666666662,0.0,0.0,0.0,36.140187500000025,10800.0,0.0,00:00,0.9462,960.5997092174999,170.97922706250012,2025-12-04__M18_only__causal_load_main__linear_anchor_main__anchor_final_main__48h__ye6000,linear_anchor_main,anchor_final_main,6000.0,B_energy_neutral
17:20,994.6458333333334,994.6458333333334,994.6458333333334,1035.3166166666665,996.6731666666667,0.7043499999999999,2.027333333333333,0.0,0.0,0.0,39.96643333333316,10800.0,0.0,00:00,0.9742,968.9839708333333,194.6764967666658,2025-12-04__M18_only__causal_load_main__linear_anchor_main__anchor_final_main__48h__ye6000,linear_anchor_main,anchor_final_main,6000.0,B_energy_neutral
17:30,1019.5940833333333,1019.5940833333333,1009.1433333333332,1009.1433333333332,1021.1145833333333,0.0,1.5204999999999997,0.0,0.0,0.0,0.0,10800.0,0.0,00:00,0.9862,1005.5236849833333,0.0,2025-12-04__M18_only__causal_load_main__linear_anchor_main__anchor_final_main__48h__ye6000,linear_anchor_main,anchor_final_main,6000.0,B_energy_neutral
17:40,1061.4234333333332,1061.4234333333332,1061.4234333333332,1063.5103833333333,1062.4370999999999,0.0,1.0136666666666665,0.0,0.0,0.0,2.0869500000001153,10800.0,0.0,00:00,0.976,1035.949270933333,10.184316000000562,2025-12-04__M18_only__causal_load_main__linear_anchor_main__anchor_final_main__48h__ye6000,linear_anchor_main,anchor_final_main,6000.0,B_energy_neutral
17:50,937.8968166666666,937.8968166666666,937.8968166666666,976.7284833333333,938.40365,0.05056666666666666,0.5068333333333334,0.0,0.0,0.0,38.78110000000004,10800.0,0.0,00:00,1.0742,1007.4887604633333,208.2932881000002,2025-12-04__M18_only__causal_load_main__linear_anchor_main__anchor_final_main__48h__ye6000,linear_anchor_main,anchor_final_main,6000.0,B_energy_neutral
18:00,723.5754166666666,723.5754166666666,723.5754166666666,769.2933333333333,723.5754166666666,0.0,0.0,0.0,0.0,0.0,45.717916666666724,10800.0,0.0,00:00,1.2313,890.9384105416666,281.4623539583337,2025-12-04__M18_only__causal_load_main__linear_anchor_main__anchor_final_main__48h__ye6000,linear_anchor_main,anchor_final_main,6000.0,B_energy_neutral
18:10,232.34654704840074,232.34654704840074,232.34654704840074,702.7623666666666,688.8426833333333,0.0,0.0,0.0,456.49613628493256,0.0,13.919683333333296,10318.810822090993,0.0,18:00,1.2561,291.85049774749615,87.42257117499976,2025-12-04__M18_only__causal_load_main__linear_anchor_main__anchor_final_main__48h__ye6000,linear_anchor_main,anchor_final_main,6000.0,B_energy_neutral
18:20,716.4739833333333,716.4739833333333,716.4739833333333,717.7806166666666,716.4739833333333,0.003633333333333333,0.0,0.0,0.0,0.0,1.3029999999998836,10318.810822090993,0.0,18:00,1.2447,891.7951670549999,8.109220499999275,2025-12-04__M18_only__causal_load_main__linear_anchor_main__anchor_final_main__48h__ye6000,linear_anchor_main,anchor_final_main,6000.0,B_energy_neutral
18:30,715.8983333333333,715.8983333333333,715.8983333333333,726.3666666666666,715.8983333333333,0.0,0.0,0.0,0.0,0.0,10.468333333333248,10318.810822090993,0.0,18:00,1.2545,898.0944591666666,65.6626208333328,2025-12-04__M18_only__causal_load_main__linear_anchor_main__anchor_final_main__48h__ye6000,linear_anchor_main,anchor_final_main,6000.0,B_energy_neutral
18:40,717.6133541666666,717.6133541666666,717.613353932426,711.7782,717.6133541666666,0.0,0.0,5.835153932426006,0.0,0.0,0.0,10324.346535168239,4.440892098500626e-15,18:00,1.2522,898.5954420874998,0.0,2025-12-04__M18_only__causal_load_main__linear_anchor_main__anchor_final_main__48h__ye6000,linear_anchor_main,anchor_final_main,6000.0,B_energy_neutral
18:50,0.0,0.0,0.0,718.6953166666667,725.8174750000001,0.0002666666666666667,0.0,0.0,718.69505,0.0,0.0,9566.775434805373,0.0,18:00,1.2881,0.0,0.0,2025-12-04__M18_only__causal_load_main__linear_anchor_main__anchor_final_main__48h__ye6000,linear_anchor_main,anchor_final_main,6000.0,B_energy_neutral
19:00,0.0,0.0,0.0,738.7950000000001,728.8133333333333,0.0,0.0,0.0,738.7950000000001,0.0,0.0,8788.017126824006,0.0,18:00,1.3466,0.0,0.0,2025-12-04__M18_only__causal_load_main__linear_anchor_main__anchor_final_main__48h__ye6000,linear_anchor_main,anchor_final_main,6000.0,B_energy_neutral
19:10,0.0,0.0,0.0,721.1818333333333,715.5640958333333,0.0,0.0,0.0,721.1818333333333,0.0,0.0,8027.824726667582,0.0,18:00,1.3523,0.0,0.0,2025-12-04__M18_only__causal_load_main__linear_anchor_main__anchor_final_main__48h__ye6000,linear_anchor_main,anchor_final_main,6000.0,B_energy_neutral
19:20,0.0,0.0,0.0,712.6969166666665,708.2605874999999,0.0,0.0,0.0,712.6969166666665,0.0,0.0,7276.57621398562,0.0,18:00,1.3445,0.0,0.0,2025-12-04__M18_only__causal_load_main__linear_anchor_main__anchor_final_main__48h__ye6000,linear_anchor_main,anchor_final_main,6000.0,B_energy_neutral
19:30,0.0,0.0,0.0,717.4466666666667,712.6520833333333,0.0,0.0,0.0,717.4466666666667,0.0,0.0,6520.321025198196,0.0,18:00,1.3483,0.0,0.0,2025-12-04__M18_only__causal_load_main__linear_anchor_main__anchor_final_main__48h__ye6000,linear_anchor_main,anchor_final_main,6000.0,B_energy_neutral
19:40,0.0,0.0,0.0,697.90555,713.8486374999999,0.0,0.0,0.0,697.90555,0.0,0.0,5784.663981974021,0.0,18:00,1.349,0.0,0.0,2025-12-04__M18_only__causal_load_main__linear_anchor_main__anchor_final_main__48h__ye6000,linear_anchor_main,anchor_final_main,6000.0,B_energy_neutral
19:50,0.0,0.0,0.0,717.0856666666666,713.6373666666666,0.0,0.0,0.0,717.0856666666666,0.0,0.0,5028.789320598372,0.0,18:00,1.3473,0.0,0.0,2025-12-04__M18_only__causal_load_main__linear_anchor_main__anchor_final_main__48h__ye6000,linear_anchor_main,anchor_final_main,6000.0,B_energy_neutral
20:00,0.0,0.0,0.0,759.5066666666667,715.79375,0.0,0.0,0.0,759.5066666666667,0.0,0.0,4228.198999015388,0.0,18:00,1.3482,0.0,0.0,2025-12-04__M18_only__causal_load_main__linear_anchor_main__anchor_final_main__48h__ye6000,linear_anchor_main,anchor_final_main,6000.0,B_energy_neutral
20:10,0.0,0.0,0.0,742.2878499999999,721.9758208333333,0.0,0.0,0.0,742.2878499999999,0.0,0.0,3445.758903858916,0.0,18:00,1.3513,0.0,0.0,2025-12-04__M18_only__causal_load_main__linear_anchor_main__anchor_final_main__48h__ye6000,linear_anchor_main,anchor_final_main,6000.0,B_energy_neutral
20:20,0.0,0.0,0.0,727.55405,734.4659333333333,0.0,0.0,0.0,670.4795218725166,0.0,57.074528127483404,2739.0114326529706,0.0,18:00,1.34,0.0,382.39933845413884,2025-12-04__M18_only__causal_load_main__linear_anchor_main__anchor_final_main__48h__ye6000,linear_anchor_main,anchor_final_main,6000.0,B_energy_neutral
20:30,0.0,0.0,0.0,749.19,739.3141666666666,0.0,0.0,0.0,739.3141666666664,0.0,9.875833333333617,1959.7058749543035,0.0,18:00,1.3489,0.0,66.60755791666858,2025-12-04__M18_only__causal_load_main__linear_anchor_main__anchor_final_main__48h__ye6000,linear_anchor_main,anchor_final_main,6000.0,B_energy_neutral
20:40,0.0,0.0,0.0,772.9340166666666,720.7202749999999,0.0,0.0,0.0,720.7202749999998,0.0,52.213741666666806,1200.0,0.0,18:00,1.3952,0.0,364.24306186666763,2025-12-04__M18_only__causal_load_main__linear_anchor_main__anchor_final_main__48h__ye6000,linear_anchor_main,anchor_final_main,6000.0,B_energy_neutral
20:50,718.8990958333333,718.8990958333333,718.8990958333333,757.1559666666667,718.8990958333333,0.0,0.0,0.0,0.0,0.0,38.25687083333344,1200.0,0.0,18:00,1.2226,878.9260345658332,233.86425140416728,2025-12-04__M18_only__causal_load_main__linear_anchor_main__anchor_final_main__48h__ye6000,linear_anchor_main,anchor_final_main,6000.0,B_energy_neutral
21:00,737.1804166666666,737.1804166666666,737.1804164324411,719.6833333333334,737.1804166666666,0.0,0.0,17.4970830991077,0.0,0.0,0.0,1216.5991905007254,2.4868995751603507e-14,18:00,0.9332,687.9367648333333,0.0,2025-12-04__M18_only__causal_load_main__linear_anchor_main__anchor_final_main__48h__ye6000,linear_anchor_main,anchor_final_main,6000.0,B_energy_neutral
21:10,739.2092791666666,739.2092791666666,739.2092789324366,717.8252666666667,739.2092791666666,0.0,0.0,21.384012265769865,0.0,0.0,0.0,1236.8858457825686,4.618527782440651e-14,18:00,0.9068,670.3149743483334,0.0,2025-12-04__M18_only__causal_load_main__linear_anchor_main__anchor_final_main__48h__ye6000,linear_anchor_main,anchor_final_main,6000.0,B_energy_neutral
21:20,734.2330666666667,734.2330666666667,734.2330664324315,726.1895833333333,734.2330666666667,0.0,0.0,8.043483099098195,0.0,0.0,0.0,1244.5165638568346,4.440892098500626e-14,18:00,0.9371,688.0498067733333,0.0,2025-12-04__M18_only__causal_load_main__linear_anchor_main__anchor_final_main__48h__ye6000,linear_anchor_main,anchor_final_main,6000.0,B_energy_neutral
21:30,744.92875,744.92875,744.9287497657721,736.3933333333332,744.92875,0.0,0.0,8.535416432438916,0.0,0.0,0.0,1252.6139708681953,-5.1514348342607263e-14,18:00,0.9371,698.0727316250001,0.0,2025-12-04__M18_only__causal_load_main__linear_anchor_main__anchor_final_main__48h__ye6000,linear_anchor_main,anchor_final_main,6000.0,B_energy_neutral
21:40,764.6046166666666,764.6046166666666,764.6046164324335,750.8380999999999,764.6046166666666,0.0,0.0,13.766516432433574,0.0,0.0,0.0,1265.674035079983,3.019806626980426e-14,18:00,0.9871,754.7412171116666,0.0,2025-12-04__M18_only__causal_load_main__linear_anchor_main__anchor_final_main__48h__ye6000,linear_anchor_main,anchor_final_main,6000.0,B_energy_neutral
21:50,672.4562583333333,672.4562583333333,672.4562583333333,669.6658833333333,672.4562583333333,0.0,0.0,2.7903749999999263,0.0,0.0,0.0,1268.3212172377807,0.0,18:00,0.7764,522.0950389699999,0.0,2025-12-04__M18_only__causal_load_main__linear_anchor_main__anchor_final_main__48h__ye6000,linear_anchor_main,anchor_final_main,6000.0,B_energy_neutral
22:00,1362.5229166666666,1362.5229166666666,1362.5229164324237,549.1133333333332,529.1895833333333,0.0,0.0,813.4095830990906,0.0,0.0,0.0,2039.9893031981194,-1.1368683772161603e-13,18:00,0.4209,573.4858956249999,0.0,2025-12-04__M18_only__causal_load_main__linear_anchor_main__anchor_final_main__48h__ye6000,linear_anchor_main,anchor_final_main,6000.0,B_energy_neutral
22:10,1360.2658124999998,1360.2658124999998,1360.2658122657576,553.2073166666667,526.9324791666666,0.0,0.0,807.0584955990909,0.0,0.0,0.0,2805.632218522751,1.1368683772161603e-13,18:00,0.3859,524.92657704375,0.0,2025-12-04__M18_only__causal_load_main__linear_anchor_main__anchor_final_main__48h__ye6000,linear_anchor_main,anchor_final_main,6000.0,B_energy_neutral
22:20,549.362525,549.362525,549.362525,555.9542333333333,549.362525,0.0,0.0,0.0,6.5917083333332585,0.0,0.0,2798.683947854469,0.0,18:00,0.4368,239.96155092,0.0,2025-12-04__M18_only__causal_load_main__linear_anchor_main__anchor_final_main__48h__ye6000,linear_anchor_main,anchor_final_main,6000.0,B_energy_neutral
22:30,1372.4008333333331,1372.4008333333331,1352.6766666666665,519.3433333333332,539.0674999999999,0.0,0.0,833.3333333333333,0.0,0.0,0.0,3589.253362896564,0.0,18:00,0.4198,576.1338698333333,0.0,2025-12-04__M18_only__causal_load_main__linear_anchor_main__anchor_final_main__48h__ye6000,linear_anchor_main,anchor_final_main,6000.0,B_energy_neutral
22:40,1385.5262166666666,1385.5262166666666,1368.9949166666665,535.6615833333333,552.1928833333333,0.0,0.0,833.3333333333333,0.0,0.0,0.0,4379.822777938659,0.0,18:00,0.4186,579.9812742966667,0.0,2025-12-04__M18_only__causal_load_main__linear_anchor_main__anchor_final_main__48h__ye6000,linear_anchor_main,anchor_final_main,6000.0,B_energy_neutral
22:50,1336.9436053822708,1336.9436053822708,1336.9436051480252,569.9723333333333,549.0953708333333,0.0,0.0,766.9712718146919,0.0,0.0,0.0,5107.435613593818,0.0,18:00,0.4241,566.997783042621,0.0,2025-12-04__M18_only__causal_load_main__linear_anchor_main__anchor_final_main__48h__ye6000,linear_anchor_main,anchor_final_main,6000.0,B_energy_neutral
23:00,1373.1720833333331,1373.1720833333331,1373.1720830990932,588.8116666666666,539.8387499999999,0.0,0.0,784.3604164324266,0.0,0.0,0.0,5851.545240315207,0.0,18:00,0.4237,581.8130117083333,0.0,2025-12-04__M18_only__causal_load_main__linear_anchor_main__anchor_final_main__48h__ye6000,linear_anchor_main,anchor_final_main,6000.0,B_energy_neutral
23:10,576.0375375,576.0375375,576.0375375,595.4752,576.0375375,0.0,0.0,0.0,19.437662499999988,0.0,0.0,5831.056145018659,0.0,18:00,0.4248,244.70074593,0.0,2025-12-04__M18_only__causal_load_main__linear_anchor_main__anchor_final_main__48h__ye6000,linear_anchor_main,anchor_final_main,6000.0,B_energy_neutral
23:20,1413.2187583333332,1413.2187583333332,1413.2187580990822,599.7848833333333,579.8854249999999,0.0,0.0,813.433874765749,0.0,0.0,0.0,6602.747276077438,-1.1368683772161603e-13,18:00,0.424,599.2047535333332,0.0,2025-12-04__M18_only__causal_load_main__linear_anchor_main__anchor_final_main__48h__ye6000,linear_anchor_main,anchor_final_main,6000.0,B_energy_neutral
23:30,1389.1533333333332,1389.1533333333332,1389.153333099082,606.9983333333332,555.8199999999999,0.0,0.0,782.1549997657486,0.0,0.0,0.0,7344.764660841907,1.1368683772161603e-13,18:00,0.422,586.2227066666666,0.0,2025-12-04__M18_only__causal_load_main__linear_anchor_main__anchor_final_main__48h__ye6000,linear_anchor_main,anchor_final_main,6000.0,B_energy_neutral
23:40,1406.7478124999998,1406.7478124999998,1406.747812265747,602.1696,573.4144791666665,0.0,0.0,804.578212265747,0.0,0.0,0.0,8108.054572793762,0.0,18:00,0.424,596.4610724999999,0.0,2025-12-04__M18_only__causal_load_main__linear_anchor_main__anchor_final_main__48h__ye6000,linear_anchor_main,anchor_final_main,6000.0,B_energy_neutral
23:50,509.9232333333333,509.9232333333333,509.9232333333333,518.5776666666666,509.9232333333333,0.0,0.0,0.0,8.654433273134014,0.0,6.019924470024307e-08,8098.931999126746,0.0,18:00,0.4271,217.78821295666665,1.2855548705736909e-07,2025-12-04__M18_only__causal_load_main__linear_anchor_main__anchor_final_main__48h__ye6000,linear_anchor_main,anchor_final_main,6000.0,B_energy_neutral
0:00+1,394.34749999999997,394.34749999999997,394.34749999999997,408.4866666666667,394.34749999999997,0.0,0.0,0.0,14.139166606558641,0.0,6.010806963274717e-08,8084.02800889564,0.0,18:00,0.4276,168.62299099999998,1.2851105287481344e-07,2025-12-04__M18_only__causal_load_main__linear_anchor_main__anchor_final_main__48h__ye6000,linear_anchor_main,anchor_final_main,6000.0,B_energy_neutral
