date,period_index,time_label,q_or_g0_kwh,g_final_kwh,x_kwh,emergency_kwh,charge_kwh,discharge_kwh,curtailment_kwh,soc_start_kwh,soc_end_kwh,actual_load_kwh,actual_pv_kwh,actual_price,price_forecast_used,last_update_time,balance_residual_kwh,normal_cost_yuan,adjustment_cost_yuan,emergency_cost_yuan
2025-10-13,0,00:10,616.348575,616.348575,583.4504999999999,0.0,0.0,0.0,0.0,8803.94735548805,8803.94735548805,583.4504999999999,0.0,0.4457,0.4457,00:00,0.0,274.70655987749996,0.0,0.0
2025-10-13,1,00:20,597.8913166666666,597.8913166666666,576.8300666666667,0.0,0.0,0.0,0.0,8803.94735548805,8803.94735548805,576.8300666666667,0.0,0.4329,0.4329,00:00,0.0,258.827150985,0.0,0.0
2025-10-13,2,00:30,567.74875,567.74875,565.2833333333333,0.0,0.0,0.0,0.0,8803.94735548805,8803.94735548805,565.2833333333333,0.0,0.4404,0.4404,00:00,0.0,250.0365495,0.0,0.0
2025-10-13,3,00:40,601.9694333333333,601.9694333333333,574.74565,0.0,0.0,0.0,0.0,8803.94735548805,8803.94735548805,574.74565,0.0,0.4478,0.4478,00:00,0.0,269.5619122466666,0.0,0.0
2025-10-13,4,00:50,0.0,0.0,0.0,0.0,0.0,587.4160499999999,0.0,8803.94735548805,8184.756471441599,587.4160499999999,0.0,0.476,0.476,00:00,0.0,0.0,0.0,0.0
2025-10-13,5,01:00,0.0,0.0,0.0,0.0,0.0,580.0716666666666,0.0,8184.756471441599,7573.307247176053,580.0716666666666,0.0,0.4796,0.4796,00:00,0.0,0.0,0.0,0.0
2025-10-13,6,01:10,1404.5418624999998,1404.5418624999998,1351.8497388888873,0.0,801.1703055555541,0.0,0.0,7573.307247176053,8333.364134950634,550.6794333333332,0.0,0.3943,0.3943,00:00,-1.1368683772161603e-13,553.8108563837499,0.0,0.0
2025-10-13,7,01:20,1400.8560375,1400.8560375,1388.3618666666669,0.0,833.3333333333335,0.0,0.0,8333.364134950634,9123.93354999273,555.0285333333334,0.0,0.3793,0.3793,00:00,0.0,531.34469502375,0.0,0.0
2025-10-13,8,01:30,571.305,571.305,571.305,10.511666666666656,0.0,0.0,0.0,9123.93354999273,9123.93354999273,581.8166666666666,0.0,0.4559,0.4559,00:00,0.0,260.4579495,0.0,23.961344166666642
2025-10-13,9,01:40,0.0,0.0,0.0,0.0,0.0,569.1084166666667,0.0,9123.93354999273,8524.04060591313,569.1084166666667,0.0,0.485,0.485,00:00,0.0,0.0,0.0,0.0
2025-10-13,10,01:50,604.2507791666666,604.2507791666666,574.97585,0.0,0.0,0.0,0.0,8524.04060591313,8524.04060591313,574.97585,0.0,0.4642,0.4642,00:00,0.0,280.4932116891666,0.0,0.0
2025-10-13,11,02:00,587.4812499999999,587.4812499999999,587.4812499999999,0.0,0.0,23.733749999999986,0.0,8524.04060591313,8499.023036774122,611.2149999999999,0.0,0.4313,0.4313,00:00,0.0,253.38066312499998,0.0,0.0
2025-10-13,12,02:10,597.0733583333333,597.0733583333333,597.0733583333333,17.471416666667267,0.0,6.672724999999387,0.0,8499.023036774122,8491.989367040807,621.2175,0.0,0.4209,0.4209,00:00,-1.1368683772161603e-13,251.3081765225,0.0,36.76859637500126
2025-10-13,13,02:20,600.6267375,600.6267375,585.8564833333332,0.0,0.0,0.0,0.0,8491.989367040807,8491.989367040807,585.8564833333332,0.0,0.4414,0.4414,00:00,0.0,265.1166419325,0.0,0.0
2025-10-13,14,02:30,0.0,0.0,0.0,0.0,0.0,550.9549999999999,0.0,8491.989367040807,7911.231804288118,550.9549999999999,0.0,0.4694,0.4694,00:00,0.0,0.0,0.0,0.0
2025-10-13,15,02:40,591.5694166666666,591.5694166666666,581.3243666666666,0.0,0.0,0.0,0.0,7911.231804288118,7911.231804288118,581.3243666666666,0.0,0.466,0.466,00:00,0.0,275.67134816666663,0.0,0.0
2025-10-13,16,02:50,596.5766916666666,596.5766916666666,596.5766916666666,0.0,0.0,6.071024999999963,0.0,7911.231804288118,7904.8323820441765,602.6477166666666,0.0,0.4335,0.4335,00:00,0.0,258.6159958375,0.0,0.0
2025-10-13,17,03:00,1432.500833333333,1432.500833333333,1426.0249999999999,0.0,833.3333333333333,0.0,0.0,7904.8323820441765,8695.401797086271,592.6916666666666,0.0,0.4177,0.4177,00:00,0.0,598.3555980833332,0.0,0.0
2025-10-13,18,03:10,604.2256958333332,604.2256958333332,598.6017499999999,0.0,0.0,0.0,0.0,8695.401797086271,8695.401797086271,598.6017499999999,0.0,0.4612,0.4612,00:00,0.0,278.6688909183333,0.0,0.0
2025-10-13,19,03:20,384.22028376373623,384.22028376373623,384.22028376373623,0.0,0.0,212.66444956959708,0.0,8695.401797086271,8471.23378442429,596.8847333333333,0.0,0.4662,0.4662,00:00,0.0,179.12349629065383,0.0,0.0
2025-10-13,20,03:30,1434.8648717936785,1434.8648717936785,1372.4817930899753,0.0,788.0684597566421,0.0,0.0,8471.23378442429,9218.86116991581,584.4133333333333,0.0,0.4188,0.4188,00:00,-1.1368683772161603e-13,600.9214083071926,0.0,0.0
2025-10-13,21,03:40,1434.8345749999999,1434.8345749999999,1419.4477166666666,0.0,833.3333333333333,0.0,0.0,9218.86116991581,10009.430584957905,586.1143833333333,0.0,0.4029,0.4029,00:00,0.0,578.0948502675,0.0,0.0
2025-10-13,22,03:50,1432.9709916666666,1432.9709916666666,1417.7198666666668,0.0,833.3333333333335,0.0,0.0,10009.430584957905,10800.0,584.3865333333333,0.0,0.4173,0.4173,00:00,0.0,597.9787948224999,0.0,0.0
2025-10-13,23,04:00,600.4187499999999,600.4187499999999,577.9333333333333,0.0,0.0,0.0,0.0,10800.0,10800.0,577.9333333333333,0.0,0.4337,0.4337,00:00,0.0,260.40161187499996,0.0,0.0
2025-10-13,24,04:10,612.8365125,612.8365125,586.3062333333332,0.0,0.0,0.0,0.0,10800.0,10800.0,586.3062333333332,0.0,0.4352,0.4352,00:00,0.0,266.70645024,0.0,0.0
2025-10-13,25,04:20,613.6633625,613.6633625,603.1527333333333,0.0,0.0,0.0,0.0,10800.0,10800.0,603.1527333333333,0.0,0.4626,0.4626,00:00,0.0,283.88067149249997,0.0,0.0
2025-10-13,26,04:30,0.0,0.0,0.0,1.3722699350182666e-06,0.0,619.1133319610633,0.0,10800.0,10147.397247075707,619.1133333333332,0.0,0.4938,0.4938,00:00,0.0,0.0,0.0,3.3881344695601003e-06
2025-10-13,27,04:40,596.4545499999999,596.4545499999999,596.4545499999999,33.861816666666755,0.0,0.0,0.0,10147.397247075707,10147.397247075707,630.3163666666667,0.0,0.4678,0.4678,00:00,0.0,279.02143849,0.0,79.20278918333354
2025-10-13,28,04:50,600.6194958333333,600.6194958333333,600.6194958333333,38.62443750000011,0.0,0.0,0.0,10147.397247075707,10147.397247075707,639.2456666666667,0.0017333333333333333,0.4735,0.4735,00:00,0.0,284.3933312770833,0.0,91.44335578125026
2025-10-13,29,05:00,0.0,0.0,0.0,1.1004899533872958e-06,0.0,638.1783322328433,0.0,10147.397247075707,9474.698219334563,638.1783333333333,0.0,0.4974,0.4974,00:00,0.0,0.0,0.0,2.7369185140742048e-06
2025-10-13,30,05:10,597.2986041666667,597.2986041666667,597.2986041666667,18.714145833333305,0.0,0.0,0.0,9474.698219334563,9474.698219334563,616.01275,0.0,0.4424,0.4424,00:00,0.0,264.24490248333336,0.0,41.39569058333328
2025-10-13,31,05:20,1112.0991518518504,1112.0991518518504,1112.0991518518504,45.84955259113451,563.657404442985,0.0,0.0,9474.698219334563,10009.430584752126,594.3153333333332,0.02403333333333333,0.4313,0.4313,00:00,-1.1368683772161603e-13,479.64836419370306,0.0,98.87456016278159
2025-10-13,32,05:30,619.2358333333334,619.2358333333334,619.2358333333334,0.0,35.257500000000164,0.0,0.0,10009.430584752126,10042.878786133142,583.9783333333332,0.0,0.4433,0.4433,00:00,0.0,274.5072449166667,0.0,0.0
2025-10-13,33,05:40,1439.1282458333333,1439.1282458333333,1391.188266883577,0.0,798.0758335502436,0.0,0.0,10042.878786133142,10800.0,593.1124333333332,0.0,0.3769,0.3769,00:00,1.1368683772161603e-13,542.4074358545834,0.0,0.0
2025-10-13,34,05:50,575.5751303817352,575.5751303817352,575.5751303817352,10.236120833333374,0.0,102.0888654515981,0.0,10800.0,10692.388887143492,688.2349666666667,0.33485,0.5817,0.5817,00:00,0.0,334.81205334305537,0.0,29.77175744375012
2025-10-13,35,06:00,0.0,0.0,0.0,0.0,0.0,806.2616666666665,0.0,10692.388887143492,9842.514468226784,806.2616666666665,0.0,0.9713,0.9713,00:00,0.0,0.0,0.0,0.0
2025-10-13,36,06:10,0.0,0.0,0.0,0.0,0.0,803.5754166666667,0.0,9842.514468226784,8995.471605431618,803.5754166666667,0.0,1.0633,1.0633,06:00,0.0,0.0,0.0,0.0
2025-10-13,37,06:20,0.0,0.0,0.0,0.0,0.0,780.8885666666665,0.0,8995.471605431618,8172.3427822813155,786.8223666666665,5.9338,0.9893,0.9893,06:00,0.0,0.0,0.0,0.0
2025-10-13,38,06:30,0.0,0.0,0.0,0.0,0.0,773.0174999999999,0.0,8172.3427822813155,7357.510791891579,807.305,34.287499999999994,0.941,0.941,06:00,0.0,0.0,0.0,0.0
2025-10-13,39,06:40,0.0,0.0,0.0,0.0,0.0,724.0354333333332,0.0,7357.510791891579,6594.310433224802,810.6478,86.61236666666667,0.9672,0.9672,06:00,0.0,0.0,0.0,0.0
2025-10-13,40,06:50,0.0,0.0,0.0,0.0,0.0,648.8899,0.0,6594.310433224802,5910.320421665171,798.0583166666667,149.16841666666664,0.9489,0.9489,06:00,0.0,0.0,0.0,0.0
2025-10-13,41,07:00,0.0,0.0,0.0,0.0,0.0,580.0575,0.0,5910.320421665171,5298.886130377465,792.995,212.9375,0.862,0.862,06:00,0.0,0.0,0.0,0.0
2025-10-13,42,07:10,0.0,0.0,0.0,0.0,0.0,533.7302,0.0,5298.886130377465,4736.285101038397,812.2305666666666,278.50036666666665,0.799,0.799,06:00,0.0,0.0,0.0,0.0
2025-10-13,43,07:20,0.0,124.9186624999976,124.9186624999976,189.0798333333347,0.0,156.44807083333438,0.0,4736.285101038397,4571.374354580833,818.9857666666667,348.5392,0.7742,0.7742,06:00,0.0,96.71202850749813,48.356014253749066,731.9280348333386
2025-10-13,44,07:30,0.0,416.09587500000004,377.08666666666664,0.0,0.0,0.0,0.0,4571.374354580833,4571.374354580833,793.9366666666666,416.84999999999997,0.7542,0.7542,06:00,0.0,313.81950892500004,156.90975446250002,0.0
2025-10-13,45,07:40,0.0,324.2818916666667,302.86171666666667,0.0,0.0,0.0,0.0,4571.374354580833,4571.374354580833,775.7918999999999,472.9301833333333,0.7348,0.7348,06:00,0.0,238.2823339966667,119.14116699833335,0.0
2025-10-13,46,07:50,0.0,0.0,0.0,0.0,0.0,375.3435833333333,0.0,4571.374354580833,4175.72747842665,901.0445666666666,525.7009833333333,0.9208,0.9208,06:00,0.0,0.0,0.0,0.0
2025-10-13,47,08:00,0.0,0.0,0.0,0.0,0.0,513.0929166666666,0.0,4175.72747842665,3634.880055771438,1087.7116666666666,574.61875,1.2014,1.2014,06:00,0.0,0.0,0.0,0.0
2025-10-13,48,08:10,0.0,0.0,0.0,0.0,0.0,493.23048333333327,0.0,3634.880055771438,3114.9694761850874,1104.9815833333332,611.7511,1.2307,1.2307,06:00,0.0,0.0,0.0,0.0
2025-10-13,49,08:20,0.0,0.0,0.0,0.0,0.0,432.9751666666667,0.0,3114.9694761850874,2658.5735771991936,1089.8553666666667,656.8802,1.1871,1.1871,06:00,0.0,0.0,0.0,0.0
2025-10-13,50,08:30,0.0,0.0,0.0,0.0,0.0,382.85749999999985,0.0,2658.5735771991936,2255.0063374398887,1110.0949999999998,727.2375,1.1699,1.1699,06:00,0.0,0.0,0.0,0.0
2025-10-13,51,08:40,0.0,0.0,0.0,0.0,0.0,279.42061666666655,0.0,2255.0063374398887,1960.4711461480647,1097.0781499999998,817.6575333333333,1.1044,1.1044,06:00,0.0,0.0,0.0,0.0
2025-10-13,52,08:50,0.0,0.0,0.0,0.0,0.0,214.75698333333344,0.0,1960.4711461480647,1734.0974092280135,1089.91005,875.1530666666665,1.0692,1.0692,06:00,0.0,0.0,0.0,0.0
2025-10-13,53,09:00,0.0,0.0,0.0,0.0,0.0,199.08999999999992,0.0,1734.0974092280135,1524.238122773706,1107.1149999999998,908.0249999999999,1.0686,1.0686,06:00,0.0,0.0,0.0,0.0
2025-10-13,54,09:10,0.0,0.0,0.0,0.0,0.0,147.67828333333318,0.0,1524.238122773706,1368.5715440147007,1120.774,973.0957166666667,1.031,1.031,06:00,0.0,0.0,0.0,0.0
2025-10-13,55,09:20,0.0,0.0,0.0,0.0,0.0,84.43916666666655,0.0,1368.5715440147007,1279.564847216956,1115.542,1031.1028333333334,1.0363,1.0363,06:00,0.0,0.0,0.0,0.0
2025-10-13,56,09:30,0.0,0.0,0.0,0.0,0.0,32.55291666666653,0.0,1279.564847216956,1245.251060167515,1104.6466666666665,1072.09375,1.0595,1.0595,06:00,0.0,0.0,0.0,0.0
2025-10-13,57,09:40,0.0,0.0,0.0,0.0,0.0,0.0,18.083933333333334,1245.251060167515,1245.251060167515,1110.4117666666666,1128.4957,0.9845,0.9845,06:00,0.0,0.0,0.0,0.0
2025-10-13,58,09:50,0.0,0.0,0.0,0.0,91.25456666666673,0.0,0.0,1245.251060167515,1331.822743435019,1094.7057666666665,1185.9603333333332,0.9023,0.9023,06:00,0.0,0.0,0.0,0.0
2025-10-13,59,10:00,0.0,0.0,0.0,0.0,32.86379444444381,0.0,124.90245555555632,1331.822743435019,1363.000076335028,1065.6399999999999,1223.40625,0.8748,0.8748,06:00,-2.842170943040401e-14,0.0,0.0,0.0
2025-10-13,60,10:10,0.0,0.0,0.0,0.0,164.50206666666668,0.0,0.0,1363.000076335028,1519.0604394764869,1073.7445166666666,1238.2465833333333,0.8771,0.8771,06:00,0.0,0.0,0.0,0.0
2025-10-13,61,10:20,0.0,0.0,0.0,0.0,184.1876666666667,0.0,0.0,1519.0604394764869,1693.796202550049,1093.3280833333333,1277.51575,0.8682,0.8682,06:00,0.0,0.0,0.0,0.0
2025-10-13,62,10:30,0.0,0.0,0.0,0.0,258.86249999999995,0.0,0.0,1693.796202550049,1939.37473279165,1093.175,1352.0375,0.8579,0.8579,06:00,0.0,0.0,0.0,0.0
2025-10-13,63,10:40,0.0,0.0,0.0,0.0,319.8882986111108,0.0,32.625968055555745,1939.37473279165,2242.8474189258063,1068.815,1421.3292666666666,0.8624,0.8624,06:00,-1.1368683772161603e-13,0.0,0.0,0.0
2025-10-13,64,10:50,0.0,0.0,0.0,0.0,374.0168166666667,0.0,0.0,2242.8474189258063,2597.670926087494,1063.3913833333331,1437.4081999999999,0.7175,0.7175,06:00,0.0,0.0,0.0,0.0
2025-10-13,65,11:00,0.0,0.0,0.0,0.0,356.59041666666667,0.0,0.0,2597.670926087494,2935.9622986240342,1074.1033333333332,1430.69375,0.4952,0.4952,06:00,0.0,0.0,0.0,0.0
2025-10-13,66,11:10,0.0,0.0,0.0,0.0,416.3775166666667,0.0,0.0,2935.9622986240342,3330.9726943694504,1060.5023666666666,1476.8798833333333,0.4495,0.4495,06:00,0.0,0.0,0.0,0.0
2025-10-13,67,11:20,532.2362847222223,0.0,0.0,0.0,456.8544833333333,0.0,0.0,3330.9726943694504,3764.3829123472806,1060.1445666666666,1516.99905,0.4443,0.4443,06:00,0.0,0.0,118.23629065104168,0.0
2025-10-13,68,11:30,528.0817333333334,0.0,0.0,0.0,339.7774555555565,0.0,109.57421111111017,3764.3829123472806,4086.724109486938,1081.3483333333334,1530.7,0.4041,0.4041,06:00,5.684341886080802e-14,0.0,106.69891422000002,0.0
2025-10-13,69,11:40,518.7728819444446,0.0,0.0,0.0,468.8481166666668,0.0,0.0,4086.724109486938,4531.512487091043,1084.3225333333332,1553.17065,0.3931,0.3931,06:00,0.0,0.0,101.9648099461806,0.0
2025-10-13,70,11:50,461.3011430555555,178.53430003881363,86.28330003881342,0.0,599.8513333721467,0.0,0.0,4531.512487091043,5100.581428374529,1037.8084666666666,1551.3764999999999,0.3907,0.3907,06:00,0.0,69.75335102516448,55.23850278332051,0.0
2025-10-13,71,12:00,388.18819999999994,0.0,0.0,12.162366666666458,545.4556999999995,0.0,0.0,5100.581428374529,5618.046140790981,992.3816666666667,1525.6749999999997,0.3974,0.3974,06:00,0.0,0.0,77.13299533999998,24.16662256666625
2025-10-13,72,12:10,441.98474444444435,0.0,0.0,0.0,479.2232999999999,0.0,0.0,5618.046140790981,6072.677281537632,1028.3847833333332,1507.608083333333,0.4368,0.4368,12:00,0.0,0.0,96.52946818666665,0.0
2025-10-13,73,12:20,108.50582226102858,0.0,0.0,0.0,417.45870000000014,0.0,0.0,6072.677281537632,6468.713377853512,1034.4990833333331,1451.9577833333333,0.4466,0.4466,12:00,0.0,0.0,24.229350110887683,0.0
2025-10-13,74,12:30,547.0665166666665,101.48734166666816,101.48734166666816,204.21380833333285,694.324900000001,0.0,0.0,6468.713377853512,7127.407813904106,984.9449999999999,1373.56875,0.4015,0.4015,12:00,0.0,40.74716767916727,89.45001938124969,409.95922022916574
2025-10-13,75,12:40,588.2058486111109,370.77607083333305,370.77607083333305,89.00362916666722,833.3333333333335,0.0,0.0,7127.407813904106,7917.977228946201,970.1034999999999,1343.6571333333331,0.376,0.376,12:00,0.0,139.41180263333322,40.87679822222225,167.32682283333438
2025-10-13,76,12:50,0.0,0.0,0.0,82.64042916666659,417.66834583333326,0.0,0.0,7917.977228946201,8314.21221276267,1005.8387166666666,1340.8666333333333,0.5904,0.5904,12:00,-5.684341886080802e-14,0.0,0.0,243.95454689999977
2025-10-13,77,13:00,0.0,0.0,0.0,0.0,301.6724999999999,0.0,0.0,8314.21221276267,8600.403874993814,1045.565,1347.2375,0.8781,0.8781,12:00,0.0,0.0,0.0,0.0
2025-10-13,78,13:10,0.0,0.0,0.0,0.0,330.3810166666667,0.0,0.0,8600.403874993814,8913.830827498428,1031.7061333333331,1362.0871499999998,0.833,0.833,12:00,0.0,0.0,0.0,0.0
2025-10-13,79,13:20,0.0,0.0,0.0,0.0,318.16445,0.0,0.0,8913.830827498428,9215.668127246856,1028.3571,1346.52155,0.7697,0.7697,12:00,0.0,0.0,0.0,0.0
2025-10-13,80,13:30,0.0,0.0,0.0,0.0,259.8741666666667,0.0,0.0,9215.668127246856,9462.206408758319,1045.3133333333333,1305.1875,0.8417,0.8417,12:00,0.0,0.0,0.0,0.0
2025-10-13,81,13:40,0.0,0.0,0.0,0.0,249.45966666666664,0.0,0.0,9462.206408758319,9698.864628062234,1030.8749166666666,1280.3345833333333,0.8916,0.8916,12:00,0.0,0.0,0.0,0.0
2025-10-13,82,13:50,0.0,0.0,0.0,0.0,226.57836666666662,0.0,0.0,9698.864628062234,9913.815740218466,1025.6473166666665,1252.225683333333,0.9015,0.9015,12:00,0.0,0.0,0.0,0.0
2025-10-13,83,14:00,0.0,0.0,0.0,0.0,173.28125,0.0,0.0,9913.815740218466,10078.204767958781,1038.6499999999999,1211.9312499999999,0.8917,0.8917,12:00,0.0,0.0,0.0,0.0
2025-10-13,84,14:10,0.0,0.0,0.0,0.0,138.35559999999987,0.0,0.0,10078.204767958781,10209.460414870538,1033.9920666666667,1172.3476666666666,0.8802,0.8802,12:00,0.0,0.0,0.0,0.0
2025-10-13,85,14:20,0.0,0.0,0.0,0.0,107.61490000000003,0.0,0.0,10209.460414870538,10311.552873121915,1018.6659,1126.2808,0.8775,0.8775,12:00,0.0,0.0,0.0,0.0
2025-10-13,86,14:30,0.0,0.0,0.0,0.0,51.102916666666715,0.0,0.0,10311.552873121915,10360.033356645248,1013.9783333333332,1065.08125,0.9183,0.9183,12:00,0.0,0.0,0.0,0.0
2025-10-13,87,14:40,0.0,0.0,0.0,0.0,0.0,40.70718333333332,0.0,10360.033356645248,10317.124217824123,1034.1577166666666,993.4505333333333,1.0035,1.0035,12:00,0.0,0.0,0.0,0.0
2025-10-13,88,14:50,0.0,0.0,0.0,1.1985086700860847e-07,0.0,101.98028321348245,0.0,10317.124217824123,10209.627560696243,1053.5624333333333,951.58215,0.9121,0.9121,12:00,0.0,0.0,0.0,5.46579878992759e-07
2025-10-13,89,15:00,233.58873333333315,47.272733333333235,47.272733333333235,65.27393333333362,0.0,0.0,0.0,10209.627560696243,10209.627560696243,1045.0716666666667,932.5249999999999,0.7045,0.7045,12:00,0.0,33.303640633333266,65.62981099999999,229.92743016666765
2025-10-13,90,15:10,623.4647828703678,119.82962083333337,119.82962083333337,619.0384878297947,622.3071919964615,0.0,0.0,10209.627560696243,10800.0,1006.3428166666665,889.7819,0.6707,0.6707,12:00,1.1368683772161603e-13,80.36972669291669,168.8940515891195,2075.9455689372166
2025-10-13,91,15:20,358.36064583333336,191.5677291666666,155.47778333333338,0.0,0.0,0.0,0.0,10800.0,10800.0,996.5174833333333,841.0396999999999,0.6766,0.6766,12:00,0.0,129.61472555416663,56.42604370833337,0.0
2025-10-13,92,15:30,413.6019083333333,256.5705333333334,223.58125000000007,0.0,0.0,0.0,0.0,10800.0,10800.0,1009.375,785.7937499999999,0.6712,0.6712,12:00,0.0,172.21014197333338,52.69972944999998,0.0
2025-10-13,93,15:40,456.53716666666674,309.26733333333334,287.15575,0.0,0.0,0.0,0.0,10800.0,10800.0,989.2221999999999,702.0664499999999,0.7488,0.7488,12:00,0.0,231.5793792,55.13782560000004,0.0
2025-10-13,94,15:50,511.63514583333335,374.1268541666667,374.1268541666667,6.430312500000014,0.0,0.0,0.0,10800.0,10800.0,1000.4838833333333,619.9267166666666,0.8167,0.8167,12:00,0.0,305.5494017979167,56.15151090208332,26.258181093750053
2025-10-13,95,16:00,580.078,452.33124999999995,452.33124999999995,33.305000000000064,0.0,0.0,0.0,10800.0,10800.0,1034.98,549.34375,0.8438,0.8438,12:00,0.0,381.67710874999995,53.896353825000006,140.51379500000027
2025-10-13,96,16:10,629.0048597222222,517.5122569444445,517.5122569444445,20.666176388888857,0.0,0.0,0.0,10800.0,10800.0,1013.71785,475.5394166666666,0.8873,0.8873,12:00,0.0,459.1886255868056,49.46369322236109,91.68549154930541
2025-10-13,97,16:20,688.0628486111109,592.8243930555554,569.3576166666667,0.0,0.0,0.0,0.0,10800.0,10800.0,986.7673166666666,417.4097,0.9183,0.9183,12:00,0.0,544.3906401429166,43.72873686833327,0.0
2025-10-13,98,16:30,746.7739749999998,667.7896666666666,624.6054166666668,0.0,0.0,0.0,0.0,10800.0,10800.0,997.3616666666667,372.75624999999997,0.9302,0.9302,12:00,0.0,621.1779479333333,36.73560180583331,0.0
2025-10-13,99,16:40,775.3241055555554,712.5939444444443,712.5939444444443,5.790422222222105,0.0,0.0,0.0,10800.0,10800.0,1034.9396499999998,316.5552833333333,0.9598,0.9598,12:00,0.0,683.9476678777777,30.104204317222184,27.78823624444388
2025-10-13,100,16:50,812.224398611111,765.7483847222222,765.7483847222222,20.525465277777812,0.0,0.0,0.0,10800.0,10800.0,1038.2313666666666,251.95751666666666,1.0346,1.0346,12:00,0.0,792.243278833611,24.042041984722232,106.17823188194463
2025-10-13,101,17:00,870.024533333333,839.8026666666665,825.1833333333333,0.0,0.0,0.0,0.0,10800.0,10800.0,1013.5833333333333,188.4,1.0839,1.0839,12:00,0.0,910.2621103999999,16.378740639999933,0.0
2025-10-13,102,17:10,905.5014444444444,880.3165555555555,880.3165555555555,8.61749444444456,0.0,0.0,0.0,10800.0,10800.0,1020.5642166666667,131.63016666666664,1.0153,1.0153,12:00,0.0,893.7853988555556,12.78510884444438,43.74671054722281
2025-10-13,103,17:20,929.3337597222223,909.1858486111112,909.1858486111112,29.03450138888877,0.0,0.0,0.0,10800.0,10800.0,1015.7149666666666,77.49461666666666,1.0218,1.0218,12:00,0.0,929.0061001108335,10.2935677866667,148.33726759583274
2025-10-13,104,17:30,964.3260166666665,949.2150833333333,949.2150833333333,28.012833333333447,0.0,0.0,0.0,10800.0,10800.0,1008.3216666666667,31.09375,1.1021,1.1021,12:00,0.0,1046.1299433416666,8.326879813333335,154.36471808333397
2025-10-13,105,17:40,1015.5407486111111,1005.4667930555555,1005.4667930555555,22.740823611111068,0.0,0.0,0.0,10800.0,10800.0,1033.6626333333334,5.455016666666666,1.0814,1.0814,12:00,0.0,1087.3117900102777,5.446987768888903,122.95963326527755
2025-10-13,106,17:50,933.0348930555556,927.9979152777778,925.1280166666667,0.0,0.0,0.0,0.0,10800.0,10800.0,925.1280166666667,0.0,1.1483,1.1483,12:00,0.0,1065.6200061134723,2.8919807911111093,0.0
2025-10-13,107,18:00,0.0,0.0,0.0,0.0,0.0,730.055,0.0,10800.0,10030.454460935258,730.055,0.0,1.3008,1.3008,12:00,0.0,0.0,0.0,0.0
2025-10-13,108,18:10,0.0,0.0,0.0,0.0,0.0,681.8718666666666,0.0,10030.454460935258,9311.698403916154,682.1808333333333,0.3089666666666666,1.3218,1.3218,18:00,0.0,0.0,0.0,0.0
2025-10-13,109,18:20,0.0,0.0,0.0,0.0,0.0,703.1010666666666,0.0,9311.698403916154,8570.564805262635,703.1010666666666,0.0,1.2673,1.2673,18:00,0.0,0.0,0.0,0.0
2025-10-13,110,18:30,776.6354166666666,776.6354166666666,776.6354164198601,0.0,65.29041641986015,0.0,0.0,8570.564805262635,8632.50473284292,711.3449999999999,0.0,1.2268,1.2268,18:00,5.684341886080802e-14,952.7763291666665,0.0,0.0
2025-10-13,111,18:40,775.1465541666666,775.1465541666666,775.1465539198728,0.0,68.30593725320617,0.0,0.0,8632.50473284292,8697.305434672722,706.8628,0.022183333333333333,1.2336,1.2336,18:00,-2.842170943040401e-14,956.22078922,0.0,0.0
2025-10-13,112,18:50,214.11036371506714,170.3411976188963,170.3411976188963,0.0,0.0,532.8332190477704,0.0,8697.305434672722,8135.649906275932,703.1744166666667,0.0,1.2512,1.2512,18:00,0.0,213.13090646076307,27.38199030976449,0.0
2025-10-13,113,19:00,777.7945833333333,777.7945833333333,777.7945830865389,0.0,74.54791641987232,0.0,0.0,8135.649906275932,8206.37226948793,703.2466666666666,0.0,1.2431,1.2431,18:00,-1.4210854715202004e-14,966.8764465416667,0.0,0.0
2025-10-13,114,19:10,786.1480416666666,786.1480416666666,786.1480414198736,0.0,81.521424753207,0.0,0.0,8206.37226948793,8283.71028358458,704.6282166666666,0.0015999999999999999,1.2137,1.2137,18:00,4.263256414560601e-14,954.1478781708332,0.0,0.0
2025-10-13,115,19:20,0.0,0.0,0.0,0.0,0.0,733.1860666666666,0.0,8283.71028358458,7510.864310462339,733.1860666666666,0.0,1.2554,1.2554,18:00,0.0,0.0,0.0,0.0
2025-10-13,116,19:30,0.0,0.0,0.0,0.0,0.0,768.135,0.0,7510.864310462339,6701.178926964526,768.135,0.0,1.323,1.323,18:00,0.0,0.0,0.0,0.0
2025-10-13,117,19:40,0.0,0.0,0.0,0.0,0.0,758.70085,0.0,6701.178926964526,5901.438010729273,758.70085,0.0,1.2807,1.2807,18:00,0.0,0.0,0.0,0.0
2025-10-13,118,19:50,0.0,0.0,0.0,0.0,0.0,747.24385,0.0,5901.438010729273,5113.7738328782025,747.24385,0.0,1.2611,1.2611,18:00,0.0,0.0,0.0,0.0
2025-10-13,119,20:00,0.0,0.0,0.0,0.0,0.0,745.1166666666666,0.0,5113.7738328782025,4328.351903138493,745.1166666666666,0.0,1.2883,1.2883,18:00,0.0,0.0,0.0,0.0
2025-10-13,120,20:10,0.0,0.0,0.0,0.0,0.0,726.3190833333333,0.0,4328.351903138493,3562.744366012168,726.3190833333333,0.0,1.2577,1.2577,18:00,0.0,0.0,0.0,0.0
2025-10-13,121,20:20,788.3421416666665,788.3421416666665,788.3421414166243,0.0,56.43810808329095,0.0,0.0,3562.744366012168,3616.286256524356,731.9040333333334,0.0,1.2499,1.2499,18:00,-4.973799150320701e-14,985.3488428691664,0.0,0.0
2025-10-13,122,20:30,0.0,0.0,0.0,0.0,0.0,750.495,0.0,3616.286256524356,2825.195065668333,750.495,0.0,1.2999,1.2999,18:00,0.0,0.0,0.0,0.0
2025-10-13,123,20:40,0.0,0.0,0.0,0.0,0.0,727.4494166666666,0.0,2825.195065668333,2058.396052592493,727.4494166666666,0.0,1.3254,1.3254,18:00,0.0,0.0,0.0,0.0
2025-10-13,124,20:50,777.0818041666666,777.0818041666666,777.0818039166443,0.0,65.18465391664441,0.0,0.0,2058.396052592493,2120.2356450524167,711.8971499999999,0.0,1.1622,1.1622,18:00,-2.842170943040401e-14,903.1244728024999,0.0,0.0
2025-10-13,125,21:00,771.0624999999999,771.0624999999999,771.0624997499799,0.0,44.77416641664668,0.0,0.0,2120.2356450524167,2162.7121489160236,726.2883333333332,0.0,0.9275,0.9275,18:00,4.263256414560601e-14,715.1604687499998,0.0,0.0
2025-10-13,126,21:10,796.8079416666666,796.8079416666666,796.8079414166444,0.0,58.125158083311085,0.0,0.0,2162.7121489160236,2217.8545155862066,738.6827833333333,0.0,0.9183,0.9183,18:00,4.973799150320701e-14,731.7087328324999,0.0,0.0
2025-10-13,127,21:20,785.8715625,785.8715625,785.8715622499864,0.0,69.28491224998636,0.0,0.0,2217.8545155862066,2283.583954644664,716.58665,0.0,0.9588,0.9588,18:00,4.263256414560601e-14,753.4936541249999,0.0,0.0
2025-10-13,128,21:30,765.5870833333333,765.5870833333333,765.5870830833214,0.0,59.170416416654824,0.0,0.0,2283.583954644664,2339.7179404378385,706.4166666666666,0.0,0.9658,0.9658,18:00,-2.1316282072803006e-14,739.4040050833333,0.0,0.0
2025-10-13,129,21:40,812.4783416666667,812.4783416666667,812.4783414166516,0.0,45.37655808331824,0.0,0.0,2339.7179404378385,2382.7659232145015,767.1017833333333,0.0,0.9889,0.9889,18:00,4.973799150320701e-14,803.4598320741667,0.0,0.0
2025-10-13,130,21:50,734.8194791666666,734.8194791666666,734.8194789166538,0.0,28.640895583320454,0.0,0.0,2382.7659232145015,2409.9370624956064,706.1785833333333,0.0,0.7683,0.7683,18:00,3.552713678800501e-15,564.56180584375,0.0,0.0
2025-10-13,131,22:00,568.55125,568.55125,568.55125,0.0,18.786249999999995,0.0,0.0,2409.9370624956064,2427.7592641036076,549.765,0.0,0.4237,0.4237,18:00,0.0,240.895164625,0.0,0.0
2025-10-13,132,22:10,1388.5466916666664,1388.5466916666664,1360.5614666666665,0.0,833.3333333333333,0.0,0.0,2427.7592641036076,3218.328679145702,527.2281333333333,0.0,0.3725,0.3725,18:00,0.0,517.2336426458332,0.0,0.0
2025-10-13,133,22:20,1413.8657875,1413.8657875,1388.8356999999999,0.0,833.3333333333333,0.0,0.0,3218.328679145702,4008.898094187797,555.5023666666666,0.0,0.4008,0.4008,18:00,0.0,566.67740763,0.0,0.0
2025-10-13,134,22:30,1406.9633333333331,1406.9633333333331,1388.663333083327,0.0,833.3333330833269,0.0,0.0,4008.898094187797,4799.467508992715,555.3299999999999,0.0,0.3805,0.3805,18:00,1.1368683772161603e-13,535.3495483333332,0.0,0.0
2025-10-13,135,22:40,1418.2203166666666,1418.2203166666666,1370.9277666666667,0.0,833.3333333333333,0.0,0.0,4799.467508992715,5590.03692403481,537.5944333333333,0.0,0.3968,0.3968,18:00,1.1368683772161603e-13,562.7498216533332,0.0,0.0
2025-10-13,136,22:50,1440.4611958333332,1440.4611958333332,1365.7051,0.0,833.3333333333333,0.0,0.0,5590.03692403481,6380.606339076905,532.3717666666666,0.0,0.3948,0.3948,18:00,0.0,568.6940801149999,0.0,0.0
2025-10-13,137,23:00,1446.3166666666666,1446.3166666666666,1377.3866666666665,0.0,833.3333333333333,0.0,0.0,6380.606339076905,7171.175754119,544.0533333333333,0.0,0.3856,0.3856,18:00,0.0,557.6997066666667,0.0,0.0
2025-10-13,138,23:10,589.4857333333333,589.4857333333333,589.4857333333333,0.0,36.62146666666672,0.0,0.0,7171.175754119,7205.91792789578,552.8642666666666,0.0,0.4374,0.4374,18:00,0.0,257.84105976,0.0,0.0
2025-10-13,139,23:20,594.7305041666666,594.7305041666666,594.7305041666666,0.0,34.62360416666661,0.0,0.0,7205.91792789578,7238.764762887009,560.1069,0.0,0.4383,0.4383,18:00,0.0,260.67037997625,0.0,0.0
2025-10-13,140,23:30,1451.4770833333332,1451.4770833333332,1395.7116666666666,0.0,833.3333333333333,0.0,0.0,7238.764762887009,8029.334177929104,562.3783333333333,0.0,0.3767,0.3767,18:00,0.0,546.7714172916666,0.0,0.0
2025-10-13,141,23:40,1427.1997875,1427.1997875,1385.5337330833354,0.0,833.3333330833356,0.0,0.0,8029.334177929104,8819.90359273403,552.2004,0.0,0.3599,0.3599,18:00,-1.1368683772161603e-13,513.64920352125,0.0,0.0
2025-10-13,142,23:50,1411.377425,1411.377425,1379.4508330833316,0.0,833.3333330833317,0.0,0.0,8819.90359273403,9610.473007538953,546.1175,0.0,0.3854,0.3854,18:00,0.0,543.944859595,0.0,0.0
2025-10-13,143,0:00+1,594.9129166666667,594.9129166666667,594.9129164166624,0.0,47.9962497499957,0.0,0.0,9610.473007538953,9656.006248045835,546.9166666666666,0.0,0.412,0.412,18:00,4.263256414560601e-14,245.10412166666666,0.0,0.0
