time,planned_g0_kwh,final_g_kwh,normal_x_kwh,load_kwh,forecast_load_kwh,actual_pv_kwh,forecast_pv_kwh,charge_kwh,discharge_kwh,curtailment_kwh,emergency_kwh,soc_kwh,balance_residual_kwh,last_update_time,price,phi_yuan,emergency_cost_yuan,run_id,pv_mapping_mode,settlement_mode
00:10,479.4630291666667,479.4630291666667,479.4630291666667,514.6639666666666,479.4630291666667,0.0,0.0,0.0,0.0,0.0,35.20093749999995,6000.0,0.0,00:00,0.4248,203.67589479,74.7667912499999,2025-06-21__M18_only__causal_load_main__step_hourly_sensitivity__adjacent_literal_sensitivity__48h,step_hourly_sensitivity,adjacent_literal_sensitivity
00:20,476.248725,476.248725,476.248725,533.3486499999999,476.248725,0.0,0.0,0.0,0.0,0.0,57.09992499999993,6000.0,0.0,00:00,0.4245,202.1675837625,121.19459081249985,2025-06-21__M18_only__causal_load_main__step_hourly_sensitivity__adjacent_literal_sensitivity__48h,step_hourly_sensitivity,adjacent_literal_sensitivity
00:30,462.0445833333333,462.0445833333333,462.0445833333333,566.91,462.0445833333333,0.0,0.0,0.0,0.0,0.0,104.86541666666665,6000.0,0.0,00:00,0.4269,197.246832625,223.83523187499998,2025-06-21__M18_only__causal_load_main__step_hourly_sensitivity__adjacent_literal_sensitivity__48h,step_hourly_sensitivity,adjacent_literal_sensitivity
00:40,477.82737083333336,477.82737083333336,477.82737083333336,510.5876833333333,477.82737083333336,0.0,0.0,0.0,0.0,0.0,32.76031249999994,6000.0,0.0,00:00,0.4272,204.12785282000002,69.97602749999987,2025-06-21__M18_only__causal_load_main__step_hourly_sensitivity__adjacent_literal_sensitivity__48h,step_hourly_sensitivity,adjacent_literal_sensitivity
00:50,487.92443333333335,487.92443333333335,470.04286666666667,470.04286666666667,487.92443333333335,0.0,0.0,0.0,0.0,0.0,0.0,6000.0,0.0,00:00,0.4271,208.39252547666666,0.0,2025-06-21__M18_only__causal_load_main__step_hourly_sensitivity__adjacent_literal_sensitivity__48h,step_hourly_sensitivity,adjacent_literal_sensitivity
01:00,478.99041666666665,478.99041666666665,478.99041666666665,480.56333333333333,478.99041666666665,0.0,0.0,0.0,0.0,0.0,1.5729166666666856,6000.0,0.0,00:00,0.4285,205.24739354166667,3.369973958333374,2025-06-21__M18_only__causal_load_main__step_hourly_sensitivity__adjacent_literal_sensitivity__48h,step_hourly_sensitivity,adjacent_literal_sensitivity
01:10,472.1667458333333,472.1667458333333,472.1667458333333,478.3299333333333,472.1667458333333,0.0,0.0,0.0,0.0,0.0,6.163187499999992,6000.0,0.0,00:00,0.4311,203.55108412874998,13.284750656249983,2025-06-21__M18_only__causal_load_main__step_hourly_sensitivity__adjacent_literal_sensitivity__48h,step_hourly_sensitivity,adjacent_literal_sensitivity
01:20,459.4691541666666,459.4691541666666,459.4691541666666,497.63811666666663,459.4691541666666,0.0,0.0,0.0,0.0,0.0,38.16896250000002,6000.0,0.0,00:00,0.4302,197.6636301225,82.10143833750006,2025-06-21__M18_only__causal_load_main__step_hourly_sensitivity__adjacent_literal_sensitivity__48h,step_hourly_sensitivity,adjacent_literal_sensitivity
01:30,450.6312499999999,450.6312499999999,450.6312499999999,527.3633333333332,450.6312499999999,0.0,0.0,0.0,0.0,0.0,76.73208333333332,6000.0,0.0,00:00,0.4279,192.82511187499998,164.16829229166663,2025-06-21__M18_only__causal_load_main__step_hourly_sensitivity__adjacent_literal_sensitivity__48h,step_hourly_sensitivity,adjacent_literal_sensitivity
01:40,466.4358208333333,466.4358208333333,466.4358208333333,510.8076166666666,466.4358208333333,0.0,0.0,0.0,0.0,0.0,44.371795833333294,6000.0,0.0,00:00,0.4312,201.12712594333334,95.66559181666659,2025-06-21__M18_only__causal_load_main__step_hourly_sensitivity__adjacent_literal_sensitivity__48h,step_hourly_sensitivity,adjacent_literal_sensitivity
01:50,471.9931708333333,471.9931708333333,471.9931708333333,492.3409833333333,471.9931708333333,0.0,0.0,0.0,0.0,0.0,20.347812500000032,6000.0,0.0,00:00,0.4333,204.51464092208332,44.08353578125007,2025-06-21__M18_only__causal_load_main__step_hourly_sensitivity__adjacent_literal_sensitivity__48h,step_hourly_sensitivity,adjacent_literal_sensitivity
02:00,463.17625,463.17625,463.17625,499.1033333333333,463.17625,0.0,0.0,0.0,0.0,0.0,35.927083333333314,6000.0,0.0,00:00,0.4311,199.675281375,77.44082812499995,2025-06-21__M18_only__causal_load_main__step_hourly_sensitivity__adjacent_literal_sensitivity__48h,step_hourly_sensitivity,adjacent_literal_sensitivity
02:10,467.3242458333333,467.3242458333333,467.3242458333333,512.0669,467.3242458333333,0.0,0.0,0.0,0.0,0.0,44.74265416666674,6000.0,0.0,00:00,0.4293,200.62229873625,96.04010716875015,2025-06-21__M18_only__causal_load_main__step_hourly_sensitivity__adjacent_literal_sensitivity__48h,step_hourly_sensitivity,adjacent_literal_sensitivity
02:20,459.8668083333333,459.8668083333333,459.8668083333333,502.18358333333333,459.8668083333333,0.0,0.0,0.0,0.0,0.0,42.31677500000001,6000.0,0.0,00:00,0.4324,198.84640792333335,91.48886755000001,2025-06-21__M18_only__causal_load_main__step_hourly_sensitivity__adjacent_literal_sensitivity__48h,step_hourly_sensitivity,adjacent_literal_sensitivity
02:30,35.90746935753418,35.90746935753418,35.90746935753418,473.125,449.79999999999995,0.0,0.0,0.0,413.8925306424658,0.0,23.325000000000045,5563.718965546258,0.0,00:00,0.4367,15.680791868435177,50.9301375000001,2025-06-21__M18_only__causal_load_main__step_hourly_sensitivity__adjacent_literal_sensitivity__48h,step_hourly_sensitivity,adjacent_literal_sensitivity
02:40,470.02245,470.02245,458.3199833333333,458.3199833333333,470.02245,0.0,0.0,0.0,0.0,0.0,0.0,5563.718965546258,0.0,00:00,0.4348,204.36576126,0.0,2025-06-21__M18_only__causal_load_main__step_hourly_sensitivity__adjacent_literal_sensitivity__48h,step_hourly_sensitivity,adjacent_literal_sensitivity
02:50,464.5351749999999,464.5351749999999,464.5351749999999,470.09745,464.5351749999999,0.0,0.0,0.0,0.0,0.0,5.5622750000000565,5563.718965546258,0.0,00:00,0.4335,201.37599836249996,12.056231062500123,2025-06-21__M18_only__causal_load_main__step_hourly_sensitivity__adjacent_literal_sensitivity__48h,step_hourly_sensitivity,adjacent_literal_sensitivity
03:00,437.49125,437.49125,437.49125,489.3733333333333,437.49125,0.0,0.0,0.0,0.0,0.0,51.8820833333333,5563.718965546258,0.0,00:00,0.4357,190.61493762499998,113.02511854166657,2025-06-21__M18_only__causal_load_main__step_hourly_sensitivity__adjacent_literal_sensitivity__48h,step_hourly_sensitivity,adjacent_literal_sensitivity
03:10,0.0,0.0,0.0,486.69823333333335,449.8365625,0.00019999999999999998,0.0,0.0,486.69803333333334,0.0,0.0,5050.694192860296,0.0,00:00,0.4374,0.0,0.0,2025-06-21__M18_only__causal_load_main__step_hourly_sensitivity__adjacent_literal_sensitivity__48h,step_hourly_sensitivity,adjacent_literal_sensitivity
03:20,0.0,0.0,0.0,491.8388,460.42743333333334,0.0,0.0,0.0,423.56596250000024,0.0,68.27283749999975,4604.216465919807,0.0,00:00,0.4371,0.0,149.21028635624944,2025-06-21__M18_only__causal_load_main__step_hourly_sensitivity__adjacent_literal_sensitivity__48h,step_hourly_sensitivity,adjacent_literal_sensitivity
03:30,454.2966666666666,454.2966666666666,454.2966666666666,496.25166666666667,454.2966666666666,0.0,0.0,0.0,0.0,0.0,41.95500000000004,4604.216465919807,0.0,00:00,0.4356,197.89162799999997,91.37799000000008,2025-06-21__M18_only__causal_load_main__step_hourly_sensitivity__adjacent_literal_sensitivity__48h,step_hourly_sensitivity,adjacent_literal_sensitivity
03:40,460.2589333333333,460.2589333333333,460.2589333333333,463.3829999999999,460.2589333333333,0.0026999999999999997,0.0,0.0,0.0,0.0,3.1213666666666313,4604.216465919807,0.0,00:00,0.4353,200.35071367999998,6.793654549999923,2025-06-21__M18_only__causal_load_main__step_hourly_sensitivity__adjacent_literal_sensitivity__48h,step_hourly_sensitivity,adjacent_literal_sensitivity
03:50,471.9425875,471.9425875,454.71764999999994,454.71764999999994,471.9425875,0.0,0.0,0.0,0.0,0.0,0.0,4604.216465919807,0.0,00:00,0.436,205.76696815,0.0,2025-06-21__M18_only__causal_load_main__step_hourly_sensitivity__adjacent_literal_sensitivity__48h,step_hourly_sensitivity,adjacent_literal_sensitivity
04:00,0.0,0.0,0.0,477.03166666666664,476.4545833333333,0.0,0.0,0.0,476.45458333333335,0.0,0.5770833333332916,4101.9892375998625,0.0,00:00,0.4378,0.0,1.2632354166665754,2025-06-21__M18_only__causal_load_main__step_hourly_sensitivity__adjacent_literal_sensitivity__48h,step_hourly_sensitivity,adjacent_literal_sensitivity
04:10,0.0,0.0,0.0,474.3197,467.27298749999994,0.03771666666666666,1.1609166666666666,0.0,474.28198333333336,0.0,0.0,3602.0521307614117,0.0,00:00,0.4401,0.0,0.0,2025-06-21__M18_only__causal_load_main__step_hourly_sensitivity__adjacent_literal_sensitivity__48h,step_hourly_sensitivity,adjacent_literal_sensitivity
04:20,0.0,0.0,0.0,458.1585,452.0976833333333,0.0,1.1609166666666666,0.0,442.76685416666675,0.0,15.391645833333257,3135.3348868966514,0.0,00:00,0.4389,0.0,33.77696678124983,2025-06-21__M18_only__causal_load_main__step_hourly_sensitivity__adjacent_literal_sensitivity__48h,step_hourly_sensitivity,adjacent_literal_sensitivity
04:30,444.41825,444.41825,444.41825,446.2183333333333,445.57916666666665,0.0,1.1609166666666666,0.0,0.0,0.0,1.8000833333333048,3135.3348868966514,0.0,00:00,0.4364,193.9441243,3.9277818333332712,2025-06-21__M18_only__causal_load_main__step_hourly_sensitivity__adjacent_literal_sensitivity__48h,step_hourly_sensitivity,adjacent_literal_sensitivity
04:40,0.0,0.0,0.0,443.4785499999999,456.5533416666666,0.5252666666666667,1.1609166666666666,0.0,442.9532833333333,0.0,0.0,2668.421129435573,0.0,00:00,0.4393,0.0,0.0,2025-06-21__M18_only__causal_load_main__step_hourly_sensitivity__adjacent_literal_sensitivity__48h,step_hourly_sensitivity,adjacent_literal_sensitivity
04:50,0.0,0.0,0.0,450.38674999999995,458.3695041666666,0.0,1.1609166666666666,0.0,450.38674999999995,0.0,0.0,2193.671810115293,0.0,00:00,0.4422,0.0,0.0,2025-06-21__M18_only__causal_load_main__step_hourly_sensitivity__adjacent_literal_sensitivity__48h,step_hourly_sensitivity,adjacent_literal_sensitivity
05:00,0.0,0.0,0.0,455.38666666666666,449.08416666666665,1.2125,1.1609166666666666,0.0,454.1741666666667,0.0,0.0,1714.930203090096,0.0,00:00,0.4395,0.0,0.0,2025-06-21__M18_only__causal_load_main__step_hourly_sensitivity__adjacent_literal_sensitivity__48h,step_hourly_sensitivity,adjacent_literal_sensitivity
05:10,307.57959166666666,307.57959166666666,307.57959166666666,444.1196333333333,450.81989166666665,19.460916666666666,143.2403,0.0,13.010062499999822,0.0,104.06906250000016,1701.2163930897148,0.0,00:00,0.4333,133.27423706916667,225.46562390625036,2025-06-21__M18_only__causal_load_main__step_hourly_sensitivity__adjacent_literal_sensitivity__48h,step_hourly_sensitivity,adjacent_literal_sensitivity
05:20,0.0,0.0,0.0,434.4785,448.73166249999997,43.99505,143.2403,0.0,305.4913624999999,0.0,84.99208750000008,1379.2002227536648,0.0,00:00,0.4439,0.0,188.63993820625018,2025-06-21__M18_only__causal_load_main__step_hourly_sensitivity__adjacent_literal_sensitivity__48h,step_hourly_sensitivity,adjacent_literal_sensitivity
05:30,303.2051166666667,303.2051166666667,303.2051166666667,440.35833333333335,446.4454166666667,69.51249999999999,143.2403,0.0,0.0,0.0,67.64071666666666,1379.2002227536648,0.0,00:00,0.4301,130.40852067833333,145.46136119166667,2025-06-21__M18_only__causal_load_main__step_hourly_sensitivity__adjacent_literal_sensitivity__48h,step_hourly_sensitivity,adjacent_literal_sensitivity
05:40,1153.3175999999999,1153.3175999999999,1153.3175999999999,457.5106833333333,463.22456666666665,97.93268333333333,143.2403,833.3333331929042,0.0,0.0,39.593733192904324,2169.7696376625368,2.2737367544323206e-13,00:00,0.3713,428.22682488,73.50576567262688,2025-06-21__M18_only__causal_load_main__step_hourly_sensitivity__adjacent_literal_sensitivity__48h,step_hourly_sensitivity,adjacent_literal_sensitivity
05:50,0.0,0.0,0.0,459.67366666666663,470.0913583333333,122.63874999999999,143.2403,0.0,326.8510582069471,0.0,10.183858459719545,1825.238371139129,-5.684341886080802e-14,00:00,0.5708,0.0,29.064732044039584,2025-06-21__M18_only__causal_load_main__step_hourly_sensitivity__adjacent_literal_sensitivity__48h,step_hourly_sensitivity,adjacent_literal_sensitivity
06:00,0.0,0.0,0.0,456.93999999999994,460.68875,148.45,143.2403,0.0,308.48999999999995,0.0,0.0,1500.0613593440146,0.0,00:00,0.9099,0.0,0.0,2025-06-21__M18_only__causal_load_main__step_hourly_sensitivity__adjacent_literal_sensitivity__48h,step_hourly_sensitivity,adjacent_literal_sensitivity
06:10,0.0,0.0,0.0,481.45506666666665,457.72252499999996,189.49256666666668,422.11268333333334,0.0,284.6632000000001,0.0,7.299299999999846,1200.0,-5.684341886080802e-14,00:00,0.9368,0.0,34.18992119999928,2025-06-21__M18_only__causal_load_main__step_hourly_sensitivity__adjacent_literal_sensitivity__48h,step_hourly_sensitivity,adjacent_literal_sensitivity
06:20,0.0,0.0,0.0,488.7051666666667,460.0282291666666,242.2338,422.11268333333334,0.0,0.0,0.0,246.47136666666668,1200.0,0.0,00:00,0.8758,0.0,1079.2981146333336,2025-06-21__M18_only__causal_load_main__step_hourly_sensitivity__adjacent_literal_sensitivity__48h,step_hourly_sensitivity,adjacent_literal_sensitivity
06:30,0.0,0.0,0.0,460.66999999999996,456.3795833333333,294.31874999999997,422.11268333333334,0.0,0.0,0.0,166.35125,1200.0,0.0,00:00,0.8759,0.0,728.535299375,2025-06-21__M18_only__causal_load_main__step_hourly_sensitivity__adjacent_literal_sensitivity__48h,step_hourly_sensitivity,adjacent_literal_sensitivity
06:40,0.0,0.0,0.0,434.43561666666665,444.5764958333333,337.05043333333333,422.11268333333334,0.0,0.0,0.0,97.38518333333332,1200.0,0.0,00:00,0.8601,0.0,418.8049809249999,2025-06-21__M18_only__causal_load_main__step_hourly_sensitivity__adjacent_literal_sensitivity__48h,step_hourly_sensitivity,adjacent_literal_sensitivity
06:50,0.0,0.0,0.0,477.9608166666667,470.2215166666666,391.7487166666666,422.11268333333334,0.0,0.0,0.0,86.21210000000008,1200.0,0.0,00:00,0.8442,0.0,363.9012741000003,2025-06-21__M18_only__causal_load_main__step_hourly_sensitivity__adjacent_literal_sensitivity__48h,step_hourly_sensitivity,adjacent_literal_sensitivity
07:00,0.0,0.0,0.0,550.7116666666666,519.4525000000001,449.875,422.11268333333334,0.0,0.0,0.0,100.83666666666659,1200.0,0.0,00:00,0.8334,0.0,420.1863899999997,2025-06-21__M18_only__causal_load_main__step_hourly_sensitivity__adjacent_literal_sensitivity__48h,step_hourly_sensitivity,adjacent_literal_sensitivity
07:10,0.0,0.0,0.0,542.3861499999999,530.6207291666667,479.10384999999997,655.56525,0.0,0.0,0.0,63.282299999999964,1200.0,0.0,00:00,0.8092,0.0,256.04018579999985,2025-06-21__M18_only__causal_load_main__step_hourly_sensitivity__adjacent_literal_sensitivity__48h,step_hourly_sensitivity,adjacent_literal_sensitivity
07:20,0.0,0.0,0.0,522.9324666666666,534.7480583333333,501.0047833333333,655.56525,0.0,0.0,0.0,21.927683333333334,1200.0,0.0,00:00,0.7972,0.0,87.40374576666667,2025-06-21__M18_only__causal_load_main__step_hourly_sensitivity__adjacent_literal_sensitivity__48h,step_hourly_sensitivity,adjacent_literal_sensitivity
07:30,0.0,0.0,0.0,529.1416666666667,541.1370833333333,537.4812499999999,655.56525,0.0,0.0,8.33958333333328,0.0,1200.0,0.0,00:00,0.7644,0.0,0.0,2025-06-21__M18_only__causal_load_main__step_hourly_sensitivity__adjacent_literal_sensitivity__48h,step_hourly_sensitivity,adjacent_literal_sensitivity
07:40,0.0,0.0,0.0,526.62105,527.0539875,589.5878333333333,655.56525,0.0,0.0,62.9667833333333,0.0,1200.0,0.0,00:00,0.6899,0.0,0.0,2025-06-21__M18_only__causal_load_main__step_hourly_sensitivity__adjacent_literal_sensitivity__48h,step_hourly_sensitivity,adjacent_literal_sensitivity
07:50,0.0,0.0,0.0,514.59605,522.666075,630.8997666666667,655.56525,0.0,0.0,116.30371666666667,0.0,1200.0,0.0,00:00,0.86,0.0,0.0,2025-06-21__M18_only__causal_load_main__step_hourly_sensitivity__adjacent_literal_sensitivity__48h,step_hourly_sensitivity,adjacent_literal_sensitivity
08:00,0.0,0.0,0.0,510.3933333333333,534.5208333333334,667.2375,655.56525,0.0,0.0,156.84416666666664,0.0,1200.0,0.0,00:00,1.1617,0.0,0.0,2025-06-21__M18_only__causal_load_main__step_hourly_sensitivity__adjacent_literal_sensitivity__48h,step_hourly_sensitivity,adjacent_literal_sensitivity
08:10,0.0,0.0,0.0,527.0032833333332,537.1020791666666,722.4553999999999,753.1457333333333,0.0,0.0,195.4521166666667,0.0,1200.0,0.0,00:00,1.1683,0.0,0.0,2025-06-21__M18_only__causal_load_main__step_hourly_sensitivity__adjacent_literal_sensitivity__48h,step_hourly_sensitivity,adjacent_literal_sensitivity
08:20,0.0,0.0,0.0,526.8320333333334,526.3918791666667,740.3005833333333,753.1457333333333,0.0,0.0,213.46854999999994,0.0,1200.0,0.0,00:00,1.0956,0.0,0.0,2025-06-21__M18_only__causal_load_main__step_hourly_sensitivity__adjacent_literal_sensitivity__48h,step_hourly_sensitivity,adjacent_literal_sensitivity
08:30,0.0,0.0,0.0,506.265,512.4629166666666,726.4499999999999,753.1457333333333,0.0,0.0,220.18499999999995,0.0,1200.0,0.0,00:00,1.0849,0.0,0.0,2025-06-21__M18_only__causal_load_main__step_hourly_sensitivity__adjacent_literal_sensitivity__48h,step_hourly_sensitivity,adjacent_literal_sensitivity
08:40,0.0,0.0,0.0,505.16623333333337,516.0916291666665,746.6491666666667,753.1457333333333,0.0,0.0,241.48293333333334,0.0,1200.0,0.0,00:00,1.061,0.0,0.0,2025-06-21__M18_only__causal_load_main__step_hourly_sensitivity__adjacent_literal_sensitivity__48h,step_hourly_sensitivity,adjacent_literal_sensitivity
08:50,0.0,0.0,0.0,548.3231666666666,565.0705875,778.0861,753.1457333333333,0.0,0.0,229.76293333333342,0.0,1200.0,0.0,00:00,1.043,0.0,0.0,2025-06-21__M18_only__causal_load_main__step_hourly_sensitivity__adjacent_literal_sensitivity__48h,step_hourly_sensitivity,adjacent_literal_sensitivity
09:00,0.0,0.0,0.0,608.4366666666666,630.2408333333333,791.0124999999999,753.1457333333333,0.0,0.0,182.57583333333332,0.0,1200.0,0.0,00:00,1.036,0.0,0.0,2025-06-21__M18_only__causal_load_main__step_hourly_sensitivity__adjacent_literal_sensitivity__48h,step_hourly_sensitivity,adjacent_literal_sensitivity
09:10,0.0,0.0,0.0,630.9835166666667,647.0826458333332,791.1589,1123.85015,0.0,0.0,160.17538333333334,0.0,1200.0,0.0,00:00,1.0147,0.0,0.0,2025-06-21__M18_only__causal_load_main__step_hourly_sensitivity__adjacent_literal_sensitivity__48h,step_hourly_sensitivity,adjacent_literal_sensitivity
09:20,0.0,0.0,0.0,641.6030499999999,642.7701500000001,856.5730166666667,1123.85015,0.0,0.0,214.96996666666678,0.0,1200.0,0.0,00:00,0.9922,0.0,0.0,2025-06-21__M18_only__causal_load_main__step_hourly_sensitivity__adjacent_literal_sensitivity__48h,step_hourly_sensitivity,adjacent_literal_sensitivity
09:30,0.0,0.0,0.0,637.4333333333333,638.0116666666667,965.71875,1123.85015,0.0,0.0,328.2854166666667,0.0,1200.0,0.0,00:00,0.97,0.0,0.0,2025-06-21__M18_only__causal_load_main__step_hourly_sensitivity__adjacent_literal_sensitivity__48h,step_hourly_sensitivity,adjacent_literal_sensitivity
09:40,0.0,0.0,0.0,597.0597666666666,628.0672374999999,1018.178,1123.85015,0.0,0.0,421.11823333333336,0.0,1200.0,0.0,00:00,0.9422,0.0,0.0,2025-06-21__M18_only__causal_load_main__step_hourly_sensitivity__adjacent_literal_sensitivity__48h,step_hourly_sensitivity,adjacent_literal_sensitivity
09:50,0.0,0.0,0.0,614.6574499999999,625.8803916666666,1064.1836333333333,1123.85015,0.0,0.0,449.5261833333334,0.0,1200.0,0.0,00:00,0.9569,0.0,0.0,2025-06-21__M18_only__causal_load_main__step_hourly_sensitivity__adjacent_literal_sensitivity__48h,step_hourly_sensitivity,adjacent_literal_sensitivity
10:00,0.0,0.0,0.0,666.6899999999999,634.1933333333334,1107.25625,1123.85015,0.0,0.0,440.56624999999997,0.0,1200.0,0.0,00:00,0.9977,0.0,0.0,2025-06-21__M18_only__causal_load_main__step_hourly_sensitivity__adjacent_literal_sensitivity__48h,step_hourly_sensitivity,adjacent_literal_sensitivity
10:10,0.0,0.0,0.0,637.6840166666666,640.8780916666666,1098.3148833333332,1244.7583166666666,0.0,0.0,460.63086666666663,0.0,1200.0,0.0,00:00,0.9919,0.0,0.0,2025-06-21__M18_only__causal_load_main__step_hourly_sensitivity__adjacent_literal_sensitivity__48h,step_hourly_sensitivity,adjacent_literal_sensitivity
10:20,0.0,0.0,0.0,626.9162666666666,634.8932166666666,1115.9334,1244.7583166666666,0.0,0.0,489.0171333333333,0.0,1200.0,0.0,00:00,0.9588,0.0,0.0,2025-06-21__M18_only__causal_load_main__step_hourly_sensitivity__adjacent_literal_sensitivity__48h,step_hourly_sensitivity,adjacent_literal_sensitivity
10:30,0.0,0.0,0.0,650.3183333333333,622.8845833333332,1166.83125,1244.7583166666666,0.0,0.0,516.5129166666667,0.0,1200.0,0.0,00:00,0.9549,0.0,0.0,2025-06-21__M18_only__causal_load_main__step_hourly_sensitivity__adjacent_literal_sensitivity__48h,step_hourly_sensitivity,adjacent_literal_sensitivity
10:40,0.0,0.0,0.0,621.1255833333332,622.2024166666666,1182.3068166666667,1244.7583166666666,0.0,0.0,561.1812333333335,0.0,1200.0,0.0,00:00,0.9839,0.0,0.0,2025-06-21__M18_only__causal_load_main__step_hourly_sensitivity__adjacent_literal_sensitivity__48h,step_hourly_sensitivity,adjacent_literal_sensitivity
10:50,0.0,0.0,0.0,594.26015,624.4096,1207.1864666666665,1244.7583166666666,0.0,0.0,612.9263166666666,0.0,1200.0,0.0,00:00,0.799,0.0,0.0,2025-06-21__M18_only__causal_load_main__step_hourly_sensitivity__adjacent_literal_sensitivity__48h,step_hourly_sensitivity,adjacent_literal_sensitivity
11:00,0.0,0.0,0.0,613.2016666666666,623.5529166666666,1233.35,1244.7583166666666,0.0,0.0,620.1483333333333,0.0,1200.0,0.0,00:00,0.5025,0.0,0.0,2025-06-21__M18_only__causal_load_main__step_hourly_sensitivity__adjacent_literal_sensitivity__48h,step_hourly_sensitivity,adjacent_literal_sensitivity
11:10,0.0,0.0,0.0,657.6027666666666,621.06935,1217.7636,1360.2110833333331,0.0,0.0,560.1608333333334,0.0,1200.0,0.0,00:00,0.4662,0.0,0.0,2025-06-21__M18_only__causal_load_main__step_hourly_sensitivity__adjacent_literal_sensitivity__48h,step_hourly_sensitivity,adjacent_literal_sensitivity
11:20,0.0,0.0,0.0,650.1067166666667,612.2581208333334,1297.1492333333333,1360.2110833333331,0.0,0.0,647.0425166666666,0.0,1200.0,0.0,00:00,0.5007,0.0,0.0,2025-06-21__M18_only__causal_load_main__step_hourly_sensitivity__adjacent_literal_sensitivity__48h,step_hourly_sensitivity,adjacent_literal_sensitivity
11:30,0.0,0.0,0.0,607.6266666666667,608.5870833333333,1415.0375,1360.2110833333331,0.0,0.0,807.4108333333332,0.0,1200.0,0.0,00:00,0.4827,0.0,0.0,2025-06-21__M18_only__causal_load_main__step_hourly_sensitivity__adjacent_literal_sensitivity__48h,step_hourly_sensitivity,adjacent_literal_sensitivity
11:40,0.0,0.0,0.0,617.5237833333333,625.1151458333334,1363.4527333333333,1360.2110833333331,0.0,0.0,745.92895,0.0,1200.0,0.0,00:00,0.4785,0.0,0.0,2025-06-21__M18_only__causal_load_main__step_hourly_sensitivity__adjacent_literal_sensitivity__48h,step_hourly_sensitivity,adjacent_literal_sensitivity
11:50,0.0,0.0,0.0,620.7188833333332,622.6519333333333,1279.6117666666667,1360.2110833333331,197.20098753881345,0.0,461.69189579451995,0.0,1387.0812832371398,2.842170943040401e-14,00:00,0.4662,0.0,0.0,2025-06-21__M18_only__causal_load_main__step_hourly_sensitivity__adjacent_literal_sensitivity__48h,step_hourly_sensitivity,adjacent_literal_sensitivity
12:00,0.0,0.0,0.0,605.18,607.3870833333333,1277.51875,1360.2110833333331,672.33875,0.0,0.0,0.0,2024.9178259942996,0.0,00:00,0.4432,0.0,0.0,2025-06-21__M18_only__causal_load_main__step_hourly_sensitivity__adjacent_literal_sensitivity__48h,step_hourly_sensitivity,adjacent_literal_sensitivity
12:10,0.0,0.0,0.0,622.59025,623.1056375,1340.7105166666665,1349.9201166666667,718.1202666666666,0.0,0.0,0.0,2706.1865289725474,0.0,00:00,0.4411,0.0,0.0,2025-06-21__M18_only__causal_load_main__step_hourly_sensitivity__adjacent_literal_sensitivity__48h,step_hourly_sensitivity,adjacent_literal_sensitivity
12:20,0.0,0.0,0.0,642.0391999999999,629.6954249999999,1383.4959166666667,1349.9201166666667,741.4567166666668,0.0,0.0,0.0,3409.5941323015863,0.0,00:00,0.4551,0.0,0.0,2025-06-21__M18_only__causal_load_main__step_hourly_sensitivity__adjacent_literal_sensitivity__48h,step_hourly_sensitivity,adjacent_literal_sensitivity
12:30,0.0,0.0,0.0,654.76,617.1258333333333,1397.16875,1349.9201166666667,742.40875,0.0,0.0,0.0,4113.904913753146,0.0,00:00,0.4463,0.0,0.0,2025-06-21__M18_only__causal_load_main__step_hourly_sensitivity__adjacent_literal_sensitivity__48h,step_hourly_sensitivity,adjacent_literal_sensitivity
12:40,0.0,0.0,0.0,676.6507333333333,615.8116458333333,1434.2979500000001,1349.9201166666667,792.4414416666673,0.0,0.0,34.79422500000044,4865.680874145383,1.1368683772161603e-13,00:00,0.4113,0.0,71.55432371250089,2025-06-21__M18_only__causal_load_main__step_hourly_sensitivity__adjacent_literal_sensitivity__48h,step_hourly_sensitivity,adjacent_literal_sensitivity
12:50,0.0,0.0,0.0,652.0988,612.2548166666666,1423.7868166666667,1349.9201166666667,771.6880166666667,0.0,0.0,0.0,5597.768406862777,0.0,00:00,0.5682,0.0,0.0,2025-06-21__M18_only__causal_load_main__step_hourly_sensitivity__adjacent_literal_sensitivity__48h,step_hourly_sensitivity,adjacent_literal_sensitivity
13:00,0.0,0.0,0.0,614.6683333333333,607.0895833333333,1341.6,1349.9201166666667,726.9316666666666,0.0,0.0,0.0,6287.396337853467,0.0,00:00,0.8279,0.0,0.0,2025-06-21__M18_only__causal_load_main__step_hourly_sensitivity__adjacent_literal_sensitivity__48h,step_hourly_sensitivity,adjacent_literal_sensitivity
13:10,0.0,0.0,0.0,651.7447166666666,618.2064541666666,1248.9026999999999,1003.5081833333334,597.1579833333333,0.0,0.0,0.0,6853.910142939328,0.0,00:00,0.8636,0.0,0.0,2025-06-21__M18_only__causal_load_main__step_hourly_sensitivity__adjacent_literal_sensitivity__48h,step_hourly_sensitivity,adjacent_literal_sensitivity
13:20,0.0,0.0,0.0,643.7692333333333,630.3079375,1225.8205166666667,1003.5081833333334,582.0512833333333,0.0,0.0,0.0,7406.092474046529,0.0,00:00,0.8416,0.0,0.0,2025-06-21__M18_only__causal_load_main__step_hourly_sensitivity__adjacent_literal_sensitivity__48h,step_hourly_sensitivity,adjacent_literal_sensitivity
13:30,0.0,0.0,0.0,598.2149999999999,630.9287499999999,1223.4812499999998,1003.5081833333334,0.0,0.0,625.2662499999999,0.0,7406.092474046529,0.0,00:00,0.8618,0.0,0.0,2025-06-21__M18_only__causal_load_main__step_hourly_sensitivity__adjacent_literal_sensitivity__48h,step_hourly_sensitivity,adjacent_literal_sensitivity
13:40,0.0,0.0,0.0,641.5370166666667,622.4987208333333,1119.1241499999999,1003.5081833333334,477.5871333333332,0.0,0.0,0.0,7859.171410803686,0.0,00:00,0.8623,0.0,0.0,2025-06-21__M18_only__causal_load_main__step_hourly_sensitivity__adjacent_literal_sensitivity__48h,step_hourly_sensitivity,adjacent_literal_sensitivity
13:50,0.0,0.0,0.0,663.0396999999999,620.5288249999999,1021.2925,1003.5081833333334,220.14997916666732,0.0,138.10282083333277,0.0,8068.024019105272,0.0,00:00,0.9026,0.0,0.0,2025-06-21__M18_only__causal_load_main__step_hourly_sensitivity__adjacent_literal_sensitivity__48h,step_hourly_sensitivity,adjacent_literal_sensitivity
14:00,0.0,0.0,0.0,643.6416666666667,624.25,992.6999999999999,1003.5081833333334,349.0583333333333,0.0,0.0,0.0,8399.169829983954,0.0,00:00,0.9754,0.0,0.0,2025-06-21__M18_only__causal_load_main__step_hourly_sensitivity__adjacent_literal_sensitivity__48h,step_hourly_sensitivity,adjacent_literal_sensitivity
14:10,0.0,0.0,0.0,674.6484166666667,619.5610166666665,990.2996333333333,1037.5947999999999,315.65121666666664,0.0,0.0,0.0,8698.622867244943,0.0,00:00,1.0002,0.0,0.0,2025-06-21__M18_only__causal_load_main__step_hourly_sensitivity__adjacent_literal_sensitivity__48h,step_hourly_sensitivity,adjacent_literal_sensitivity
14:20,0.0,0.0,0.0,682.5380166666666,616.3754875,971.2156666666666,1037.5947999999999,288.67764999999997,0.0,0.0,0.0,8972.486532320416,0.0,00:00,0.9978,0.0,0.0,2025-06-21__M18_only__causal_load_main__step_hourly_sensitivity__adjacent_literal_sensitivity__48h,step_hourly_sensitivity,adjacent_literal_sensitivity
14:30,0.0,0.0,0.0,667.8983333333333,622.71875,956.3562499999999,1037.5947999999999,288.4579166666666,0.0,0.0,0.0,9246.14174005253,0.0,00:00,1.0271,0.0,0.0,2025-06-21__M18_only__causal_load_main__step_hourly_sensitivity__adjacent_literal_sensitivity__48h,step_hourly_sensitivity,adjacent_literal_sensitivity
14:40,0.0,0.0,0.0,704.50855,633.4108999999999,994.0434499999999,1037.5947999999999,289.5348999999999,0.0,0.0,0.0,9520.818663885255,0.0,00:00,1.0906,0.0,0.0,2025-06-21__M18_only__causal_load_main__step_hourly_sensitivity__adjacent_literal_sensitivity__48h,step_hourly_sensitivity,adjacent_literal_sensitivity
14:50,0.0,0.0,0.0,697.0747666666666,624.644875,996.54085,1037.5947999999999,299.46608333333336,0.0,0.0,0.0,9804.917135476191,0.0,00:00,0.9376,0.0,0.0,2025-06-21__M18_only__causal_load_main__step_hourly_sensitivity__adjacent_literal_sensitivity__48h,step_hourly_sensitivity,adjacent_literal_sensitivity
15:00,0.0,0.0,0.0,646.6133333333332,608.3604166666667,946.7437499999999,1037.5947999999999,300.13041666666663,0.0,0.0,0.0,10089.645849004799,0.0,00:00,0.6694,0.0,0.0,2025-06-21__M18_only__causal_load_main__step_hourly_sensitivity__adjacent_literal_sensitivity__48h,step_hourly_sensitivity,adjacent_literal_sensitivity
15:10,28.983299999999872,28.983299999999872,28.983299999999872,652.7055833333333,618.9655666666665,909.52565,589.9822666666666,748.7790208333333,0.0,0.0,462.9756541666667,10800.0,-1.1368683772161603e-13,00:00,0.66,19.128977999999915,1527.8196587500001,2025-06-21__M18_only__causal_load_main__step_hourly_sensitivity__adjacent_literal_sensitivity__48h,step_hourly_sensitivity,adjacent_literal_sensitivity
15:20,31.783083333333252,31.783083333333252,0.0,654.0566333333334,621.7653499999999,858.8448,589.9822666666666,0.0,0.0,204.7881666666666,0.0,10800.0,0.0,00:00,0.7217,22.937851241666607,0.0,2025-06-21__M18_only__causal_load_main__step_hourly_sensitivity__adjacent_literal_sensitivity__48h,step_hourly_sensitivity,adjacent_literal_sensitivity
15:30,26.274400000000014,26.274400000000014,0.0,645.9166666666666,616.2566666666667,801.85,589.9822666666666,0.0,0.0,155.9333333333334,0.0,10800.0,0.0,00:00,0.7308,19.20133152000001,0.0,2025-06-21__M18_only__causal_load_main__step_hourly_sensitivity__adjacent_literal_sensitivity__48h,step_hourly_sensitivity,adjacent_literal_sensitivity
15:40,46.64085833333331,46.64085833333331,0.0,689.5025833333334,636.623125,780.1588666666667,589.9822666666666,0.0,0.0,90.65628333333325,0.0,10800.0,0.0,00:00,0.7534,35.13922266833332,0.0,2025-06-21__M18_only__causal_load_main__step_hourly_sensitivity__adjacent_literal_sensitivity__48h,step_hourly_sensitivity,adjacent_literal_sensitivity
15:50,60.12028333333319,60.12028333333319,0.0,719.5433666666665,650.1025499999998,746.8723499999999,589.9822666666666,0.0,0.0,27.328983333333326,0.0,10800.0,0.0,00:00,0.7823,47.032097651666554,0.0,2025-06-21__M18_only__causal_load_main__step_hourly_sensitivity__adjacent_literal_sensitivity__48h,step_hourly_sensitivity,adjacent_literal_sensitivity
16:00,61.003150000000005,61.003150000000005,27.004999999999995,702.905,650.9854166666667,675.9,589.9822666666666,0.0,0.0,0.0,0.0,10800.0,0.0,00:00,0.8055,49.138037325000006,0.0,2025-06-21__M18_only__causal_load_main__step_hourly_sensitivity__adjacent_literal_sensitivity__48h,step_hourly_sensitivity,adjacent_literal_sensitivity
16:10,244.60022916666662,244.60022916666662,78.57155,672.3809666666666,661.7557625,593.8094166666666,417.1555333333333,0.0,0.0,0.0,0.0,10800.0,0.0,00:00,0.8271,202.30884954374994,0.0,2025-06-21__M18_only__causal_load_main__step_hourly_sensitivity__adjacent_literal_sensitivity__48h,step_hourly_sensitivity,adjacent_literal_sensitivity
16:20,226.5884666666666,226.5884666666666,103.20429999999999,663.4524333333333,643.7439999999999,560.2481333333333,417.1555333333333,0.0,0.0,0.0,0.0,10800.0,0.0,00:00,0.8519,193.03071475333326,0.0,2025-06-21__M18_only__causal_load_main__step_hourly_sensitivity__adjacent_literal_sensitivity__48h,step_hourly_sensitivity,adjacent_literal_sensitivity
16:30,205.21113333333324,205.21113333333324,105.90750000000003,673.67,622.3666666666666,567.7624999999999,417.1555333333333,0.0,0.0,0.0,0.0,10800.0,0.0,00:00,0.8791,180.40110731333326,0.0,2025-06-21__M18_only__causal_load_main__step_hourly_sensitivity__adjacent_literal_sensitivity__48h,step_hourly_sensitivity,adjacent_literal_sensitivity
16:40,237.44437500000004,237.44437500000004,115.42403333333334,663.9623333333333,654.5999083333334,548.5382999999999,417.1555333333333,0.0,0.0,0.0,0.0,10800.0,0.0,00:00,0.9024,214.26980400000002,0.0,2025-06-21__M18_only__causal_load_main__step_hourly_sensitivity__adjacent_literal_sensitivity__48h,step_hourly_sensitivity,adjacent_literal_sensitivity
16:50,195.62988333333328,195.62988333333328,109.61968333333323,603.6488499999999,612.7854166666666,494.0291666666667,417.1555333333333,0.0,0.0,0.0,0.0,10800.0,0.0,00:00,0.9163,179.2556620983333,0.0,2025-06-21__M18_only__causal_load_main__step_hourly_sensitivity__adjacent_literal_sensitivity__48h,step_hourly_sensitivity,adjacent_literal_sensitivity
17:00,100.16071666666664,100.16071666666664,100.16071666666664,540.05,517.31625,437.26875,417.1555333333333,0.0,0.0,0.0,2.6205333333332987,10800.0,0.0,00:00,0.9264,92.78888791999998,12.138310399999838,2025-06-21__M18_only__causal_load_main__step_hourly_sensitivity__adjacent_literal_sensitivity__48h,step_hourly_sensitivity,adjacent_literal_sensitivity
17:10,357.952575,357.952575,142.62743333333333,555.8345333333333,523.8352916666666,413.20709999999997,165.88271666666665,0.0,0.0,0.0,0.0,10800.0,0.0,00:00,0.9462,338.69472646500003,0.0,2025-06-21__M18_only__causal_load_main__step_hourly_sensitivity__adjacent_literal_sensitivity__48h,step_hourly_sensitivity,adjacent_literal_sensitivity
17:20,386.4500791666667,386.4500791666667,212.79499999999996,577.1041333333333,552.3327958333333,364.3091333333333,165.88271666666665,0.0,0.0,0.0,0.0,10800.0,0.0,00:00,0.9742,376.47966712416667,0.0,2025-06-21__M18_only__causal_load_main__step_hourly_sensitivity__adjacent_literal_sensitivity__48h,step_hourly_sensitivity,adjacent_literal_sensitivity
17:30,380.00020000000006,380.00020000000006,288.9679166666666,580.7116666666666,545.8829166666667,291.74375,165.88271666666665,0.0,0.0,0.0,0.0,10800.0,0.0,00:00,0.9862,374.75619724000006,0.0,2025-06-21__M18_only__causal_load_main__step_hourly_sensitivity__adjacent_literal_sensitivity__48h,step_hourly_sensitivity,adjacent_literal_sensitivity
17:40,365.7611958333333,365.7611958333333,353.4701666666666,608.2013499999999,531.6439124999999,254.73118333333332,165.88271666666665,0.0,0.0,0.0,0.0,10800.0,0.0,00:00,0.976,356.9829271333333,0.0,2025-06-21__M18_only__causal_load_main__step_hourly_sensitivity__adjacent_literal_sensitivity__48h,step_hourly_sensitivity,adjacent_literal_sensitivity
17:50,369.35141666666664,369.35141666666664,369.35141666666664,600.7254833333333,535.2341333333333,218.40456666666665,165.88271666666665,0.0,0.0,0.0,12.969499999999982,10800.0,0.0,00:00,1.0742,396.7572917833333,69.65918449999991,2025-06-21__M18_only__causal_load_main__step_hourly_sensitivity__adjacent_literal_sensitivity__48h,step_hourly_sensitivity,adjacent_literal_sensitivity
18:00,385.2114500000001,385.2114500000001,385.2114500000001,558.2516666666667,551.0941666666668,172.34999999999997,165.88271666666665,0.0,0.0,0.0,0.6902166666665721,10800.0,0.0,00:00,1.2313,474.3108583850002,4.249318908332752,2025-06-21__M18_only__causal_load_main__step_hourly_sensitivity__adjacent_literal_sensitivity__48h,step_hourly_sensitivity,adjacent_literal_sensitivity
18:10,0.0,0.0,0.0,545.7471333333333,553.2992416666666,143.3881,1.2669,0.0,402.3590333333333,0.0,0.0,10375.876339174352,0.0,18:00,1.2561,0.0,0.0,2025-06-21__M18_only__causal_load_main__step_hourly_sensitivity__adjacent_literal_sensitivity__48h,step_hourly_sensitivity,adjacent_literal_sensitivity
18:20,9.092851215068322,9.092851215068322,9.092851215068322,549.5005333333334,553.4642375,112.87578333333332,1.2669,0.0,427.53189878493174,0.0,0.0,9925.218148328699,0.0,18:00,1.2447,11.31787190739554,0.0,2025-06-21__M18_only__causal_load_main__step_hourly_sensitivity__adjacent_literal_sensitivity__48h,step_hourly_sensitivity,adjacent_literal_sensitivity
18:30,0.0,0.0,0.0,557.1316666666667,562.18875,75.44999999999999,1.2669,0.0,481.6816666666667,0.0,0.0,9417.481090391142,0.0,18:00,1.2545,0.0,0.0,2025-06-21__M18_only__causal_load_main__step_hourly_sensitivity__adjacent_literal_sensitivity__48h,step_hourly_sensitivity,adjacent_literal_sensitivity
18:40,0.0,0.0,0.0,576.1385666666666,575.2981208333333,46.0094,1.2669,0.0,530.1291666666666,0.0,0.0,8858.675883473248,0.0,18:00,1.2522,0.0,0.0,2025-06-21__M18_only__causal_load_main__step_hourly_sensitivity__adjacent_literal_sensitivity__48h,step_hourly_sensitivity,adjacent_literal_sensitivity
18:50,0.0,0.0,0.0,605.7608,573.7023875,20.306116666666664,1.2669,0.0,585.4546833333334,0.0,0.0,8241.552461424597,0.0,18:00,1.2881,0.0,0.0,2025-06-21__M18_only__causal_load_main__step_hourly_sensitivity__adjacent_literal_sensitivity__48h,step_hourly_sensitivity,adjacent_literal_sensitivity
19:00,0.0,0.0,0.0,642.1199999999999,563.5425,1.29375,1.2669,0.0,640.8262499999998,0.0,0.0,7566.062283283105,0.0,18:00,1.3466,0.0,0.0,2025-06-21__M18_only__causal_load_main__step_hourly_sensitivity__adjacent_literal_sensitivity__48h,step_hourly_sensitivity,adjacent_literal_sensitivity
19:10,0.0,0.0,0.0,667.4907,569.5143708333333,0.0,0.0,0.0,667.4907,0.0,0.0,6862.465306956387,0.0,18:00,1.3523,0.0,0.0,2025-06-21__M18_only__causal_load_main__step_hourly_sensitivity__adjacent_literal_sensitivity__48h,step_hourly_sensitivity,adjacent_literal_sensitivity
19:20,0.0,0.0,0.0,617.7905666666666,575.8981375000001,0.54365,0.0,0.0,617.2469166666666,0.0,0.0,6211.82992849545,0.0,18:00,1.3445,0.0,0.0,2025-06-21__M18_only__causal_load_main__step_hourly_sensitivity__adjacent_literal_sensitivity__48h,step_hourly_sensitivity,adjacent_literal_sensitivity
19:30,0.0,0.0,0.0,548.9133333333333,573.20625,0.0,0.0,0.0,548.9133333333333,0.0,0.0,5633.224471372597,0.0,18:00,1.3483,0.0,0.0,2025-06-21__M18_only__causal_load_main__step_hourly_sensitivity__adjacent_literal_sensitivity__48h,step_hourly_sensitivity,adjacent_literal_sensitivity
19:40,0.0,0.0,0.0,582.0875666666666,567.1734041666666,0.0,0.0,0.0,582.0875666666666,0.0,0.0,5019.650301928673,0.0,18:00,1.349,0.0,0.0,2025-06-21__M18_only__causal_load_main__step_hourly_sensitivity__adjacent_literal_sensitivity__48h,step_hourly_sensitivity,adjacent_literal_sensitivity
19:50,0.0,0.0,0.0,581.7777833333333,558.4490499999999,0.03903333333333333,0.0,0.0,581.73875,0.0,0.0,4406.44381753558,0.0,18:00,1.3473,0.0,0.0,2025-06-21__M18_only__causal_load_main__step_hourly_sensitivity__adjacent_literal_sensitivity__48h,step_hourly_sensitivity,adjacent_literal_sensitivity
20:00,0.0,0.0,0.0,531.6033333333332,560.7604166666665,0.0,0.0,0.0,531.6033333333332,0.0,0.0,3846.0847025118983,0.0,18:00,1.3482,0.0,0.0,2025-06-21__M18_only__causal_load_main__step_hourly_sensitivity__adjacent_literal_sensitivity__48h,step_hourly_sensitivity,adjacent_literal_sensitivity
20:10,0.0,0.0,0.0,558.0394333333334,586.2469458333333,0.0,0.0,0.0,558.0394333333334,0.0,0.0,3257.8594913375578,0.0,18:00,1.3513,0.0,0.0,2025-06-21__M18_only__causal_load_main__step_hourly_sensitivity__adjacent_literal_sensitivity__48h,step_hourly_sensitivity,adjacent_literal_sensitivity
20:20,0.0,0.0,0.0,620.8675333333333,585.8637333333332,0.0027999999999999995,0.0,0.0,620.8647333333333,0.0,0.0,2603.4105992687582,0.0,18:00,1.34,0.0,0.0,2025-06-21__M18_only__causal_load_main__step_hourly_sensitivity__adjacent_literal_sensitivity__48h,step_hourly_sensitivity,adjacent_literal_sensitivity
20:30,0.0,0.0,0.0,660.0216666666666,570.0758333333333,0.0,0.0,0.0,660.0216666666666,0.0,0.0,1907.6866753597246,0.0,18:00,1.3489,0.0,0.0,2025-06-21__M18_only__causal_load_main__step_hourly_sensitivity__adjacent_literal_sensitivity__48h,step_hourly_sensitivity,adjacent_literal_sensitivity
20:40,0.0,0.0,0.0,646.97075,595.1439333333333,0.0,0.0,0.0,646.97075,0.0,0.0,1225.719625523931,0.0,18:00,1.3952,0.0,0.0,2025-06-21__M18_only__causal_load_main__step_hourly_sensitivity__adjacent_literal_sensitivity__48h,step_hourly_sensitivity,adjacent_literal_sensitivity
20:50,603.7320416666666,603.7320416666666,603.7320414235279,585.6121499999999,603.7320416666666,0.00019999999999999998,0.0,18.12009142352787,0.0,0.0,0.0,1242.9098536165802,5.3290705182007514e-14,18:00,1.2226,738.1227941416665,0.0,2025-06-21__M18_only__causal_load_main__step_hourly_sensitivity__adjacent_literal_sensitivity__48h,step_hourly_sensitivity,adjacent_literal_sensitivity
21:00,579.43125,579.43125,579.4312497568579,526.72,579.43125,0.0,0.0,52.71124975685792,0.0,0.0,0.0,1292.9161358802805,-7.105427357601002e-15,18:00,0.9332,540.7252425,0.0,2025-06-21__M18_only__causal_load_main__step_hourly_sensitivity__adjacent_literal_sensitivity__48h,step_hourly_sensitivity,adjacent_literal_sensitivity
21:10,565.8437291666667,565.8437291666667,565.8437289235407,535.7850999999999,565.8437291666667,0.0,0.0,30.058628923540752,0.0,0.0,0.0,1321.4322551023417,-4.263256414560601e-14,18:00,0.9068,513.1070936083333,0.0,2025-06-21__M18_only__causal_load_main__step_hourly_sensitivity__adjacent_literal_sensitivity__48h,step_hourly_sensitivity,adjacent_literal_sensitivity
21:20,566.00485,566.00485,566.00485,581.5171499999999,566.00485,0.0,0.0,0.0,15.512299999999868,0.0,0.0,1305.0808551863986,0.0,18:00,0.9371,530.403144935,0.0,2025-06-21__M18_only__causal_load_main__step_hourly_sensitivity__adjacent_literal_sensitivity__48h,step_hourly_sensitivity,adjacent_literal_sensitivity
21:30,571.7908333333332,571.7908333333332,571.7908333333332,618.915,571.7908333333332,0.0,0.0,0.0,47.124166666666724,0.0,0.0,1255.4076220183813,0.0,18:00,0.9371,535.8251899166667,0.0,2025-06-21__M18_only__causal_load_main__step_hourly_sensitivity__adjacent_literal_sensitivity__48h,step_hourly_sensitivity,adjacent_literal_sensitivity
21:40,569.4124708333334,569.4124708333334,569.4124708333334,619.2412833333333,569.4124708333334,0.0,0.0,0.0,49.82881249999991,0.0,0.0,1202.8834418178917,0.0,18:00,0.9871,562.0670499595834,0.0,2025-06-21__M18_only__causal_load_main__step_hourly_sensitivity__adjacent_literal_sensitivity__48h,step_hourly_sensitivity,adjacent_literal_sensitivity
21:50,526.2890458333334,526.2890458333334,526.2890458333334,576.7794666666666,526.2890458333334,0.0,0.0,0.0,2.735473093534274,0.0,47.75494773979892,1200.0,0.0,18:00,0.7764,408.61081518500004,185.3847071258994,2025-06-21__M18_only__causal_load_main__step_hourly_sensitivity__adjacent_literal_sensitivity__48h,step_hourly_sensitivity,adjacent_literal_sensitivity
22:00,1304.085,1304.085,1304.0849997644327,528.28,470.75166666666667,0.0,0.0,775.8049997644328,0.0,0.0,0.0,1935.9932458206001,0.0,18:00,0.4209,548.8893765,0.0,2025-06-21__M18_only__causal_load_main__step_hourly_sensitivity__adjacent_literal_sensitivity__48h,step_hourly_sensitivity,adjacent_literal_sensitivity
22:10,1302.1677166666666,1302.1677166666666,1302.1677164310904,526.8737333333333,468.8343833333333,0.0,0.0,775.2939830977571,0.0,0.0,0.0,2671.5016986644996,0.0,18:00,0.3859,502.50652186166667,0.0,2025-06-21__M18_only__causal_load_main__step_hourly_sensitivity__adjacent_literal_sensitivity__48h,step_hourly_sensitivity,adjacent_literal_sensitivity
22:20,477.22794583333325,477.22794583333325,477.22794583333325,544.7410833333333,477.22794583333325,0.0,0.0,0.0,67.51313750000008,0.0,0.0,2600.336603169791,0.0,18:00,0.4368,208.45316673999997,0.0,2025-06-21__M18_only__causal_load_main__step_hourly_sensitivity__adjacent_literal_sensitivity__48h,step_hourly_sensitivity,adjacent_literal_sensitivity
22:30,1309.6083333333331,1309.6083333333331,1309.6083330977572,552.865,476.275,0.0,0.0,756.7433330977572,0.0,0.0,0.0,3318.2463641907098,0.0,18:00,0.4198,549.7735783333333,0.0,2025-06-21__M18_only__causal_load_main__step_hourly_sensitivity__adjacent_literal_sensitivity__48h,step_hourly_sensitivity,adjacent_literal_sensitivity
22:40,1322.3478958333333,1322.3478958333333,1322.3478958333333,546.83985,489.0145625,0.0,0.0,775.5080458333333,0.0,0.0,0.0,4053.9578947765854,0.0,18:00,0.4186,553.5348291958334,0.0,2025-06-21__M18_only__causal_load_main__step_hourly_sensitivity__adjacent_literal_sensitivity__48h,step_hourly_sensitivity,adjacent_literal_sensitivity
22:50,1335.9441708333334,1335.9441708333334,1335.9441708333334,541.7928999999999,502.6108375,0.0,0.0,794.1512708333335,0.0,0.0,0.0,4807.3559415417585,0.0,18:00,0.4241,566.5739228504167,0.0,2025-06-21__M18_only__causal_load_main__step_hourly_sensitivity__adjacent_literal_sensitivity__48h,step_hourly_sensitivity,adjacent_literal_sensitivity
23:00,1331.9958333333332,1331.9958333333332,1331.9958333333332,531.7316666666666,498.66249999999997,0.0,0.0,800.2641666666666,0.0,0.0,0.0,5566.553190486738,0.0,18:00,0.4237,564.3666345833333,0.0,2025-06-21__M18_only__causal_load_main__step_hourly_sensitivity__adjacent_literal_sensitivity__48h,step_hourly_sensitivity,adjacent_literal_sensitivity
23:10,593.6729524084855,593.6729524084855,593.6729524084855,499.8227166666666,474.3844875,0.0,0.0,93.85023574181884,0.0,0.0,0.0,5655.587341653105,0.0,18:00,0.4248,252.19227018312463,0.0,2025-06-21__M18_only__causal_load_main__step_hourly_sensitivity__adjacent_literal_sensitivity__48h,step_hourly_sensitivity,adjacent_literal_sensitivity
23:20,1304.3442874999998,1304.3442874999998,1304.344287264436,486.82904999999994,471.01095416666664,0.0,0.0,817.5152372644359,0.0,0.0,0.0,6431.150393147678,1.1368683772161603e-13,18:00,0.424,553.0419778999999,0.0,2025-06-21__M18_only__causal_load_main__step_hourly_sensitivity__adjacent_literal_sensitivity__48h,step_hourly_sensitivity,adjacent_literal_sensitivity
23:30,1315.8270833333331,1315.8270833333331,1315.8270830977676,498.2166666666667,482.49375,0.0,0.0,817.6104164311008,0.0,0.0,0.0,7206.803739527989,1.1368683772161603e-13,18:00,0.422,555.2790291666665,0.0,2025-06-21__M18_only__causal_load_main__step_hourly_sensitivity__adjacent_literal_sensitivity__48h,step_hourly_sensitivity,adjacent_literal_sensitivity
23:40,1310.02785,1310.02785,1310.0278497644285,504.0951666666666,476.69451666666663,0.0,0.0,805.9326830977619,0.0,0.0,0.0,7971.378615335873,0.0,18:00,0.424,555.4518084,0.0,2025-06-21__M18_only__causal_load_main__step_hourly_sensitivity__adjacent_literal_sensitivity__48h,step_hourly_sensitivity,adjacent_literal_sensitivity
23:50,543.4473083333334,543.4473083333334,543.4473080977657,532.2190166666667,543.4473083333334,0.0,0.0,11.228291431099047,0.0,0.0,0.0,7982.030707882201,-2.3092638912203256e-14,18:00,0.4271,232.10634538916668,0.0,2025-06-21__M18_only__causal_load_main__step_hourly_sensitivity__adjacent_literal_sensitivity__48h,step_hourly_sensitivity,adjacent_literal_sensitivity
0:00+1,652.64375,652.64375,652.643749764428,606.0233333333333,652.64375,0.0,0.0,46.62041643109462,0.0,0.0,0.0,8026.25871829854,4.973799150320701e-14,18:00,0.4276,279.07046749999995,0.0,2025-06-21__M18_only__causal_load_main__step_hourly_sensitivity__adjacent_literal_sensitivity__48h,step_hourly_sensitivity,adjacent_literal_sensitivity
