current_date,target_date,issue_hour,pv_mapping_mode,soc_sample_kwh,virtual_next_day_cost_yuan,value_subgradient_yuan_per_kwh,certified_max_gap_yuan,bundle_sample_count,information
2025-02-01,2025-02-02,0,linear_anchor_main,1200.0,54591.794907031974,-0.4544192997661961,0.7992968171674875,10,Q3 linear_anchor_main overlay + causal prior-day load/PV; no future actual PV
2025-02-01,2025-02-02,0,linear_anchor_main,2850.385326518956,53842.536295944155,-0.4534706164681456,0.7992968171674875,10,Q3 linear_anchor_main overlay + causal prior-day load/PV; no future actual PV
2025-02-01,2025-02-02,0,linear_anchor_main,3709.580558841014,53453.02327510992,-0.4525219331700951,0.7992968171674875,10,Q3 linear_anchor_main overlay + causal prior-day load/PV; no future actual PV
2025-02-01,2025-02-02,0,linear_anchor_main,5876.908642692508,52473.82796260978,-0.45104620359534986,0.7992968171674875,10,Q3 linear_anchor_main overlay + causal prior-day load/PV; no future actual PV
2025-02-01,2025-02-02,0,linear_anchor_main,7916.746839258588,51555.31080574692,-0.4499921110419604,0.7992968171674875,10,Q3 linear_anchor_main overlay + causal prior-day load/PV; no future actual PV
2025-02-01,2025-02-02,0,linear_anchor_main,8527.11293175291,51280.869629276975,-0.44777851667984253,0.7992968171674875,10,Q3 linear_anchor_main overlay + causal prior-day load/PV; no future actual PV
2025-02-01,2025-02-02,0,linear_anchor_main,9727.532631762831,50743.508332653284,-0.44746228891382567,0.7992968171674875,10,Q3 linear_anchor_main overlay + causal prior-day load/PV; no future actual PV
2025-02-01,2025-02-02,0,linear_anchor_main,10009.430584957698,50617.36962927658,-0.4211205160046231,0.7992968171674875,10,Q3 linear_anchor_main overlay + causal prior-day load/PV; no future actual PV
2025-02-01,2025-02-02,0,linear_anchor_main,10330.04847642533,50482.35085738142,-0.4211205160046231,0.7992968171674875,10,Q3 linear_anchor_main overlay + causal prior-day load/PV; no future actual PV
2025-02-01,2025-02-02,0,linear_anchor_main,10800.0,50284.514437169826,-0.4030006650118583,0.7992968171674875,10,Q3 linear_anchor_main overlay + causal prior-day load/PV; no future actual PV
2025-02-01,2025-02-02,0,step_hourly_sensitivity,1200.0,54493.967031706045,-0.4544192997661961,0.7992968171674875,10,Q3 step_hourly_sensitivity overlay + causal prior-day load/PV; no future actual PV
2025-02-01,2025-02-02,0,step_hourly_sensitivity,2850.385326518956,53744.70842061823,-0.4534706164681456,0.7992968171674875,10,Q3 step_hourly_sensitivity overlay + causal prior-day load/PV; no future actual PV
2025-02-01,2025-02-02,0,step_hourly_sensitivity,3709.580558841014,53355.19539978399,-0.4525219331700951,0.7992968171674875,10,Q3 step_hourly_sensitivity overlay + causal prior-day load/PV; no future actual PV
2025-02-01,2025-02-02,0,step_hourly_sensitivity,5876.908642691462,52376.00008728432,-0.45104620359534986,0.7992968171674875,10,Q3 step_hourly_sensitivity overlay + causal prior-day load/PV; no future actual PV
2025-02-01,2025-02-02,0,step_hourly_sensitivity,7916.746839256558,51457.48293042191,-0.4499921110419604,0.7992968171674875,10,Q3 step_hourly_sensitivity overlay + causal prior-day load/PV; no future actual PV
2025-02-01,2025-02-02,0,step_hourly_sensitivity,8527.11293175291,51183.04175395104,-0.44777851667984253,0.7992968171674875,10,Q3 step_hourly_sensitivity overlay + causal prior-day load/PV; no future actual PV
2025-02-01,2025-02-02,0,step_hourly_sensitivity,9684.304580451852,50665.02338011225,-0.44746228891382567,0.7992968171674875,10,Q3 step_hourly_sensitivity overlay + causal prior-day load/PV; no future actual PV
2025-02-01,2025-02-02,0,step_hourly_sensitivity,10009.430584958249,50519.54175395041,-0.4211205160046231,0.7992968171674875,10,Q3 step_hourly_sensitivity overlay + causal prior-day load/PV; no future actual PV
2025-02-01,2025-02-02,0,step_hourly_sensitivity,10308.00309594499,50393.806744058886,-0.4211205160046231,0.7992968171674875,10,Q3 step_hourly_sensitivity overlay + causal prior-day load/PV; no future actual PV
2025-02-01,2025-02-02,0,step_hourly_sensitivity,10800.0,50186.6865618439,-0.40499289993776433,0.7992968171674875,10,Q3 step_hourly_sensitivity overlay + causal prior-day load/PV; no future actual PV
2025-02-01,2025-02-02,6,linear_anchor_main,1200.0,54591.794907031974,-0.4544192997661961,0.7992968171674875,10,Q3 linear_anchor_main overlay + causal prior-day load/PV; no future actual PV
2025-02-01,2025-02-02,6,linear_anchor_main,2850.385326518956,53842.536295944155,-0.4534706164681456,0.7992968171674875,10,Q3 linear_anchor_main overlay + causal prior-day load/PV; no future actual PV
2025-02-01,2025-02-02,6,linear_anchor_main,3709.580558841014,53453.02327510992,-0.4525219331700951,0.7992968171674875,10,Q3 linear_anchor_main overlay + causal prior-day load/PV; no future actual PV
2025-02-01,2025-02-02,6,linear_anchor_main,5876.908642692508,52473.82796260978,-0.45104620359534986,0.7992968171674875,10,Q3 linear_anchor_main overlay + causal prior-day load/PV; no future actual PV
2025-02-01,2025-02-02,6,linear_anchor_main,7916.746839258588,51555.31080574692,-0.4499921110419604,0.7992968171674875,10,Q3 linear_anchor_main overlay + causal prior-day load/PV; no future actual PV
2025-02-01,2025-02-02,6,linear_anchor_main,8527.11293175291,51280.869629276975,-0.44777851667984253,0.7992968171674875,10,Q3 linear_anchor_main overlay + causal prior-day load/PV; no future actual PV
2025-02-01,2025-02-02,6,linear_anchor_main,9727.532631762831,50743.508332653284,-0.44746228891382567,0.7992968171674875,10,Q3 linear_anchor_main overlay + causal prior-day load/PV; no future actual PV
2025-02-01,2025-02-02,6,linear_anchor_main,10009.430584957698,50617.36962927658,-0.4211205160046231,0.7992968171674875,10,Q3 linear_anchor_main overlay + causal prior-day load/PV; no future actual PV
2025-02-01,2025-02-02,6,linear_anchor_main,10330.04847642533,50482.35085738142,-0.4211205160046231,0.7992968171674875,10,Q3 linear_anchor_main overlay + causal prior-day load/PV; no future actual PV
2025-02-01,2025-02-02,6,linear_anchor_main,10800.0,50284.514437169826,-0.4030006650118583,0.7992968171674875,10,Q3 linear_anchor_main overlay + causal prior-day load/PV; no future actual PV
2025-02-01,2025-02-02,6,step_hourly_sensitivity,1200.0,54493.967031706045,-0.4544192997661961,0.7992968171674875,10,Q3 step_hourly_sensitivity overlay + causal prior-day load/PV; no future actual PV
2025-02-01,2025-02-02,6,step_hourly_sensitivity,2850.385326518956,53744.70842061823,-0.4534706164681456,0.7992968171674875,10,Q3 step_hourly_sensitivity overlay + causal prior-day load/PV; no future actual PV
2025-02-01,2025-02-02,6,step_hourly_sensitivity,3709.580558841014,53355.19539978399,-0.4525219331700951,0.7992968171674875,10,Q3 step_hourly_sensitivity overlay + causal prior-day load/PV; no future actual PV
2025-02-01,2025-02-02,6,step_hourly_sensitivity,5876.908642691462,52376.00008728432,-0.45104620359534986,0.7992968171674875,10,Q3 step_hourly_sensitivity overlay + causal prior-day load/PV; no future actual PV
2025-02-01,2025-02-02,6,step_hourly_sensitivity,7916.746839256558,51457.48293042191,-0.4499921110419604,0.7992968171674875,10,Q3 step_hourly_sensitivity overlay + causal prior-day load/PV; no future actual PV
2025-02-01,2025-02-02,6,step_hourly_sensitivity,8527.11293175291,51183.04175395104,-0.44777851667984253,0.7992968171674875,10,Q3 step_hourly_sensitivity overlay + causal prior-day load/PV; no future actual PV
2025-02-01,2025-02-02,6,step_hourly_sensitivity,9684.304580451852,50665.02338011225,-0.44746228891382567,0.7992968171674875,10,Q3 step_hourly_sensitivity overlay + causal prior-day load/PV; no future actual PV
2025-02-01,2025-02-02,6,step_hourly_sensitivity,10009.430584958249,50519.54175395041,-0.4211205160046231,0.7992968171674875,10,Q3 step_hourly_sensitivity overlay + causal prior-day load/PV; no future actual PV
2025-02-01,2025-02-02,6,step_hourly_sensitivity,10308.00309594499,50393.806744058886,-0.4211205160046231,0.7992968171674875,10,Q3 step_hourly_sensitivity overlay + causal prior-day load/PV; no future actual PV
2025-02-01,2025-02-02,6,step_hourly_sensitivity,10800.0,50186.6865618439,-0.40499289993776433,0.7992968171674875,10,Q3 step_hourly_sensitivity overlay + causal prior-day load/PV; no future actual PV
2025-02-01,2025-02-02,12,linear_anchor_main,1200.0,58553.04305955828,-0.4544192997661961,0.7992968171674875,10,Q3 linear_anchor_main overlay + causal prior-day load/PV; no future actual PV
2025-02-01,2025-02-02,12,linear_anchor_main,2850.385326518956,57803.78444847046,-0.4534706164681456,0.7992968171674875,10,Q3 linear_anchor_main overlay + causal prior-day load/PV; no future actual PV
2025-02-01,2025-02-02,12,linear_anchor_main,3709.580558841014,57414.271427636224,-0.4525219331700951,0.7992968171674875,10,Q3 linear_anchor_main overlay + causal prior-day load/PV; no future actual PV
2025-02-01,2025-02-02,12,linear_anchor_main,5876.908642691462,56435.07611513656,-0.45104620359534986,0.7992968171674875,10,Q3 linear_anchor_main overlay + causal prior-day load/PV; no future actual PV
2025-02-01,2025-02-02,12,linear_anchor_main,7916.746839256558,55516.558958274145,-0.4499921110419604,0.7992968171674875,10,Q3 linear_anchor_main overlay + causal prior-day load/PV; no future actual PV
2025-02-01,2025-02-02,12,linear_anchor_main,8527.11293175291,55242.117781803274,-0.44777851667984253,0.7992968171674875,10,Q3 linear_anchor_main overlay + causal prior-day load/PV; no future actual PV
2025-02-01,2025-02-02,12,linear_anchor_main,9727.532631762831,54704.75648517959,-0.44746228891382567,0.7992968171674875,10,Q3 linear_anchor_main overlay + causal prior-day load/PV; no future actual PV
2025-02-01,2025-02-02,12,linear_anchor_main,10009.430584957972,54578.61778180277,-0.4211205160046231,0.7992968171674875,10,Q3 linear_anchor_main overlay + causal prior-day load/PV; no future actual PV
2025-02-01,2025-02-02,12,linear_anchor_main,10330.048476425494,54443.59900990766,-0.4211205160046231,0.7992968171674875,10,Q3 linear_anchor_main overlay + causal prior-day load/PV; no future actual PV
2025-02-01,2025-02-02,12,linear_anchor_main,10800.0,54245.76258969613,-0.4030006650118583,0.7992968171674875,10,Q3 linear_anchor_main overlay + causal prior-day load/PV; no future actual PV
2025-02-01,2025-02-02,12,step_hourly_sensitivity,1200.0,59172.14780020776,-0.4544192997661961,0.7992968171674875,10,Q3 step_hourly_sensitivity overlay + causal prior-day load/PV; no future actual PV
2025-02-01,2025-02-02,12,step_hourly_sensitivity,2850.385326518956,58422.889189119946,-0.4534706164681456,0.7992968171674875,10,Q3 step_hourly_sensitivity overlay + causal prior-day load/PV; no future actual PV
2025-02-01,2025-02-02,12,step_hourly_sensitivity,3709.580558843171,58033.376168284725,-0.4525219331700951,0.7992968171674875,10,Q3 step_hourly_sensitivity overlay + causal prior-day load/PV; no future actual PV
2025-02-01,2025-02-02,12,step_hourly_sensitivity,5876.908642692508,57054.180855785555,-0.45104620359534986,0.7992968171674875,10,Q3 step_hourly_sensitivity overlay + causal prior-day load/PV; no future actual PV
2025-02-01,2025-02-02,12,step_hourly_sensitivity,7916.746839256558,56135.663698923614,-0.4499921110419604,0.7992968171674875,10,Q3 step_hourly_sensitivity overlay + causal prior-day load/PV; no future actual PV
2025-02-01,2025-02-02,12,step_hourly_sensitivity,8527.11293175291,55861.22252245275,-0.44777851667984253,0.7992968171674875,10,Q3 step_hourly_sensitivity overlay + causal prior-day load/PV; no future actual PV
2025-02-01,2025-02-02,12,step_hourly_sensitivity,9727.532631762973,55323.861225829,-0.44746228891382567,0.7992968171674875,10,Q3 step_hourly_sensitivity overlay + causal prior-day load/PV; no future actual PV
2025-02-01,2025-02-02,12,step_hourly_sensitivity,10009.430584957972,55197.72252245224,-0.4211205160046231,0.7992968171674875,10,Q3 step_hourly_sensitivity overlay + causal prior-day load/PV; no future actual PV
2025-02-01,2025-02-02,12,step_hourly_sensitivity,10330.048476425494,55062.70375055713,-0.4211205160046231,0.7992968171674875,10,Q3 step_hourly_sensitivity overlay + causal prior-day load/PV; no future actual PV
2025-02-01,2025-02-02,12,step_hourly_sensitivity,10800.0,54864.8673303456,-0.4030006650118583,0.7992968171674875,10,Q3 step_hourly_sensitivity overlay + causal prior-day load/PV; no future actual PV
2025-02-01,2025-02-02,18,linear_anchor_main,1200.0,50622.766959841225,-0.4544192997661961,0.7992968171674875,10,Q3 linear_anchor_main overlay + causal prior-day load/PV; no future actual PV
2025-02-01,2025-02-02,18,linear_anchor_main,2850.385326518956,49873.50834875341,-0.4534706164681456,0.7992968171674875,10,Q3 linear_anchor_main overlay + causal prior-day load/PV; no future actual PV
2025-02-01,2025-02-02,18,linear_anchor_main,3709.580558841014,49483.99532791917,-0.4525219331700951,0.7992968171674875,10,Q3 linear_anchor_main overlay + causal prior-day load/PV; no future actual PV
2025-02-01,2025-02-02,18,linear_anchor_main,5876.908642693554,48504.80001541856,-0.45104620359534986,0.7992968171674875,10,Q3 linear_anchor_main overlay + causal prior-day load/PV; no future actual PV
2025-02-01,2025-02-02,18,linear_anchor_main,7916.746839260618,47586.28285855526,-0.4499921110419604,0.7992968171674875,10,Q3 linear_anchor_main overlay + causal prior-day load/PV; no future actual PV
2025-02-01,2025-02-02,18,linear_anchor_main,8527.112931758662,47311.84168208364,-0.44777851667984253,0.7992968171674875,10,Q3 linear_anchor_main overlay + causal prior-day load/PV; no future actual PV
2025-02-01,2025-02-02,18,linear_anchor_main,9727.532631762973,46774.48038546246,-0.44746228891382567,0.7992968171674875,10,Q3 linear_anchor_main overlay + causal prior-day load/PV; no future actual PV
2025-02-01,2025-02-02,18,linear_anchor_main,10009.430584957698,46648.341682085826,-0.4211205160046231,0.7992968171674875,10,Q3 linear_anchor_main overlay + causal prior-day load/PV; no future actual PV
2025-02-01,2025-02-02,18,linear_anchor_main,10330.04847642533,46513.32291019066,-0.4211205160046231,0.7992968171674875,10,Q3 linear_anchor_main overlay + causal prior-day load/PV; no future actual PV
2025-02-01,2025-02-02,18,linear_anchor_main,10800.0,46315.48648997907,-0.4030006650118583,0.7992968171674875,10,Q3 linear_anchor_main overlay + causal prior-day load/PV; no future actual PV
2025-02-01,2025-02-02,18,step_hourly_sensitivity,1200.0,50464.08140939956,-0.4544192997661961,0.7992968171747634,10,Q3 step_hourly_sensitivity overlay + causal prior-day load/PV; no future actual PV
2025-02-01,2025-02-02,18,step_hourly_sensitivity,2850.3853265227904,49714.82279831,-0.4534706164681456,0.7992968171747634,10,Q3 step_hourly_sensitivity overlay + causal prior-day load/PV; no future actual PV
2025-02-01,2025-02-02,18,step_hourly_sensitivity,3709.580558841014,49325.309777477494,-0.4525219331700951,0.7992968171747634,10,Q3 step_hourly_sensitivity overlay + causal prior-day load/PV; no future actual PV
2025-02-01,2025-02-02,18,step_hourly_sensitivity,5876.908642692508,48346.11446497736,-0.45104620359534986,0.7992968171747634,10,Q3 step_hourly_sensitivity overlay + causal prior-day load/PV; no future actual PV
2025-02-01,2025-02-02,18,step_hourly_sensitivity,7916.746839258588,47427.59730811451,-0.4499921110419604,0.7992968171747634,10,Q3 step_hourly_sensitivity overlay + causal prior-day load/PV; no future actual PV
2025-02-01,2025-02-02,18,step_hourly_sensitivity,8527.112931755786,47153.15613164327,-0.44777851667984253,0.7992968171747634,10,Q3 step_hourly_sensitivity overlay + causal prior-day load/PV; no future actual PV
2025-02-01,2025-02-02,18,step_hourly_sensitivity,9727.532631762831,46615.79483502087,-0.44746228891382567,0.7992968171747634,10,Q3 step_hourly_sensitivity overlay + causal prior-day load/PV; no future actual PV
2025-02-01,2025-02-02,18,step_hourly_sensitivity,10009.430584957698,46489.656131644166,-0.4211205160046231,0.7992968171747634,10,Q3 step_hourly_sensitivity overlay + causal prior-day load/PV; no future actual PV
2025-02-01,2025-02-02,18,step_hourly_sensitivity,10330.04847642533,46354.637359749,-0.4211205160046231,0.7992968171747634,10,Q3 step_hourly_sensitivity overlay + causal prior-day load/PV; no future actual PV
2025-02-01,2025-02-02,18,step_hourly_sensitivity,10800.0,46156.80093953741,-0.4030006650118583,0.7992968171747634,10,Q3 step_hourly_sensitivity overlay + causal prior-day load/PV; no future actual PV
2025-06-21,2025-06-22,0,linear_anchor_main,1200.0,42815.949703010134,-0.4544192997661961,0.7992968171747634,10,Q3 linear_anchor_main overlay + causal prior-day load/PV; no future actual PV
2025-06-21,2025-06-22,0,linear_anchor_main,2850.3853265227904,42066.69109192058,-0.4534706164681456,0.7992968171747634,10,Q3 linear_anchor_main overlay + causal prior-day load/PV; no future actual PV
2025-06-21,2025-06-22,0,linear_anchor_main,3709.580558841014,41677.17807108807,-0.4525219331700951,0.7992968171747634,10,Q3 linear_anchor_main overlay + causal prior-day load/PV; no future actual PV
2025-06-21,2025-06-22,0,linear_anchor_main,5876.908642692508,40697.98275858794,-0.45104620359534986,0.7992968171747634,10,Q3 linear_anchor_main overlay + causal prior-day load/PV; no future actual PV
2025-06-21,2025-06-22,0,linear_anchor_main,7916.746839258588,39779.46560172508,-0.4499921110419604,0.7992968171747634,10,Q3 linear_anchor_main overlay + causal prior-day load/PV; no future actual PV
2025-06-21,2025-06-22,0,linear_anchor_main,8527.11293175291,39505.024425255135,-0.44777851667984253,0.7992968171747634,10,Q3 linear_anchor_main overlay + causal prior-day load/PV; no future actual PV
2025-06-21,2025-06-22,0,linear_anchor_main,9678.88887082459,38989.429377242246,-0.44746228891382567,0.7992968171747634,10,Q3 linear_anchor_main overlay + causal prior-day load/PV; no future actual PV
2025-06-21,2025-06-22,0,linear_anchor_main,10009.430584957972,38841.524425254625,-0.4211205160046231,0.7992968171747634,10,Q3 linear_anchor_main overlay + causal prior-day load/PV; no future actual PV
2025-06-21,2025-06-22,0,linear_anchor_main,10301.700226140345,38718.443683147416,-0.4211205160046231,0.7992968171747634,10,Q3 linear_anchor_main overlay + causal prior-day load/PV; no future actual PV
2025-06-21,2025-06-22,0,linear_anchor_main,10800.0,38508.93691217738,-0.40499289993776433,0.7992968171747634,10,Q3 linear_anchor_main overlay + causal prior-day load/PV; no future actual PV
2025-06-21,2025-06-22,0,step_hourly_sensitivity,1200.0,43801.56978658464,-0.4544192997661961,0.7992968171674875,10,Q3 step_hourly_sensitivity overlay + causal prior-day load/PV; no future actual PV
2025-06-21,2025-06-22,0,step_hourly_sensitivity,2850.385326518956,43052.31117549683,-0.4534706164681456,0.7992968171674875,10,Q3 step_hourly_sensitivity overlay + causal prior-day load/PV; no future actual PV
2025-06-21,2025-06-22,0,step_hourly_sensitivity,3709.580558841014,42662.79815466258,-0.4525219331700951,0.7992968171674875,10,Q3 step_hourly_sensitivity overlay + causal prior-day load/PV; no future actual PV
2025-06-21,2025-06-22,0,step_hourly_sensitivity,5876.908642691462,41683.602842162916,-0.45104620359534986,0.7992968171674875,10,Q3 step_hourly_sensitivity overlay + causal prior-day load/PV; no future actual PV
2025-06-21,2025-06-22,0,step_hourly_sensitivity,7916.746839256558,40765.08568530051,-0.4499921110419604,0.7992968171674875,10,Q3 step_hourly_sensitivity overlay + causal prior-day load/PV; no future actual PV
2025-06-21,2025-06-22,0,step_hourly_sensitivity,8527.112931755786,40490.64450882835,-0.44777851667984253,0.7992968171674875,10,Q3 step_hourly_sensitivity overlay + causal prior-day load/PV; no future actual PV
2025-06-21,2025-06-22,0,step_hourly_sensitivity,9668.470780282401,39979.71116345687,-0.44746228891382567,0.7992968171674875,10,Q3 step_hourly_sensitivity overlay + causal prior-day load/PV; no future actual PV
2025-06-21,2025-06-22,0,step_hourly_sensitivity,10009.430584957972,39827.14450882913,-0.4211205160046231,0.7992968171674875,10,Q3 step_hourly_sensitivity overlay + causal prior-day load/PV; no future actual PV
2025-06-21,2025-06-22,0,step_hourly_sensitivity,10293.765885432333,39707.405080375036,-0.4211205160046231,0.7992968171674875,10,Q3 step_hourly_sensitivity overlay + causal prior-day load/PV; no future actual PV
2025-06-21,2025-06-22,0,step_hourly_sensitivity,10800.0,39494.74988559887,-0.4052775049271795,0.7992968171674875,10,Q3 step_hourly_sensitivity overlay + causal prior-day load/PV; no future actual PV
2025-06-21,2025-06-22,6,linear_anchor_main,1200.0,42732.12051726215,-0.4544192997661961,0.7992968171747634,10,Q3 linear_anchor_main overlay + causal prior-day load/PV; no future actual PV
2025-06-21,2025-06-22,6,linear_anchor_main,2850.3853265227904,41982.86190617259,-0.4534706164681456,0.7992968171747634,10,Q3 linear_anchor_main overlay + causal prior-day load/PV; no future actual PV
2025-06-21,2025-06-22,6,linear_anchor_main,3709.580558843171,41593.34888533911,-0.4525219331700951,0.7992968171747634,10,Q3 linear_anchor_main overlay + causal prior-day load/PV; no future actual PV
2025-06-21,2025-06-22,6,linear_anchor_main,5876.908642692508,40614.15357283995,-0.45104620359534986,0.7992968171747634,10,Q3 linear_anchor_main overlay + causal prior-day load/PV; no future actual PV
2025-06-21,2025-06-22,6,linear_anchor_main,7916.746839256558,39695.636415978006,-0.4499921110419604,0.7992968171747634,10,Q3 linear_anchor_main overlay + causal prior-day load/PV; no future actual PV
2025-06-21,2025-06-22,6,linear_anchor_main,8527.11293175291,39421.19523950714,-0.44777851667984253,0.7992968171747634,10,Q3 linear_anchor_main overlay + causal prior-day load/PV; no future actual PV
2025-06-21,2025-06-22,6,linear_anchor_main,9678.322510786566,38905.85361625322,-0.44746228891382567,0.7992968171747634,10,Q3 linear_anchor_main overlay + causal prior-day load/PV; no future actual PV
2025-06-21,2025-06-22,6,linear_anchor_main,10009.430584957972,38757.69523950663,-0.4211205160046231,0.7992968171747634,10,Q3 linear_anchor_main overlay + causal prior-day load/PV; no future actual PV
2025-06-21,2025-06-22,6,linear_anchor_main,10301.041089327662,38634.8920734341,-0.4211205160046231,0.7992968171747634,10,Q3 linear_anchor_main overlay + causal prior-day load/PV; no future actual PV
2025-06-21,2025-06-22,6,linear_anchor_main,10800.0,38425.13571956708,-0.40499289993776433,0.7992968171747634,10,Q3 linear_anchor_main overlay + causal prior-day load/PV; no future actual PV
2025-06-21,2025-06-22,6,step_hourly_sensitivity,1200.0,43669.12452364607,-0.4544192997661961,0.7992968171747634,10,Q3 step_hourly_sensitivity overlay + causal prior-day load/PV; no future actual PV
2025-06-21,2025-06-22,6,step_hourly_sensitivity,2850.3853265227904,42919.86591255651,-0.4534706164681456,0.7992968171747634,10,Q3 step_hourly_sensitivity overlay + causal prior-day load/PV; no future actual PV
2025-06-21,2025-06-22,6,step_hourly_sensitivity,3709.580558841014,42530.352891724004,-0.4525219331700951,0.7992968171747634,10,Q3 step_hourly_sensitivity overlay + causal prior-day load/PV; no future actual PV
2025-06-21,2025-06-22,6,step_hourly_sensitivity,5876.908642692508,41551.15757922387,-0.45104620359534986,0.7992968171747634,10,Q3 step_hourly_sensitivity overlay + causal prior-day load/PV; no future actual PV
2025-06-21,2025-06-22,6,step_hourly_sensitivity,7916.746839258588,40632.640422361015,-0.4499921110419604,0.7992968171747634,10,Q3 step_hourly_sensitivity overlay + causal prior-day load/PV; no future actual PV
2025-06-21,2025-06-22,6,step_hourly_sensitivity,8527.11293175291,40358.19924589107,-0.44777851667984253,0.7992968171747634,10,Q3 step_hourly_sensitivity overlay + causal prior-day load/PV; no future actual PV
2025-06-21,2025-06-22,6,step_hourly_sensitivity,9666.802861131886,39848.012231439105,-0.44746228891382567,0.7992968171747634,10,Q3 step_hourly_sensitivity overlay + causal prior-day load/PV; no future actual PV
2025-06-21,2025-06-22,6,step_hourly_sensitivity,10009.430584957698,39694.699245890675,-0.4211205160046231,0.7992968171747634,10,Q3 step_hourly_sensitivity overlay + causal prior-day load/PV; no future actual PV
2025-06-21,2025-06-22,6,step_hourly_sensitivity,10291.822897156371,39575.77804966183,-0.4211205160046231,0.7992968171747634,10,Q3 step_hourly_sensitivity overlay + causal prior-day load/PV; no future actual PV
2025-06-21,2025-06-22,6,step_hourly_sensitivity,10800.0,39362.386587201,-0.4052775049271795,0.7992968171747634,10,Q3 step_hourly_sensitivity overlay + causal prior-day load/PV; no future actual PV
2025-06-21,2025-06-22,12,linear_anchor_main,1200.0,40682.98565074726,-0.4544192997661961,0.7992968171747634,10,Q3 linear_anchor_main overlay + causal prior-day load/PV; no future actual PV
2025-06-21,2025-06-22,12,linear_anchor_main,2850.3853265227904,39933.7270396577,-0.4534706164681456,0.7992968171747634,10,Q3 linear_anchor_main overlay + causal prior-day load/PV; no future actual PV
2025-06-21,2025-06-22,12,linear_anchor_main,3709.580558841014,39544.214018825194,-0.4525219331700951,0.7992968171747634,10,Q3 linear_anchor_main overlay + causal prior-day load/PV; no future actual PV
2025-06-21,2025-06-22,12,linear_anchor_main,5876.908642691462,38565.018706325536,-0.45104620359534986,0.7992968171747634,10,Q3 linear_anchor_main overlay + causal prior-day load/PV; no future actual PV
2025-06-21,2025-06-22,12,linear_anchor_main,7916.746839256558,37646.50154946312,-0.4499921110419604,0.7992968171747634,10,Q3 linear_anchor_main overlay + causal prior-day load/PV; no future actual PV
2025-06-21,2025-06-22,12,linear_anchor_main,8527.11293175291,37372.06037299226,-0.44777851667984253,0.7992968171747634,10,Q3 linear_anchor_main overlay + causal prior-day load/PV; no future actual PV
2025-06-21,2025-06-22,12,linear_anchor_main,9678.675470395772,36856.560813623706,-0.44746228891382567,0.7992968171747634,10,Q3 linear_anchor_main overlay + causal prior-day load/PV; no future actual PV
2025-06-21,2025-06-22,12,linear_anchor_main,10009.430584957972,36708.56037299175,-0.4211205160046231,0.7992968171747634,10,Q3 linear_anchor_main overlay + causal prior-day load/PV; no future actual PV
2025-06-21,2025-06-22,12,linear_anchor_main,10301.451868083746,36585.584219557495,-0.4211205160046231,0.7992968171747634,10,Q3 linear_anchor_main overlay + causal prior-day load/PV; no future actual PV
2025-06-21,2025-06-22,12,linear_anchor_main,10800.0,36375.98340752942,-0.40499289993776433,0.7992968171747634,10,Q3 linear_anchor_main overlay + causal prior-day load/PV; no future actual PV
2025-06-21,2025-06-22,12,step_hourly_sensitivity,1200.0,41632.51286030958,-0.4544192997661961,0.9775795590176131,10,Q3 step_hourly_sensitivity overlay + causal prior-day load/PV; no future actual PV
2025-06-21,2025-06-22,12,step_hourly_sensitivity,3346.1928783954377,40658.87160367926,-0.4525219331700951,0.9775795590176131,10,Q3 step_hourly_sensitivity overlay + causal prior-day load/PV; no future actual PV
2025-06-21,2025-06-22,12,step_hourly_sensitivity,5513.520962248373,39679.676291178475,-0.45104620359534986,0.9775795590176131,10,Q3 step_hourly_sensitivity overlay + causal prior-day load/PV; no future actual PV
2025-06-21,2025-06-22,12,step_hourly_sensitivity,7553.359158815809,38761.15913431501,-0.4499921110419604,0.9775795590176131,10,Q3 step_hourly_sensitivity overlay + causal prior-day load/PV; no future actual PV
2025-06-21,2025-06-22,12,step_hourly_sensitivity,8163.7252513116555,38486.717957844376,-0.44777851667984253,0.9775795590176131,10,Q3 step_hourly_sensitivity overlay + causal prior-day load/PV; no future actual PV
2025-06-21,2025-06-22,12,step_hourly_sensitivity,9570.496938379152,37857.02192876999,-0.44746228891382567,0.9775795590176131,10,Q3 step_hourly_sensitivity overlay + causal prior-day load/PV; no future actual PV
2025-06-21,2025-06-22,12,step_hourly_sensitivity,9817.485111493532,37748.88948608261,-0.4335482672090848,0.9775795590176131,10,Q3 step_hourly_sensitivity overlay + causal prior-day load/PV; no future actual PV
2025-06-21,2025-06-22,12,step_hourly_sensitivity,10009.430584957356,37665.671858663736,-0.4211205160046231,0.9775795590176131,10,Q3 step_hourly_sensitivity overlay + causal prior-day load/PV; no future actual PV
2025-06-21,2025-06-22,12,step_hourly_sensitivity,10205.301145170597,37583.186747276624,-0.4211205160046231,0.9775795590176131,10,Q3 step_hourly_sensitivity overlay + causal prior-day load/PV; no future actual PV
2025-06-21,2025-06-22,12,step_hourly_sensitivity,10800.0,37333.30695140892,-0.4030006650118583,0.9775795590176131,10,Q3 step_hourly_sensitivity overlay + causal prior-day load/PV; no future actual PV
2025-06-21,2025-06-22,18,linear_anchor_main,1200.0,41656.66537088828,-0.4544192997661961,0.7992968171747634,10,Q3 linear_anchor_main overlay + causal prior-day load/PV; no future actual PV
2025-06-21,2025-06-22,18,linear_anchor_main,2850.3853265227904,40907.406759798716,-0.4534706164681456,0.7992968171747634,10,Q3 linear_anchor_main overlay + causal prior-day load/PV; no future actual PV
2025-06-21,2025-06-22,18,linear_anchor_main,3709.580558843171,40517.89373896524,-0.4525219331700951,0.7992968171747634,10,Q3 linear_anchor_main overlay + causal prior-day load/PV; no future actual PV
2025-06-21,2025-06-22,18,linear_anchor_main,5876.908642692508,39538.69842646608,-0.45104620359534986,0.7992968171747634,10,Q3 linear_anchor_main overlay + causal prior-day load/PV; no future actual PV
2025-06-21,2025-06-22,18,linear_anchor_main,7916.746839256558,38620.18126960414,-0.4499921110419604,0.7992968171747634,10,Q3 linear_anchor_main overlay + causal prior-day load/PV; no future actual PV
2025-06-21,2025-06-22,18,linear_anchor_main,8527.11293175291,38345.74009313327,-0.44777851667984253,0.7992968171747634,10,Q3 linear_anchor_main overlay + causal prior-day load/PV; no future actual PV
2025-06-21,2025-06-22,18,linear_anchor_main,9671.826309111557,37833.305275150095,-0.44746228891382567,0.7992968171747634,10,Q3 linear_anchor_main overlay + causal prior-day load/PV; no future actual PV
2025-06-21,2025-06-22,18,linear_anchor_main,10009.430584957972,37682.24009313277,-0.4211205160046231,0.7992968171747634,10,Q3 linear_anchor_main overlay + causal prior-day load/PV; no future actual PV
2025-06-21,2025-06-22,18,linear_anchor_main,10297.674799825345,37560.85454063247,-0.4211205160046231,0.7992968171747634,10,Q3 linear_anchor_main overlay + causal prior-day load/PV; no future actual PV
2025-06-21,2025-06-22,18,linear_anchor_main,10800.0,37349.68057319321,-0.4052775049271795,0.7992968171747634,10,Q3 linear_anchor_main overlay + causal prior-day load/PV; no future actual PV
2025-06-21,2025-06-22,18,step_hourly_sensitivity,1200.0,42724.519520283284,-0.4534706164681456,0.9170887891159509,10,Q3 step_hourly_sensitivity overlay + causal prior-day load/PV; no future actual PV
2025-06-21,2025-06-22,18,step_hourly_sensitivity,3191.5005993973523,41822.73807133344,-0.45167865912738353,0.9170887891159509,10,Q3 step_hourly_sensitivity overlay + causal prior-day load/PV; no future actual PV
2025-06-21,2025-06-22,18,step_hourly_sensitivity,4772.639429479206,41109.43251577894,-0.45030833880797727,0.9170887891159509,10,Q3 step_hourly_sensitivity overlay + causal prior-day load/PV; no future actual PV
2025-06-21,2025-06-22,18,step_hourly_sensitivity,6749.062967081481,40219.724182446946,-0.4499921110419604,0.9170887891159509,10,Q3 step_hourly_sensitivity overlay + causal prior-day load/PV; no future actual PV
2025-06-21,2025-06-22,18,step_hourly_sensitivity,7395.322092077705,39930.05156339865,-0.44777851667984253,0.9170887891159509,10,Q3 step_hourly_sensitivity overlay + causal prior-day load/PV; no future actual PV
2025-06-21,2025-06-22,18,step_hourly_sensitivity,8444.395157117104,39460.54362689098,-0.44746228891382567,0.9170887891159509,10,Q3 step_hourly_sensitivity overlay + causal prior-day load/PV; no future actual PV
2025-06-21,2025-06-22,18,step_hourly_sensitivity,9018.843047046228,39211.248295165846,-0.4335482672090848,0.9170887891159509,10,Q3 step_hourly_sensitivity overlay + causal prior-day load/PV; no future actual PV
2025-06-21,2025-06-22,18,step_hourly_sensitivity,9299.728969904072,39090.05723251615,-0.4211205160046231,0.9170887891159509,10,Q3 step_hourly_sensitivity overlay + causal prior-day load/PV; no future actual PV
2025-06-21,2025-06-22,18,step_hourly_sensitivity,10077.661061156137,38763.12214535216,-0.41950775439793714,0.9170887891159509,10,Q3 step_hourly_sensitivity overlay + causal prior-day load/PV; no future actual PV
2025-06-21,2025-06-22,18,step_hourly_sensitivity,10800.0,38461.0965071407,-0.4030006650118583,0.9170887891159509,10,Q3 step_hourly_sensitivity overlay + causal prior-day load/PV; no future actual PV
