decision_date,target_date,history_cutoff_date,load_source_dates,pv_source_dates,residual_pool_end_date,scenario_k,soc_sample_kwh,virtual_next_day_cost_yuan,value_subgradient_yuan_per_kwh,certified_max_gap_yuan,gap_tolerance_yuan,bundle_sample_count
2025-01-01,2025-01-02,attachment1_fallback,attachment1_fallback,attachment1_fallback,none,1,1200.0,33869.37996241603,-0.4544192997661961,0.7992968171674875,1.0,10
2025-01-01,2025-01-02,attachment1_fallback,attachment1_fallback,attachment1_fallback,none,1,2850.3853265227904,33120.121351326474,-0.4534706164681456,0.7992968171674875,1.0,10
2025-01-01,2025-01-02,attachment1_fallback,attachment1_fallback,attachment1_fallback,none,1,3709.580558841014,32730.60833049397,-0.4525219331700951,0.7992968171674875,1.0,10
2025-01-01,2025-01-02,attachment1_fallback,attachment1_fallback,attachment1_fallback,none,1,5876.908642691462,31751.41301799431,-0.45104620359534986,0.7992968171674875,1.0,10
2025-01-01,2025-01-02,attachment1_fallback,attachment1_fallback,attachment1_fallback,none,1,7916.746839256558,30832.895861131896,-0.4499921110419604,0.7992968171674875,1.0,10
2025-01-01,2025-01-02,attachment1_fallback,attachment1_fallback,attachment1_fallback,none,1,8527.11293175291,30558.45468466103,-0.44777851667984253,0.7992968171674875,1.0,10
2025-01-01,2025-01-02,attachment1_fallback,attachment1_fallback,attachment1_fallback,none,1,9680.196102073829,30042.27469996122,-0.44746228891382567,0.7992968171674875,1.0,10
2025-01-01,2025-01-02,attachment1_fallback,attachment1_fallback,attachment1_fallback,none,1,10009.430584957972,29894.954684660523,-0.4211205160046231,0.7992968171674875,1.0,10
2025-01-01,2025-01-02,attachment1_fallback,attachment1_fallback,attachment1_fallback,none,1,10303.221598026264,29771.233261639685,-0.4211205160046231,0.7992968171674875,1.0,10
2025-01-01,2025-01-02,attachment1_fallback,attachment1_fallback,attachment1_fallback,none,1,10800.0,29562.302559848886,-0.40499289993776433,0.7992968171674875,1.0,10
2025-01-02,2025-01-03,2025-01-01,attachment1_fallback,2025-01-01,2025-01-01,1,1200.0,72383.70373002166,-0.4544192997661961,0.7992968171602115,1.0,10
2025-01-02,2025-01-03,2025-01-01,attachment1_fallback,2025-01-01,2025-01-01,1,2850.385326518956,71634.44511893384,-0.4534706164681456,0.7992968171602115,1.0,10
2025-01-02,2025-01-03,2025-01-01,attachment1_fallback,2025-01-01,2025-01-01,1,3709.580558843171,71244.93209809862,-0.4525219331700951,0.7992968171602115,1.0,10
2025-01-02,2025-01-03,2025-01-01,attachment1_fallback,2025-01-01,2025-01-01,1,5876.908642692508,70265.73678559947,-0.45104620359534986,0.7992968171602115,1.0,10
2025-01-02,2025-01-03,2025-01-01,attachment1_fallback,2025-01-01,2025-01-01,1,7916.746839256558,69347.21962873753,-0.4499921110419604,0.7992968171602115,1.0,10
2025-01-02,2025-01-03,2025-01-01,attachment1_fallback,2025-01-01,2025-01-01,1,8527.11293175291,69072.77845226665,-0.44777851667984253,0.7992968171602115,1.0,10
2025-01-02,2025-01-03,2025-01-01,attachment1_fallback,2025-01-01,2025-01-01,1,9727.799905065593,68535.29756091915,-0.44746228891382567,0.7992968171602115,1.0,10
2025-01-02,2025-01-03,2025-01-01,attachment1_fallback,2025-01-01,2025-01-01,1,10009.430584957698,68409.27845226627,-0.4211205160046231,0.7992968171602115,1.0,10
2025-01-02,2025-01-03,2025-01-01,attachment1_fallback,2025-01-01,2025-01-01,1,10330.357570586275,68274.12951447855,-0.4211205160046231,0.7992968171602115,1.0,10
2025-01-02,2025-01-03,2025-01-01,attachment1_fallback,2025-01-01,2025-01-01,1,10800.0,68076.40951733118,-0.4030006650118583,0.7992968171602115,1.0,10
2025-01-03,2025-01-04,2025-01-02,attachment1_fallback,2025-01-01;2025-01-02,2025-01-02,1,1200.0,72666.85753302666,-0.4544192997661961,0.7992968171602115,1.0,10
2025-01-03,2025-01-04,2025-01-02,attachment1_fallback,2025-01-01;2025-01-02,2025-01-02,1,2850.385326518956,71917.59892193884,-0.4534706164681456,0.7992968171602115,1.0,10
2025-01-03,2025-01-04,2025-01-02,attachment1_fallback,2025-01-01;2025-01-02,2025-01-02,1,3709.580558843171,71528.08590110362,-0.4525219331700951,0.7992968171602115,1.0,10
2025-01-03,2025-01-04,2025-01-02,attachment1_fallback,2025-01-01;2025-01-02,2025-01-02,1,5876.908642692508,70548.89058860447,-0.45104620359534986,0.7992968171602115,1.0,10
2025-01-03,2025-01-04,2025-01-02,attachment1_fallback,2025-01-01;2025-01-02,2025-01-02,1,7916.746839256558,69630.37343174253,-0.4499921110419604,0.7992968171602115,1.0,10
2025-01-03,2025-01-04,2025-01-02,attachment1_fallback,2025-01-01;2025-01-02,2025-01-02,1,8527.11293175291,69355.93225527165,-0.44777851667984253,0.7992968171602115,1.0,10
2025-01-03,2025-01-04,2025-01-02,attachment1_fallback,2025-01-01;2025-01-02,2025-01-02,1,9727.799905065875,68818.45136392402,-0.44746228891382567,0.7992968171602115,1.0,10
2025-01-03,2025-01-04,2025-01-02,attachment1_fallback,2025-01-01;2025-01-02,2025-01-02,1,10009.430584958249,68692.43225527104,-0.4211205160046231,0.7992968171602115,1.0,10
2025-01-03,2025-01-04,2025-01-02,attachment1_fallback,2025-01-01;2025-01-02,2025-01-02,1,10330.357570586602,68557.28331748341,-0.4211205160046231,0.7992968171602115,1.0,10
2025-01-03,2025-01-04,2025-01-02,attachment1_fallback,2025-01-01;2025-01-02,2025-01-02,1,10800.0,68359.56332033616,-0.4030006650118583,0.7992968171602115,1.0,10
2025-01-04,2025-01-05,2025-01-03,attachment1_fallback,2025-01-01;2025-01-02;2025-01-03,2025-01-03,1,1200.0,60490.4743171095,-0.4544192997661961,0.7992968171747634,1.0,10
2025-01-04,2025-01-05,2025-01-03,attachment1_fallback,2025-01-01;2025-01-02;2025-01-03,2025-01-03,1,2850.3853265227904,59741.215706019946,-0.4534706164681456,0.7992968171747634,1.0,10
2025-01-04,2025-01-05,2025-01-03,attachment1_fallback,2025-01-01;2025-01-02;2025-01-03,2025-01-03,1,3709.580558841014,59351.70268518744,-0.4525219331700951,0.7992968171747634,1.0,10
2025-01-04,2025-01-05,2025-01-03,attachment1_fallback,2025-01-01;2025-01-02;2025-01-03,2025-01-03,1,5876.908642692508,58372.50737268731,-0.45104620359534986,0.7992968171747634,1.0,10
2025-01-04,2025-01-05,2025-01-03,attachment1_fallback,2025-01-01;2025-01-02;2025-01-03,2025-01-03,1,7916.746839258588,57453.99021582445,-0.4499921110419604,0.7992968171747634,1.0,10
2025-01-04,2025-01-05,2025-01-03,attachment1_fallback,2025-01-01;2025-01-02;2025-01-03,2025-01-03,1,8527.11293175291,57179.5490393545,-0.44777851667984253,0.7992968171747634,1.0,10
2025-01-04,2025-01-05,2025-01-03,attachment1_fallback,2025-01-01;2025-01-02;2025-01-03,2025-01-03,1,9727.95631726328,56641.998159447,-0.44746228891382567,0.7992968171747634,1.0,10
2025-01-04,2025-01-05,2025-01-03,attachment1_fallback,2025-01-01;2025-01-02;2025-01-03,2025-01-03,1,10009.430584957972,56516.049039353995,-0.4211205160046231,0.7992968171747634,1.0,10
2025-01-04,2025-01-05,2025-01-03,attachment1_fallback,2025-01-01;2025-01-02;2025-01-03,2025-01-03,1,10330.538456954297,56380.82392660575,-0.4211205160046231,0.7992968171747634,1.0,10
2025-01-04,2025-01-05,2025-01-03,attachment1_fallback,2025-01-01;2025-01-02;2025-01-03,2025-01-03,1,10800.0,56183.17206191736,-0.4030006650118583,0.7992968171747634,1.0,10
2025-01-05,2025-01-06,2025-01-04,attachment1_fallback,2025-01-01;2025-01-02;2025-01-03;2025-01-04,2025-01-04,1,1200.0,60282.47370897603,-0.4544192997661961,0.7992968171674875,1.0,10
2025-01-05,2025-01-06,2025-01-04,attachment1_fallback,2025-01-01;2025-01-02;2025-01-03;2025-01-04,2025-01-04,1,2850.385326518956,59533.21509788821,-0.4534706164681456,0.7992968171674875,1.0,10
2025-01-05,2025-01-06,2025-01-04,attachment1_fallback,2025-01-01;2025-01-02;2025-01-03;2025-01-04,2025-01-04,1,3709.580558841014,59143.702077053975,-0.4525219331700951,0.7992968171674875,1.0,10
2025-01-05,2025-01-06,2025-01-04,attachment1_fallback,2025-01-01;2025-01-02;2025-01-03;2025-01-04,2025-01-04,1,5876.908642692508,58164.50676455384,-0.45104620359534986,0.7992968171674875,1.0,10
2025-01-05,2025-01-06,2025-01-04,attachment1_fallback,2025-01-01;2025-01-02;2025-01-03;2025-01-04,2025-01-04,1,7916.746839258588,57245.98960769098,-0.4499921110419604,0.7992968171674875,1.0,10
2025-01-05,2025-01-06,2025-01-04,attachment1_fallback,2025-01-01;2025-01-02;2025-01-03;2025-01-04,2025-01-04,1,8527.11293175291,56971.54843122103,-0.44777851667984253,0.7992968171674875,1.0,10
2025-01-05,2025-01-06,2025-01-04,attachment1_fallback,2025-01-01;2025-01-02;2025-01-03;2025-01-04,2025-01-04,1,9727.95631726328,56433.99755131353,-0.44746228891382567,0.7992968171674875,1.0,10
2025-01-05,2025-01-06,2025-01-04,attachment1_fallback,2025-01-01;2025-01-02;2025-01-03;2025-01-04,2025-01-04,1,10009.430584957698,56308.04843122064,-0.4211205160046231,0.7992968171674875,1.0,10
2025-01-05,2025-01-06,2025-01-04,attachment1_fallback,2025-01-01;2025-01-02;2025-01-03;2025-01-04,2025-01-04,1,10330.538456954297,56172.823318472285,-0.4211205160046231,0.7992968171674875,1.0,10
2025-01-05,2025-01-06,2025-01-04,attachment1_fallback,2025-01-01;2025-01-02;2025-01-03;2025-01-04,2025-01-04,1,10800.0,55975.171453783885,-0.4030006650118583,0.7992968171674875,1.0,10
2025-01-06,2025-01-07,2025-01-05,attachment1_fallback,2025-01-01;2025-01-02;2025-01-03;2025-01-04;2025-01-05,2025-01-05,1,1200.0,59144.76097374463,-0.4544192997661961,0.7992968171747634,1.0,10
2025-01-06,2025-01-07,2025-01-05,attachment1_fallback,2025-01-01;2025-01-02;2025-01-03;2025-01-04;2025-01-05,2025-01-05,1,2850.3853265227904,58395.502362655076,-0.4534706164681456,0.7992968171747634,1.0,10
2025-01-06,2025-01-07,2025-01-05,attachment1_fallback,2025-01-01;2025-01-02;2025-01-03;2025-01-04;2025-01-05,2025-01-05,1,3709.580558841014,58005.98934182257,-0.4525219331700951,0.7992968171747634,1.0,10
2025-01-06,2025-01-07,2025-01-05,attachment1_fallback,2025-01-01;2025-01-02;2025-01-03;2025-01-04;2025-01-05,2025-01-05,1,5876.908642691462,57026.79402932291,-0.45104620359534986,0.7992968171747634,1.0,10
2025-01-06,2025-01-07,2025-01-05,attachment1_fallback,2025-01-01;2025-01-02;2025-01-03;2025-01-04;2025-01-05,2025-01-05,1,7916.746839256558,56108.2768724605,-0.4499921110419604,0.7992968171747634,1.0,10
2025-01-06,2025-01-07,2025-01-05,attachment1_fallback,2025-01-01;2025-01-02;2025-01-03;2025-01-04;2025-01-05,2025-01-05,1,8527.11293175291,55833.835695989634,-0.44777851667984253,0.7992968171747634,1.0,10
2025-01-06,2025-01-07,2025-01-05,attachment1_fallback,2025-01-01;2025-01-02;2025-01-03;2025-01-04;2025-01-05,2025-01-05,1,9726.050241665223,55297.13771303208,-0.44746228891382567,0.7992968171747634,1.0,10
2025-01-06,2025-01-07,2025-01-05,attachment1_fallback,2025-01-01;2025-01-02;2025-01-03;2025-01-04;2025-01-05,2025-01-05,1,10009.430584957972,55170.335695989124,-0.4211205160046231,0.7992968171747634,1.0,10
2025-01-06,2025-01-07,2025-01-05,attachment1_fallback,2025-01-01;2025-01-02;2025-01-03;2025-01-04;2025-01-05,2025-01-05,1,10328.334133396538,55036.03886911497,-0.4211205160046231,0.7992968171747634,1.0,10
2025-01-06,2025-01-07,2025-01-05,attachment1_fallback,2025-01-01;2025-01-02;2025-01-03;2025-01-04;2025-01-05,2025-01-05,1,10800.0,54837.55672635748,-0.4030006650118583,0.7992968171747634,1.0,10
2025-01-07,2025-01-08,2025-01-06,2025-01-01,2025-01-01;2025-01-02;2025-01-03;2025-01-04;2025-01-05;2025-01-06,2025-01-06,1,1200.0,71566.40008414391,-0.4544192997661961,0.7992968171747634,1.0,10
2025-01-07,2025-01-08,2025-01-06,2025-01-01,2025-01-01;2025-01-02;2025-01-03;2025-01-04;2025-01-05;2025-01-06,2025-01-06,1,2850.385326518956,70817.1414730561,-0.4534706164681456,0.7992968171747634,1.0,10
2025-01-07,2025-01-08,2025-01-06,2025-01-01,2025-01-01;2025-01-02;2025-01-03;2025-01-04;2025-01-05;2025-01-06,2025-01-06,1,3709.580558834543,70427.62845222479,-0.4525219331700951,0.7992968171747634,1.0,10
2025-01-07,2025-01-08,2025-01-06,2025-01-01,2025-01-01;2025-01-02;2025-01-03;2025-01-04;2025-01-05;2025-01-06,2025-01-06,1,5876.908642690416,69448.43313972268,-0.45104620359534986,0.7992968171747634,1.0,10
2025-01-07,2025-01-08,2025-01-06,2025-01-01,2025-01-01;2025-01-02;2025-01-03;2025-01-04;2025-01-05;2025-01-06,2025-01-06,1,7916.746839260618,68529.91598285796,-0.4499921110419604,0.7992968171747634,1.0,10
2025-01-07,2025-01-08,2025-01-06,2025-01-01,2025-01-01;2025-01-02;2025-01-03;2025-01-04;2025-01-05;2025-01-06,2025-01-06,1,8527.11293175291,68255.47480638891,-0.44777851667984253,0.7992968171747634,1.0,10
2025-01-07,2025-01-08,2025-01-06,2025-01-01,2025-01-01;2025-01-02;2025-01-03;2025-01-04;2025-01-05;2025-01-06,2025-01-06,1,9679.263564132516,67739.71209725083,-0.44746228891382567,0.7992968171747634,1.0,10
2025-01-07,2025-01-08,2025-01-06,2025-01-01,2025-01-01;2025-01-02;2025-01-03;2025-01-04;2025-01-05;2025-01-06,2025-01-06,1,10009.430584957698,67591.97480638853,-0.44746228891382567,0.7992968171747634,1.0,10
2025-01-07,2025-01-08,2025-01-06,2025-01-01,2025-01-01;2025-01-02;2025-01-03;2025-01-04;2025-01-05;2025-01-06,2025-01-06,1,10306.3385886582,67466.94075466428,-0.4211205160046231,0.7992968171747634,1.0,10
2025-01-07,2025-01-08,2025-01-06,2025-01-01,2025-01-01;2025-01-02;2025-01-03;2025-01-04;2025-01-05;2025-01-06,2025-01-06,1,10800.0,67259.04980638844,-0.4052775049271795,0.7992968171747634,1.0,10
2025-01-08,2025-01-09,2025-01-07,2025-01-02,2025-01-01;2025-01-02;2025-01-03;2025-01-04;2025-01-05;2025-01-06;2025-01-07,2025-01-07,1,1200.0,71978.02618070092,-0.4544192997661961,0.7992968171747634,1.0,10
2025-01-08,2025-01-09,2025-01-07,2025-01-02,2025-01-01;2025-01-02;2025-01-03;2025-01-04;2025-01-05;2025-01-06;2025-01-07,2025-01-07,1,2850.3853265266252,71228.76756960963,-0.4534706164681456,0.7992968171747634,1.0,10
2025-01-08,2025-01-09,2025-01-07,2025-01-02,2025-01-01;2025-01-02;2025-01-03;2025-01-04;2025-01-05;2025-01-06;2025-01-07,2025-01-07,1,3709.580558838857,70839.25454877983,-0.4525219331700951,0.7992968171747634,1.0,10
2025-01-08,2025-01-09,2025-01-07,2025-01-02,2025-01-01;2025-01-02;2025-01-03;2025-01-04;2025-01-05;2025-01-06;2025-01-07,2025-01-07,1,5876.908642690416,69860.05923627967,-0.45104620359534986,0.7992968171747634,1.0,10
2025-01-08,2025-01-09,2025-01-07,2025-01-02,2025-01-01;2025-01-02;2025-01-03;2025-01-04;2025-01-05;2025-01-06;2025-01-07,2025-01-07,1,7916.746839256558,68941.54207941679,-0.4499921110419604,0.7992968171747634,1.0,10
2025-01-08,2025-01-09,2025-01-07,2025-01-02,2025-01-01;2025-01-02;2025-01-03;2025-01-04;2025-01-05;2025-01-06;2025-01-07,2025-01-07,1,8527.112931747157,68667.1009029485,-0.44777851667984253,0.7992968171747634,1.0,10
2025-01-08,2025-01-09,2025-01-07,2025-01-02,2025-01-01;2025-01-02;2025-01-03;2025-01-04;2025-01-05;2025-01-06;2025-01-07,2025-01-07,1,9728.890269780026,68129.13211450755,-0.44746228891382567,0.7992968171747634,1.0,10
2025-01-08,2025-01-09,2025-01-07,2025-01-02,2025-01-01;2025-01-02;2025-01-03;2025-01-04;2025-01-05;2025-01-06;2025-01-07,2025-01-07,1,10009.430584958249,68003.6009029453,-0.4211205160046231,0.7992968171747634,1.0,10
2025-01-08,2025-01-09,2025-01-07,2025-01-02,2025-01-01;2025-01-02;2025-01-03;2025-01-04;2025-01-05;2025-01-06;2025-01-07,2025-01-07,1,10331.618547134018,67867.92094206336,-0.4211205160046231,0.7992968171747634,1.0,10
2025-01-08,2025-01-09,2025-01-07,2025-01-02,2025-01-01;2025-01-02;2025-01-03;2025-01-04;2025-01-05;2025-01-06;2025-01-07,2025-01-07,1,10800.0,67670.67590294544,-0.4030006650118583,0.7992968171747634,1.0,10
2025-01-09,2025-01-10,2025-01-08,2025-01-03,2025-01-02;2025-01-03;2025-01-04;2025-01-05;2025-01-06;2025-01-07;2025-01-08,2025-01-08,1,1200.0,35165.30812646927,-0.4544192997661961,0.7992968171747634,1.0,10
2025-01-09,2025-01-10,2025-01-08,2025-01-03,2025-01-02;2025-01-03;2025-01-04;2025-01-05;2025-01-06;2025-01-07;2025-01-08,2025-01-08,1,2850.3853265227904,34416.04951537971,-0.4534706164681456,0.7992968171747634,1.0,10
2025-01-09,2025-01-10,2025-01-08,2025-01-03,2025-01-02;2025-01-03;2025-01-04;2025-01-05;2025-01-06;2025-01-07;2025-01-08,2025-01-08,1,3709.580558841014,34026.5364945472,-0.4525219331700951,0.7992968171747634,1.0,10
2025-01-09,2025-01-10,2025-01-08,2025-01-03,2025-01-02;2025-01-03;2025-01-04;2025-01-05;2025-01-06;2025-01-07;2025-01-08,2025-01-08,1,5876.908642692508,33047.34118204707,-0.45104620359534986,0.7992968171747634,1.0,10
2025-01-09,2025-01-10,2025-01-08,2025-01-03,2025-01-02;2025-01-03;2025-01-04;2025-01-05;2025-01-06;2025-01-07;2025-01-08,2025-01-08,1,7916.746839258588,32128.824025184214,-0.4499921110419604,0.7992968171747634,1.0,10
2025-01-09,2025-01-10,2025-01-08,2025-01-03,2025-01-02;2025-01-03;2025-01-04;2025-01-05;2025-01-06;2025-01-07;2025-01-08,2025-01-08,1,8527.11293175291,31854.38284871426,-0.44777851667984253,0.7992968171747634,1.0,10
2025-01-09,2025-01-10,2025-01-08,2025-01-03,2025-01-02;2025-01-03;2025-01-04;2025-01-05;2025-01-06;2025-01-07;2025-01-08,2025-01-08,1,9725.867350156703,31317.76670280974,-0.44746228891382567,0.7992968171747634,1.0,10
2025-01-09,2025-01-10,2025-01-08,2025-01-03,2025-01-02;2025-01-03;2025-01-04;2025-01-05;2025-01-06;2025-01-07;2025-01-08,2025-01-08,1,10009.430584957698,31190.882848713874,-0.4211205160046231,0.7992968171747634,1.0,10
2025-01-09,2025-01-10,2025-01-08,2025-01-03,2025-01-02;2025-01-03;2025-01-04;2025-01-05;2025-01-06;2025-01-07;2025-01-08,2025-01-08,1,10328.122624439864,31056.675092600577,-0.4211205160046231,0.7992968171747634,1.0,10
2025-01-09,2025-01-10,2025-01-08,2025-01-03,2025-01-02;2025-01-03;2025-01-04;2025-01-05;2025-01-06;2025-01-07;2025-01-08,2025-01-08,1,10800.0,30858.113283113784,-0.4030006650118583,0.7992968171747634,1.0,10
2025-01-10,2025-01-11,2025-01-09,2025-01-04,2025-01-03;2025-01-04;2025-01-05;2025-01-06;2025-01-07;2025-01-08;2025-01-09,2025-01-09,1,1200.0,35186.10962319262,-0.4544192997661961,0.7992968171747634,1.0,10
2025-01-10,2025-01-11,2025-01-09,2025-01-04,2025-01-03;2025-01-04;2025-01-05;2025-01-06;2025-01-07;2025-01-08;2025-01-09,2025-01-09,1,2850.3853265227904,34436.85101210307,-0.4534706164681456,0.7992968171747634,1.0,10
2025-01-10,2025-01-11,2025-01-09,2025-01-04,2025-01-03;2025-01-04;2025-01-05;2025-01-06;2025-01-07;2025-01-08;2025-01-09,2025-01-09,1,3709.580558841014,34047.33799127056,-0.4525219331700951,0.7992968171747634,1.0,10
2025-01-10,2025-01-11,2025-01-09,2025-01-04,2025-01-03;2025-01-04;2025-01-05;2025-01-06;2025-01-07;2025-01-08;2025-01-09,2025-01-09,1,5876.908642692508,33068.142678770426,-0.45104620359534986,0.7992968171747634,1.0,10
2025-01-10,2025-01-11,2025-01-09,2025-01-04,2025-01-03;2025-01-04;2025-01-05;2025-01-06;2025-01-07;2025-01-08;2025-01-09,2025-01-09,1,7916.746839258588,32149.625521907576,-0.4499921110419604,0.7992968171747634,1.0,10
2025-01-10,2025-01-11,2025-01-09,2025-01-04,2025-01-03;2025-01-04;2025-01-05;2025-01-06;2025-01-07;2025-01-08;2025-01-09,2025-01-09,1,8527.112931755786,31875.184345436333,-0.44777851667984253,0.7992968171747634,1.0,10
2025-01-10,2025-01-11,2025-01-09,2025-01-04,2025-01-03;2025-01-04;2025-01-05;2025-01-06;2025-01-07;2025-01-08;2025-01-09,2025-01-09,1,9726.800911991413,31338.150465817693,-0.44746228891382567,0.7992968171747634,1.0,10
2025-01-10,2025-01-11,2025-01-09,2025-01-04,2025-01-03;2025-01-04;2025-01-05;2025-01-06;2025-01-07;2025-01-08;2025-01-09,2025-01-09,1,10009.430584957698,31211.68434543723,-0.4211205160046231,0.7992968171747634,1.0,10
2025-01-10,2025-01-11,2025-01-09,2025-01-04,2025-01-03;2025-01-04;2025-01-05;2025-01-06;2025-01-07;2025-01-08;2025-01-09,2025-01-09,1,10329.20226280632,31077.02193145795,-0.4211205160046231,0.7992968171747634,1.0,10
2025-01-10,2025-01-11,2025-01-09,2025-01-04,2025-01-03;2025-01-04;2025-01-05;2025-01-06;2025-01-07;2025-01-08;2025-01-09,2025-01-09,1,10800.0,30878.866777362142,-0.4030006650118583,0.7992968171747634,1.0,10
2025-01-11,2025-01-12,2025-01-10,2025-01-05,2025-01-04;2025-01-05;2025-01-06;2025-01-07;2025-01-08;2025-01-09;2025-01-10,2025-01-10,1,1200.0,59612.04107177624,-0.4544192997661961,0.7992968171674875,1.0,10
2025-01-11,2025-01-12,2025-01-10,2025-01-05,2025-01-04;2025-01-05;2025-01-06;2025-01-07;2025-01-08;2025-01-09;2025-01-10,2025-01-10,1,2850.385326515121,58862.78246069017,-0.4534706164681456,0.7992968171674875,1.0,10
2025-01-11,2025-01-12,2025-01-10,2025-01-05,2025-01-04;2025-01-05;2025-01-06;2025-01-07;2025-01-08;2025-01-09;2025-01-10,2025-01-10,1,3709.580558838857,58473.26943985517,-0.4525219331700951,0.7992968171674875,1.0,10
2025-01-11,2025-01-12,2025-01-10,2025-01-05,2025-01-04;2025-01-05;2025-01-06;2025-01-07;2025-01-08;2025-01-09;2025-01-10,2025-01-10,1,5876.908642691462,57494.07412735453,-0.45104620359534986,0.7992968171674875,1.0,10
2025-01-11,2025-01-12,2025-01-10,2025-01-05,2025-01-04;2025-01-05;2025-01-06;2025-01-07;2025-01-08;2025-01-09;2025-01-10,2025-01-10,1,7916.746839258588,56575.5569704912,-0.4499921110419604,0.7992968171674875,1.0,10
2025-01-11,2025-01-12,2025-01-10,2025-01-05,2025-01-04;2025-01-05;2025-01-06;2025-01-07;2025-01-08;2025-01-09;2025-01-10,2025-01-10,1,8527.11293175291,56301.11579402124,-0.44777851667984253,0.7992968171674875,1.0,10
2025-01-11,2025-01-12,2025-01-10,2025-01-05,2025-01-04;2025-01-05;2025-01-06;2025-01-07;2025-01-08;2025-01-09;2025-01-10,2025-01-10,1,9727.485562575783,55763.77555908373,-0.44746228891382567,0.7992968171674875,1.0,10
2025-01-11,2025-01-12,2025-01-10,2025-01-05,2025-01-04;2025-01-05;2025-01-06;2025-01-07;2025-01-08;2025-01-09;2025-01-10,2025-01-10,1,10009.430584957698,55637.61579402086,-0.4211205160046231,0.7992968171674875,1.0,10
2025-01-11,2025-01-12,2025-01-10,2025-01-05,2025-01-04;2025-01-05;2025-01-06;2025-01-07;2025-01-08;2025-01-09;2025-01-10,2025-01-10,1,10329.994042216289,55502.619945487895,-0.4211205160046231,0.7992968171674875,1.0,10
2025-01-11,2025-01-12,2025-01-10,2025-01-05,2025-01-04;2025-01-05;2025-01-06;2025-01-07;2025-01-08;2025-01-09;2025-01-10,2025-01-10,1,10800.0,55304.76302214743,-0.4030006650118583,0.7992968171674875,1.0,10
2025-01-12,2025-01-13,2025-01-11,2025-01-06,2025-01-05;2025-01-06;2025-01-07;2025-01-08;2025-01-09;2025-01-10;2025-01-11,2025-01-11,1,1200.0,58337.5209227639,-0.4544192997661961,0.9999857953589526,1.0,9
2025-01-12,2025-01-13,2025-01-11,2025-01-06,2025-01-05;2025-01-06;2025-01-07;2025-01-08;2025-01-09;2025-01-10;2025-01-11,2025-01-11,1,2850.385326518956,57588.26231167609,-0.4534706164681456,0.9999857953589526,1.0,9
2025-01-12,2025-01-13,2025-01-11,2025-01-06,2025-01-05;2025-01-06;2025-01-07;2025-01-08;2025-01-09;2025-01-10;2025-01-11,2025-01-11,1,3709.580558841014,57198.74929084184,-0.4525219331700951,0.9999857953589526,1.0,9
2025-01-12,2025-01-13,2025-01-11,2025-01-06,2025-01-05;2025-01-06;2025-01-07;2025-01-08;2025-01-09;2025-01-10;2025-01-11,2025-01-11,1,5876.908642692508,56219.553978341704,-0.45104620359534986,0.9999857953589526,1.0,9
2025-01-12,2025-01-13,2025-01-11,2025-01-06,2025-01-05;2025-01-06;2025-01-07;2025-01-08;2025-01-09;2025-01-10;2025-01-11,2025-01-11,1,7916.746839258588,55301.03682147885,-0.4499921110419604,0.9999857953589526,1.0,9
2025-01-12,2025-01-13,2025-01-11,2025-01-06,2025-01-05;2025-01-06;2025-01-07;2025-01-08;2025-01-09;2025-01-10;2025-01-11,2025-01-11,1,9648.821614229973,54524.454560453196,-0.44746228891382567,0.9999857953589526,1.0,9
2025-01-12,2025-01-13,2025-01-11,2025-01-06,2025-01-05;2025-01-06;2025-01-07;2025-01-08;2025-01-09;2025-01-10;2025-01-11,2025-01-11,1,10009.430584957972,54363.09564500839,-0.4211205160046231,0.9999857953589526,1.0,9
2025-01-12,2025-01-13,2025-01-11,2025-01-06,2025-01-05;2025-01-06;2025-01-07;2025-01-08;2025-01-09;2025-01-10;2025-01-11,2025-01-11,1,10289.60991827495,54245.106379588105,-0.4211205160046231,0.9999857953589526,1.0,9
2025-01-12,2025-01-13,2025-01-11,2025-01-06,2025-01-05;2025-01-06;2025-01-07;2025-01-08;2025-01-09;2025-01-10;2025-01-11,2025-01-11,1,10800.0,54030.24688224508,-0.4065107932146451,0.9999857953589526,1.0,9
2025-01-13,2025-01-14,2025-01-12,2025-01-07,2025-01-06;2025-01-07;2025-01-08;2025-01-09;2025-01-10;2025-01-11;2025-01-12,2025-01-12,1,1200.0,58472.59705312497,-0.4544192997661961,0.7992968171747634,1.0,10
2025-01-13,2025-01-14,2025-01-12,2025-01-07,2025-01-06;2025-01-07;2025-01-08;2025-01-09;2025-01-10;2025-01-11;2025-01-12,2025-01-12,1,2850.3853265227904,57723.33844203541,-0.4534706164681456,0.7992968171747634,1.0,10
2025-01-13,2025-01-14,2025-01-12,2025-01-07,2025-01-06;2025-01-07;2025-01-08;2025-01-09;2025-01-10;2025-01-11;2025-01-12,2025-01-12,1,3709.580558841014,57333.825421202906,-0.4525219331700951,0.7992968171747634,1.0,10
2025-01-13,2025-01-14,2025-01-12,2025-01-07,2025-01-06;2025-01-07;2025-01-08;2025-01-09;2025-01-10;2025-01-11;2025-01-12,2025-01-12,1,5876.908642693554,56354.6301087023,-0.45104620359534986,0.7992968171747634,1.0,10
2025-01-13,2025-01-14,2025-01-12,2025-01-07,2025-01-06;2025-01-07;2025-01-08;2025-01-09;2025-01-10;2025-01-11;2025-01-12,2025-01-12,1,7916.746839260618,55436.11295183901,-0.4499921110419604,0.7992968171747634,1.0,10
2025-01-13,2025-01-14,2025-01-12,2025-01-07,2025-01-06;2025-01-07;2025-01-08;2025-01-09;2025-01-10;2025-01-11;2025-01-12,2025-01-12,1,8527.112931758662,55161.67177536739,-0.44777851667984253,0.7992968171747634,1.0,10
2025-01-13,2025-01-14,2025-01-12,2025-01-07,2025-01-06;2025-01-07;2025-01-08;2025-01-09;2025-01-10;2025-01-11;2025-01-12,2025-01-12,1,9726.86673556597,54624.608442182696,-0.44746228891382567,0.7992968171747634,1.0,10
2025-01-13,2025-01-14,2025-01-12,2025-01-07,2025-01-06;2025-01-07;2025-01-08;2025-01-09;2025-01-10;2025-01-11;2025-01-12,2025-01-12,1,10009.430584957698,54498.17177536957,-0.4211205160046231,0.7992968171747634,1.0,10
2025-01-13,2025-01-14,2025-01-12,2025-01-07,2025-01-06;2025-01-07;2025-01-08;2025-01-09;2025-01-10;2025-01-11;2025-01-12,2025-01-12,1,10329.278385944302,54363.47730437515,-0.4211205160046231,0.7992968171747634,1.0,10
2025-01-13,2025-01-14,2025-01-12,2025-01-07,2025-01-06;2025-01-07;2025-01-08;2025-01-09;2025-01-10;2025-01-11;2025-01-12,2025-01-12,1,10800.0,54165.35082273615,-0.4030006650118583,0.7992968171747634,1.0,10
2025-01-14,2025-01-15,2025-01-13,2025-01-01;2025-01-08,2025-01-07;2025-01-08;2025-01-09;2025-01-10;2025-01-11;2025-01-12;2025-01-13,2025-01-13,1,1200.0,58253.74766999169,-0.4544192997661961,0.7992968171747634,1.0,10
2025-01-14,2025-01-15,2025-01-13,2025-01-01;2025-01-08,2025-01-07;2025-01-08;2025-01-09;2025-01-10;2025-01-11;2025-01-12;2025-01-13,2025-01-13,1,2850.3853265227904,57504.48905890212,-0.4534706164681456,0.7992968171747634,1.0,10
2025-01-14,2025-01-15,2025-01-13,2025-01-01;2025-01-08,2025-01-07;2025-01-08;2025-01-09;2025-01-10;2025-01-11;2025-01-12;2025-01-13,2025-01-13,1,3709.580558841014,57114.976038069624,-0.4525219331700951,0.7992968171747634,1.0,10
2025-01-14,2025-01-15,2025-01-13,2025-01-01;2025-01-08,2025-01-07;2025-01-08;2025-01-09;2025-01-10;2025-01-11;2025-01-12;2025-01-13,2025-01-13,1,5876.908642692508,56135.78072556949,-0.45104620359534986,0.7992968171747634,1.0,10
2025-01-14,2025-01-15,2025-01-13,2025-01-01;2025-01-08,2025-01-07;2025-01-08;2025-01-09;2025-01-10;2025-01-11;2025-01-12;2025-01-13,2025-01-13,1,7916.746839258588,55217.263568706636,-0.4499921110419604,0.7992968171747634,1.0,10
2025-01-14,2025-01-15,2025-01-13,2025-01-01;2025-01-08,2025-01-07;2025-01-08;2025-01-09;2025-01-10;2025-01-11;2025-01-12;2025-01-13,2025-01-13,1,8527.11293175291,54942.82239223668,-0.44777851667984253,0.7992968171747634,1.0,10
2025-01-14,2025-01-15,2025-01-13,2025-01-01;2025-01-08,2025-01-07;2025-01-08;2025-01-09;2025-01-10;2025-01-11;2025-01-12;2025-01-13,2025-01-13,1,9726.84012428314,54405.770966594944,-0.44746228891382567,0.7992968171747634,1.0,10
2025-01-14,2025-01-15,2025-01-13,2025-01-01;2025-01-08,2025-01-07;2025-01-08;2025-01-09;2025-01-10;2025-01-11;2025-01-12;2025-01-13,2025-01-13,1,10009.430584957972,54279.32239223617,-0.4211205160046231,0.7992968171747634,1.0,10
2025-01-14,2025-01-15,2025-01-13,2025-01-01;2025-01-08,2025-01-07;2025-01-08;2025-01-09;2025-01-10;2025-01-11;2025-01-12;2025-01-13,2025-01-13,1,10329.247610734023,54144.6408813143,-0.4211205160046231,0.7992968171747634,1.0,10
2025-01-14,2025-01-15,2025-01-13,2025-01-01;2025-01-08,2025-01-07;2025-01-08;2025-01-09;2025-01-10;2025-01-11;2025-01-12;2025-01-13,2025-01-13,1,10800.0,53946.5028079187,-0.4030006650118583,0.7992968171747634,1.0,10
2025-01-15,2025-01-16,2025-01-14,2025-01-02;2025-01-09,2025-01-08;2025-01-09;2025-01-10;2025-01-11;2025-01-12;2025-01-13;2025-01-14,2025-01-14,1,1200.0,58201.392722712786,-0.4544192997661961,0.7992968171747634,1.0,10
2025-01-15,2025-01-16,2025-01-14,2025-01-02;2025-01-09,2025-01-08;2025-01-09;2025-01-10;2025-01-11;2025-01-12;2025-01-13;2025-01-14,2025-01-14,1,2850.3853265227904,57452.13411162323,-0.4534706164681456,0.7992968171747634,1.0,10
2025-01-15,2025-01-16,2025-01-14,2025-01-02;2025-01-09,2025-01-08;2025-01-09;2025-01-10;2025-01-11;2025-01-12;2025-01-13;2025-01-14,2025-01-14,1,3709.580558841014,57062.62109079072,-0.4525219331700951,0.7992968171747634,1.0,10
2025-01-15,2025-01-16,2025-01-14,2025-01-02;2025-01-09,2025-01-08;2025-01-09;2025-01-10;2025-01-11;2025-01-12;2025-01-13;2025-01-14,2025-01-14,1,5876.908642692508,56083.42577829059,-0.45104620359534986,0.7992968171747634,1.0,10
2025-01-15,2025-01-16,2025-01-14,2025-01-02;2025-01-09,2025-01-08;2025-01-09;2025-01-10;2025-01-11;2025-01-12;2025-01-13;2025-01-14,2025-01-14,1,7916.746839258588,55164.908621427734,-0.4499921110419604,0.7992968171747634,1.0,10
2025-01-15,2025-01-16,2025-01-14,2025-01-02;2025-01-09,2025-01-08;2025-01-09;2025-01-10;2025-01-11;2025-01-12;2025-01-13;2025-01-14,2025-01-14,1,8527.11293175291,54890.46744495779,-0.44777851667984253,0.7992968171747634,1.0,10
2025-01-15,2025-01-16,2025-01-14,2025-01-02;2025-01-09,2025-01-08;2025-01-09;2025-01-10;2025-01-11;2025-01-12;2025-01-13;2025-01-14,2025-01-14,1,9684.420235648755,54372.397319779855,-0.44746228891382567,0.7992968171747634,1.0,10
2025-01-15,2025-01-16,2025-01-14,2025-01-02;2025-01-09,2025-01-08;2025-01-09;2025-01-10;2025-01-11;2025-01-12;2025-01-13;2025-01-14,2025-01-14,1,10009.430584957972,54226.96744495728,-0.4211205160046231,0.7992968171747634,1.0,10
2025-01-15,2025-01-16,2025-01-14,2025-01-02;2025-01-09,2025-01-08;2025-01-09;2025-01-10;2025-01-11;2025-01-12;2025-01-13;2025-01-14,2025-01-14,1,10308.137696892518,54101.17575184515,-0.4211205160046231,0.7992968171747634,1.0,10
2025-01-15,2025-01-16,2025-01-14,2025-01-02;2025-01-09,2025-01-08;2025-01-09;2025-01-10;2025-01-11;2025-01-12;2025-01-13;2025-01-14,2025-01-14,1,10800.0,53894.106536430634,-0.40499289993776433,0.7992968171747634,1.0,10
2025-01-16,2025-01-17,2025-01-15,2025-01-03;2025-01-10,2025-01-09;2025-01-10;2025-01-11;2025-01-12;2025-01-13;2025-01-14;2025-01-15,2025-01-15,1,1200.0,23726.452082937936,-0.4544192997661961,0.7992968171711254,1.0,10
2025-01-16,2025-01-17,2025-01-15,2025-01-03;2025-01-10,2025-01-09;2025-01-10;2025-01-11;2025-01-12;2025-01-13;2025-01-14;2025-01-15,2025-01-15,1,2850.385326520873,22977.19347184925,-0.4534706164681456,0.7992968171711254,1.0,10
2025-01-16,2025-01-17,2025-01-15,2025-01-03;2025-01-10,2025-01-09;2025-01-10;2025-01-11;2025-01-12;2025-01-13;2025-01-14;2025-01-15,2025-01-15,1,3709.5805588420926,22587.68045101539,-0.4525219331700951,0.7992968171711254,1.0,10
2025-01-16,2025-01-17,2025-01-15,2025-01-03;2025-01-10,2025-01-09;2025-01-10;2025-01-11;2025-01-12;2025-01-13;2025-01-14;2025-01-15,2025-01-15,1,5876.908642693031,21608.485138515505,-0.45104620359534986,0.7992968171711254,1.0,10
2025-01-16,2025-01-17,2025-01-15,2025-01-03;2025-01-10,2025-01-09;2025-01-10;2025-01-11;2025-01-12;2025-01-13;2025-01-14;2025-01-15,2025-01-15,1,7916.746839258588,20689.967981652884,-0.4499921110419604,0.7992968171711254,1.0,10
2025-01-16,2025-01-17,2025-01-15,2025-01-03;2025-01-10,2025-01-09;2025-01-10;2025-01-11;2025-01-12;2025-01-13;2025-01-14;2025-01-15,2025-01-15,1,8527.112931755786,20415.52680518164,-0.44777851667984253,0.7992968171711254,1.0,10
2025-01-16,2025-01-17,2025-01-15,2025-01-03;2025-01-10,2025-01-09;2025-01-10;2025-01-11;2025-01-12;2025-01-13;2025-01-14;2025-01-15,2025-01-15,1,9672.155137175425,19902.944849041633,-0.44746228891382567,0.7992968171711254,1.0,10
2025-01-16,2025-01-17,2025-01-15,2025-01-03;2025-01-10,2025-01-09;2025-01-10;2025-01-11;2025-01-12;2025-01-13;2025-01-14;2025-01-15,2025-01-15,1,10009.430584957834,19752.026805182482,-0.4211205160046231,0.7992968171711254,1.0,10
2025-01-16,2025-01-17,2025-01-15,2025-01-03;2025-01-10,2025-01-09;2025-01-10;2025-01-11;2025-01-12;2025-01-13;2025-01-14;2025-01-15,2025-01-15,1,10298.057857404905,19630.479939276564,-0.4211205160046231,0.7992968171711254,1.0,10
2025-01-16,2025-01-17,2025-01-15,2025-01-03;2025-01-10,2025-01-09;2025-01-10;2025-01-11;2025-01-12;2025-01-13;2025-01-14;2025-01-15,2025-01-15,1,10800.0,19419.45112604162,-0.4052775049271795,0.7992968171711254,1.0,10
2025-01-17,2025-01-18,2025-01-16,2025-01-04;2025-01-11,2025-01-10;2025-01-11;2025-01-12;2025-01-13;2025-01-14;2025-01-15;2025-01-16,2025-01-16,1,1200.0,24180.552273922483,-0.4544192997661961,0.7992968171711254,1.0,10
2025-01-17,2025-01-18,2025-01-16,2025-01-04;2025-01-11,2025-01-10;2025-01-11;2025-01-12;2025-01-13;2025-01-14;2025-01-15;2025-01-16,2025-01-16,1,2850.385326520873,23431.293662833796,-0.4534706164681456,0.7992968171711254,1.0,10
2025-01-17,2025-01-18,2025-01-16,2025-01-04;2025-01-11,2025-01-10;2025-01-11;2025-01-12;2025-01-13;2025-01-14;2025-01-15;2025-01-16,2025-01-16,1,3709.580558841014,23041.780642000424,-0.4525219331700951,0.7992968171711254,1.0,10
2025-01-17,2025-01-18,2025-01-16,2025-01-04;2025-01-11,2025-01-10;2025-01-11;2025-01-12;2025-01-13;2025-01-14;2025-01-15;2025-01-16,2025-01-16,1,5876.908642692508,22062.58532950029,-0.45104620359534986,0.7992968171711254,1.0,10
2025-01-17,2025-01-18,2025-01-16,2025-01-04;2025-01-11,2025-01-10;2025-01-11;2025-01-12;2025-01-13;2025-01-14;2025-01-15;2025-01-16,2025-01-16,1,7916.746839258588,21144.068172637435,-0.4499921110419604,0.7992968171711254,1.0,10
2025-01-17,2025-01-18,2025-01-16,2025-01-04;2025-01-11,2025-01-10;2025-01-11;2025-01-12;2025-01-13;2025-01-14;2025-01-15;2025-01-16,2025-01-16,1,8527.112931755786,20869.626996166193,-0.44777851667984253,0.7992968171711254,1.0,10
2025-01-17,2025-01-18,2025-01-16,2025-01-04;2025-01-11,2025-01-10;2025-01-11;2025-01-12;2025-01-13;2025-01-14;2025-01-15;2025-01-16,2025-01-16,1,9680.26258232356,20353.41726406296,-0.44746228891382567,0.7992968171711254,1.0,10
2025-01-17,2025-01-18,2025-01-16,2025-01-04;2025-01-11,2025-01-10;2025-01-11;2025-01-12;2025-01-13;2025-01-14;2025-01-15;2025-01-16,2025-01-16,1,10009.430584957698,20206.12699616709,-0.4211205160046231,0.7992968171711254,1.0,10
2025-01-17,2025-01-18,2025-01-16,2025-01-04;2025-01-11,2025-01-10;2025-01-11;2025-01-12;2025-01-13;2025-01-14;2025-01-15;2025-01-16,2025-01-16,1,10303.29896856245,20082.372990826014,-0.4211205160046231,0.7992968171711254,1.0,10
2025-01-17,2025-01-18,2025-01-16,2025-01-04;2025-01-11,2025-01-10;2025-01-11;2025-01-12;2025-01-13;2025-01-14;2025-01-15;2025-01-16,2025-01-16,1,10800.0,19873.47158547593,-0.40499289993776433,0.7992968171711254,1.0,10
2025-01-18,2025-01-19,2025-01-17,2025-01-05;2025-01-12,2025-01-11;2025-01-12;2025-01-13;2025-01-14;2025-01-15;2025-01-16;2025-01-17,2025-01-17,1,1200.0,70440.78594866117,-0.4544192997661961,0.7992968171602115,1.0,10
2025-01-18,2025-01-19,2025-01-17,2025-01-05;2025-01-12,2025-01-11;2025-01-12;2025-01-13;2025-01-14;2025-01-15;2025-01-16;2025-01-17,2025-01-17,1,2850.3853265266252,69691.52733756986,-0.4534706164681456,0.7992968171602115,1.0,10
2025-01-18,2025-01-19,2025-01-17,2025-01-05;2025-01-12,2025-01-11;2025-01-12;2025-01-13;2025-01-14;2025-01-15;2025-01-16;2025-01-17,2025-01-17,1,3709.580558847485,69302.01431673617,-0.4525219331700951,0.7992968171602115,1.0,10
2025-01-18,2025-01-19,2025-01-17,2025-01-05;2025-01-12,2025-01-11;2025-01-12;2025-01-13;2025-01-14;2025-01-15;2025-01-16;2025-01-17,2025-01-17,1,5876.908642692508,68322.81900423896,-0.45104620359534986,0.7992968171602115,1.0,10
2025-01-18,2025-01-19,2025-01-17,2025-01-05;2025-01-12,2025-01-11;2025-01-12;2025-01-13;2025-01-14;2025-01-15;2025-01-16;2025-01-17,2025-01-17,1,7916.746839252497,67404.30184737887,-0.4499921110419604,0.7992968171602115,1.0,10
2025-01-18,2025-01-19,2025-01-17,2025-01-05;2025-01-12,2025-01-11;2025-01-12;2025-01-13;2025-01-14;2025-01-15;2025-01-16;2025-01-17,2025-01-17,1,8527.112931758662,67129.86067090358,-0.44777851667984253,0.7992968171602115,1.0,10
2025-01-18,2025-01-19,2025-01-17,2025-01-05;2025-01-12,2025-01-11;2025-01-12;2025-01-13;2025-01-14;2025-01-15;2025-01-16;2025-01-17,2025-01-17,1,9728.890269780026,66591.89188246778,-0.44746228891382567,0.7992968171602115,1.0,10
2025-01-18,2025-01-19,2025-01-17,2025-01-05;2025-01-12,2025-01-11;2025-01-12;2025-01-13;2025-01-14;2025-01-15;2025-01-16;2025-01-17,2025-01-17,1,10009.430584958249,66466.36067090553,-0.4211205160046231,0.7992968171602115,1.0,10
2025-01-18,2025-01-19,2025-01-17,2025-01-05;2025-01-12,2025-01-11;2025-01-12;2025-01-13;2025-01-14;2025-01-15;2025-01-16;2025-01-17,2025-01-17,1,10331.618547133692,66330.68071002373,-0.4211205160046231,0.7992968171602115,1.0,10
2025-01-18,2025-01-19,2025-01-17,2025-01-05;2025-01-12,2025-01-11;2025-01-12;2025-01-13;2025-01-14;2025-01-15;2025-01-16;2025-01-17,2025-01-17,1,10800.0,66133.43567090569,-0.4030006650118583,0.7992968171602115,1.0,10
2025-01-19,2025-01-20,2025-01-18,2025-01-06;2025-01-13,2025-01-12;2025-01-13;2025-01-14;2025-01-15;2025-01-16;2025-01-17;2025-01-18,2025-01-18,1,1200.0,70105.59401080145,-0.4544192997661961,0.7992968171747634,1.0,10
2025-01-19,2025-01-20,2025-01-18,2025-01-06;2025-01-13,2025-01-12;2025-01-13;2025-01-14;2025-01-15;2025-01-16;2025-01-17;2025-01-18,2025-01-18,1,2850.3853265266252,69356.33539971017,-0.4534706164681456,0.7992968171747634,1.0,10
2025-01-19,2025-01-20,2025-01-18,2025-01-06;2025-01-13,2025-01-12;2025-01-13;2025-01-14;2025-01-15;2025-01-16;2025-01-17;2025-01-18,2025-01-18,1,3709.580558838857,68966.82237888036,-0.4525219331700951,0.7992968171747634,1.0,10
2025-01-19,2025-01-20,2025-01-18,2025-01-06;2025-01-13,2025-01-12;2025-01-13;2025-01-14;2025-01-15;2025-01-16;2025-01-17;2025-01-18,2025-01-18,1,5876.908642690416,67987.6270663802,-0.45104620359534986,0.7992968171747634,1.0,10
2025-01-19,2025-01-20,2025-01-18,2025-01-06;2025-01-13,2025-01-12;2025-01-13;2025-01-14;2025-01-15;2025-01-16;2025-01-17;2025-01-18,2025-01-18,1,7916.746839256558,67069.10990951731,-0.4499921110419604,0.7992968171747634,1.0,10
2025-01-19,2025-01-20,2025-01-18,2025-01-06;2025-01-13,2025-01-12;2025-01-13;2025-01-14;2025-01-15;2025-01-16;2025-01-17;2025-01-18,2025-01-18,1,8527.112931747157,66794.66873304902,-0.44777851667984253,0.7992968171747634,1.0,10
2025-01-19,2025-01-20,2025-01-18,2025-01-06;2025-01-13,2025-01-12;2025-01-13;2025-01-14;2025-01-15;2025-01-16;2025-01-17;2025-01-18,2025-01-18,1,9685.71694092286,66276.01838115853,-0.44746228891382567,0.7992968171747634,1.0,10
2025-01-19,2025-01-20,2025-01-18,2025-01-06;2025-01-13,2025-01-12;2025-01-13;2025-01-14;2025-01-15;2025-01-16;2025-01-17;2025-01-18,2025-01-18,1,10009.430584958249,66131.16873304582,-0.4211205160046231,0.7992968171747634,1.0,10
2025-01-19,2025-01-20,2025-01-18,2025-01-06;2025-01-13,2025-01-12;2025-01-13;2025-01-14;2025-01-15;2025-01-16;2025-01-17;2025-01-18,2025-01-18,1,10309.646818518644,66004.7415178559,-0.4211205160046231,0.7992968171747634,1.0,10
2025-01-19,2025-01-20,2025-01-18,2025-01-06;2025-01-13,2025-01-12;2025-01-13;2025-01-14;2025-01-15;2025-01-16;2025-01-17;2025-01-18,2025-01-18,1,10800.0,65798.24373304597,-0.40499289993776433,0.7992968171747634,1.0,10
2025-01-20,2025-01-21,2025-01-19,2025-01-07;2025-01-14,2025-01-13;2025-01-14;2025-01-15;2025-01-16;2025-01-17;2025-01-18;2025-01-19,2025-01-19,1,1200.0,69970.9609696581,-0.4544192997661961,0.7992968171747634,1.0,10
2025-01-20,2025-01-21,2025-01-19,2025-01-07;2025-01-14,2025-01-13;2025-01-14;2025-01-15;2025-01-16;2025-01-17;2025-01-18;2025-01-19,2025-01-19,1,2850.3853265266252,69221.7023585668,-0.4534706164681456,0.7992968171747634,1.0,10
2025-01-20,2025-01-21,2025-01-19,2025-01-07;2025-01-14,2025-01-13;2025-01-14;2025-01-15;2025-01-16;2025-01-17;2025-01-18;2025-01-19,2025-01-19,1,3709.580558838857,68832.18933773701,-0.4525219331700951,0.7992968171747634,1.0,10
2025-01-20,2025-01-21,2025-01-19,2025-01-07;2025-01-14,2025-01-13;2025-01-14;2025-01-15;2025-01-16;2025-01-17;2025-01-18;2025-01-19,2025-01-19,1,5876.908642690416,67852.99402523685,-0.45104620359534986,0.7992968171747634,1.0,10
2025-01-20,2025-01-21,2025-01-19,2025-01-07;2025-01-14,2025-01-13;2025-01-14;2025-01-15;2025-01-16;2025-01-17;2025-01-18;2025-01-19,2025-01-19,1,7916.746839256558,66934.47686837397,-0.4499921110419604,0.7992968171747634,1.0,10
2025-01-20,2025-01-21,2025-01-19,2025-01-07;2025-01-14,2025-01-13;2025-01-14;2025-01-15;2025-01-16;2025-01-17;2025-01-18;2025-01-19,2025-01-19,1,8527.112931747157,66660.03569190568,-0.44777851667984253,0.7992968171747634,1.0,10
2025-01-20,2025-01-21,2025-01-19,2025-01-07;2025-01-14,2025-01-13;2025-01-14;2025-01-15;2025-01-16;2025-01-17;2025-01-18;2025-01-19,2025-01-19,1,9728.890269780026,66122.06690346473,-0.44746228891382567,0.7992968171747634,1.0,10
2025-01-20,2025-01-21,2025-01-19,2025-01-07;2025-01-14,2025-01-13;2025-01-14;2025-01-15;2025-01-16;2025-01-17;2025-01-18;2025-01-19,2025-01-19,1,10009.430584958249,65996.53569190248,-0.4211205160046231,0.7992968171747634,1.0,10
2025-01-20,2025-01-21,2025-01-19,2025-01-07;2025-01-14,2025-01-13;2025-01-14;2025-01-15;2025-01-16;2025-01-17;2025-01-18;2025-01-19,2025-01-19,1,10331.618547134018,65860.85573102054,-0.4211205160046231,0.7992968171747634,1.0,10
2025-01-20,2025-01-21,2025-01-19,2025-01-07;2025-01-14,2025-01-13;2025-01-14;2025-01-15;2025-01-16;2025-01-17;2025-01-18;2025-01-19,2025-01-19,1,10800.0,65663.61069190262,-0.4030006650118583,0.7992968171747634,1.0,10
2025-01-21,2025-01-22,2025-01-20,2025-01-01;2025-01-08;2025-01-15,2025-01-14;2025-01-15;2025-01-16;2025-01-17;2025-01-18;2025-01-19;2025-01-20,2025-01-20,1,1200.0,70102.87407060307,-0.4544192997661961,0.7992968171602115,1.0,10
2025-01-21,2025-01-22,2025-01-20,2025-01-01;2025-01-08;2025-01-15,2025-01-14;2025-01-15;2025-01-16;2025-01-17;2025-01-18;2025-01-19;2025-01-20,2025-01-20,1,2850.385326518956,69353.61545951525,-0.4534706164681456,0.7992968171602115,1.0,10
2025-01-21,2025-01-22,2025-01-20,2025-01-01;2025-01-08;2025-01-15,2025-01-14;2025-01-15;2025-01-16;2025-01-17;2025-01-18;2025-01-19;2025-01-20,2025-01-20,1,3709.580558843171,68964.10243868003,-0.4525219331700951,0.7992968171602115,1.0,10
2025-01-21,2025-01-22,2025-01-20,2025-01-01;2025-01-08;2025-01-15,2025-01-14;2025-01-15;2025-01-16;2025-01-17;2025-01-18;2025-01-19;2025-01-20,2025-01-20,1,5876.908642692508,67984.90712618087,-0.45104620359534986,0.7992968171602115,1.0,10
2025-01-21,2025-01-22,2025-01-20,2025-01-01;2025-01-08;2025-01-15,2025-01-14;2025-01-15;2025-01-16;2025-01-17;2025-01-18;2025-01-19;2025-01-20,2025-01-20,1,7916.746839256558,67066.38996931893,-0.4499921110419604,0.7992968171602115,1.0,10
2025-01-21,2025-01-22,2025-01-20,2025-01-01;2025-01-08;2025-01-15,2025-01-14;2025-01-15;2025-01-16;2025-01-17;2025-01-18;2025-01-19;2025-01-20,2025-01-20,1,8527.11293175291,66791.94879284807,-0.44777851667984253,0.7992968171602115,1.0,10
2025-01-21,2025-01-22,2025-01-20,2025-01-01;2025-01-08;2025-01-15,2025-01-14;2025-01-15;2025-01-16;2025-01-17;2025-01-18;2025-01-19;2025-01-20,2025-01-20,1,9728.890269780026,66253.98000440968,-0.44746228891382567,0.7992968171602115,1.0,10
2025-01-21,2025-01-22,2025-01-20,2025-01-01;2025-01-08;2025-01-15,2025-01-14;2025-01-15;2025-01-16;2025-01-17;2025-01-18;2025-01-19;2025-01-20,2025-01-20,1,10009.430584958249,66128.44879284744,-0.4211205160046231,0.7992968171602115,1.0,10
2025-01-21,2025-01-22,2025-01-20,2025-01-01;2025-01-08;2025-01-15,2025-01-14;2025-01-15;2025-01-16;2025-01-17;2025-01-18;2025-01-19;2025-01-20,2025-01-20,1,10331.618547133692,65992.76883196563,-0.4211205160046231,0.7992968171602115,1.0,10
2025-01-21,2025-01-22,2025-01-20,2025-01-01;2025-01-08;2025-01-15,2025-01-14;2025-01-15;2025-01-16;2025-01-17;2025-01-18;2025-01-19;2025-01-20,2025-01-20,1,10800.0,65795.52379284758,-0.4030006650118583,0.7992968171602115,1.0,10
2025-01-22,2025-01-23,2025-01-21,2025-01-02;2025-01-09;2025-01-16,2025-01-15;2025-01-16;2025-01-17;2025-01-18;2025-01-19;2025-01-20;2025-01-21,2025-01-21,1,1200.0,69790.68388342194,-0.4544192997661961,0.7992968171602115,1.0,10
2025-01-22,2025-01-23,2025-01-21,2025-01-02;2025-01-09;2025-01-16,2025-01-15;2025-01-16;2025-01-17;2025-01-18;2025-01-19;2025-01-20;2025-01-21,2025-01-21,1,2850.385326518956,69041.42527233412,-0.4534706164681456,0.7992968171602115,1.0,10
2025-01-22,2025-01-23,2025-01-21,2025-01-02;2025-01-09;2025-01-16,2025-01-15;2025-01-16;2025-01-17;2025-01-18;2025-01-19;2025-01-20;2025-01-21,2025-01-21,1,3709.580558843171,68651.9122514989,-0.4525219331700951,0.7992968171602115,1.0,10
2025-01-22,2025-01-23,2025-01-21,2025-01-02;2025-01-09;2025-01-16,2025-01-15;2025-01-16;2025-01-17;2025-01-18;2025-01-19;2025-01-20;2025-01-21,2025-01-21,1,5876.908642692508,67672.71693899974,-0.45104620359534986,0.7992968171602115,1.0,10
2025-01-22,2025-01-23,2025-01-21,2025-01-02;2025-01-09;2025-01-16,2025-01-15;2025-01-16;2025-01-17;2025-01-18;2025-01-19;2025-01-20;2025-01-21,2025-01-21,1,7916.746839256558,66754.1997821378,-0.4499921110419604,0.7992968171602115,1.0,10
2025-01-22,2025-01-23,2025-01-21,2025-01-02;2025-01-09;2025-01-16,2025-01-15;2025-01-16;2025-01-17;2025-01-18;2025-01-19;2025-01-20;2025-01-21,2025-01-21,1,8527.11293175291,66479.75860566692,-0.44777851667984253,0.7992968171602115,1.0,10
2025-01-22,2025-01-23,2025-01-21,2025-01-02;2025-01-09;2025-01-16,2025-01-15;2025-01-16;2025-01-17;2025-01-18;2025-01-19;2025-01-20;2025-01-21,2025-01-21,1,9728.890269780026,65941.78981722855,-0.44746228891382567,0.7992968171602115,1.0,10
2025-01-22,2025-01-23,2025-01-21,2025-01-02;2025-01-09;2025-01-16,2025-01-15;2025-01-16;2025-01-17;2025-01-18;2025-01-19;2025-01-20;2025-01-21,2025-01-21,1,10009.430584958249,65816.25860566631,-0.4211205160046231,0.7992968171602115,1.0,10
2025-01-22,2025-01-23,2025-01-21,2025-01-02;2025-01-09;2025-01-16,2025-01-15;2025-01-16;2025-01-17;2025-01-18;2025-01-19;2025-01-20;2025-01-21,2025-01-21,1,10331.618547133692,65680.5786447845,-0.4211205160046231,0.7992968171602115,1.0,10
2025-01-22,2025-01-23,2025-01-21,2025-01-02;2025-01-09;2025-01-16,2025-01-15;2025-01-16;2025-01-17;2025-01-18;2025-01-19;2025-01-20;2025-01-21,2025-01-21,1,10800.0,65483.33360566645,-0.4030006650118583,0.7992968171602115,1.0,10
2025-01-23,2025-01-24,2025-01-22,2025-01-03;2025-01-10;2025-01-17,2025-01-16;2025-01-17;2025-01-18;2025-01-19;2025-01-20;2025-01-21;2025-01-22,2025-01-22,1,1200.0,33463.94853889255,-0.4544192997661961,0.7992968171638495,1.0,10
2025-01-23,2025-01-24,2025-01-22,2025-01-03;2025-01-10;2025-01-17,2025-01-16;2025-01-17;2025-01-18;2025-01-19;2025-01-20;2025-01-21;2025-01-22,2025-01-22,1,2850.3853265227904,32714.689927802996,-0.4534706164681456,0.7992968171638495,1.0,10
2025-01-23,2025-01-24,2025-01-22,2025-01-03;2025-01-10;2025-01-17,2025-01-16;2025-01-17;2025-01-18;2025-01-19;2025-01-20;2025-01-21;2025-01-22,2025-01-22,1,3709.580558841014,32325.176906970493,-0.4525219331700951,0.7992968171638495,1.0,10
2025-01-23,2025-01-24,2025-01-22,2025-01-03;2025-01-10;2025-01-17,2025-01-16;2025-01-17;2025-01-18;2025-01-19;2025-01-20;2025-01-21;2025-01-22,2025-01-22,1,5876.908642692508,31345.98159447036,-0.45104620359534986,0.7992968171638495,1.0,10
2025-01-23,2025-01-24,2025-01-22,2025-01-03;2025-01-10;2025-01-17,2025-01-16;2025-01-17;2025-01-18;2025-01-19;2025-01-20;2025-01-21;2025-01-22,2025-01-22,1,7916.746839258588,30427.4644376075,-0.4499921110419604,0.7992968171638495,1.0,10
2025-01-23,2025-01-24,2025-01-22,2025-01-03;2025-01-10;2025-01-17,2025-01-16;2025-01-17;2025-01-18;2025-01-19;2025-01-20;2025-01-21;2025-01-22,2025-01-22,1,8527.11293175291,30153.023261137547,-0.44777851667984253,0.7992968171638495,1.0,10
2025-01-23,2025-01-24,2025-01-22,2025-01-03;2025-01-10;2025-01-17,2025-01-16;2025-01-17;2025-01-18;2025-01-19;2025-01-20;2025-01-21;2025-01-22,2025-01-22,1,9724.635933403824,29616.958127791877,-0.44746228891382567,0.7992968171638495,1.0,10
2025-01-23,2025-01-24,2025-01-22,2025-01-03;2025-01-10;2025-01-17,2025-01-16;2025-01-17;2025-01-18;2025-01-19;2025-01-20;2025-01-21;2025-01-22,2025-01-22,1,10009.430584957972,29489.52326113704,-0.4211205160046231,0.7992968171638495,1.0,10
2025-01-23,2025-01-24,2025-01-22,2025-01-03;2025-01-10;2025-01-17,2025-01-16;2025-01-17;2025-01-18;2025-01-19;2025-01-20;2025-01-21;2025-01-22,2025-01-22,1,10326.698525122523,29355.91522246322,-0.4211205160046231,0.7992968171638495,1.0,10
2025-01-23,2025-01-24,2025-01-22,2025-01-03;2025-01-10;2025-01-17,2025-01-16;2025-01-17;2025-01-18;2025-01-19;2025-01-20;2025-01-21;2025-01-22,2025-01-22,1,10800.0,29156.81701330532,-0.4030006650118583,0.7992968171638495,1.0,10
2025-01-24,2025-01-25,2025-01-23,2025-01-04;2025-01-11;2025-01-18,2025-01-17;2025-01-18;2025-01-19;2025-01-20;2025-01-21;2025-01-22;2025-01-23,2025-01-23,1,1200.0,22810.44765861755,-0.4544192997661961,0.7992968171711254,1.0,10
2025-01-24,2025-01-25,2025-01-23,2025-01-04;2025-01-11;2025-01-18,2025-01-17;2025-01-18;2025-01-19;2025-01-20;2025-01-21;2025-01-22;2025-01-23,2025-01-23,1,2850.385326520873,22061.189047528864,-0.4534706164681456,0.7992968171711254,1.0,10
2025-01-24,2025-01-25,2025-01-23,2025-01-04;2025-01-11;2025-01-18,2025-01-17;2025-01-18;2025-01-19;2025-01-20;2025-01-21;2025-01-22;2025-01-23,2025-01-23,1,3709.580558841014,21671.67602669549,-0.4525219331700951,0.7992968171711254,1.0,10
2025-01-24,2025-01-25,2025-01-23,2025-01-04;2025-01-11;2025-01-18,2025-01-17;2025-01-18;2025-01-19;2025-01-20;2025-01-21;2025-01-22;2025-01-23,2025-01-23,1,5876.908642691462,20692.48071419583,-0.45104620359534986,0.7992968171711254,1.0,10
2025-01-24,2025-01-25,2025-01-23,2025-01-04;2025-01-11;2025-01-18,2025-01-17;2025-01-18;2025-01-19;2025-01-20;2025-01-21;2025-01-22;2025-01-23,2025-01-23,1,7916.746839256558,19773.963557333416,-0.4499921110419604,0.7992968171711254,1.0,10
2025-01-24,2025-01-25,2025-01-23,2025-01-04;2025-01-11;2025-01-18,2025-01-17;2025-01-18;2025-01-19;2025-01-20;2025-01-21;2025-01-22;2025-01-23,2025-01-23,1,8527.112931751471,19499.522380863193,-0.44777851667984253,0.7992968171711254,1.0,10
2025-01-24,2025-01-25,2025-01-23,2025-01-04;2025-01-11;2025-01-18,2025-01-17;2025-01-18;2025-01-19;2025-01-20;2025-01-21;2025-01-22;2025-01-23,2025-01-23,1,9722.381851172424,18964.46586431154,-0.44746228891382567,0.7992968171711254,1.0,10
2025-01-24,2025-01-25,2025-01-23,2025-01-04;2025-01-11;2025-01-18,2025-01-17;2025-01-18;2025-01-19;2025-01-20;2025-01-21;2025-01-22;2025-01-23,2025-01-23,1,10009.430584957972,18836.022380862043,-0.4211205160046231,0.7992968171711254,1.0,10
2025-01-24,2025-01-25,2025-01-23,2025-01-04;2025-01-11;2025-01-18,2025-01-17;2025-01-18;2025-01-19;2025-01-20;2025-01-21;2025-01-22;2025-01-23,2025-01-23,1,10324.091741546401,18703.512112232915,-0.4211205160046231,0.7992968171711254,1.0,10
2025-01-24,2025-01-25,2025-01-23,2025-01-04;2025-01-11;2025-01-18,2025-01-17;2025-01-18;2025-01-19;2025-01-20;2025-01-21;2025-01-22;2025-01-23,2025-01-23,1,10800.0,18503.43203486128,-0.4030006650118583,0.7992968171711254,1.0,10
2025-01-25,2025-01-26,2025-01-24,2025-01-05;2025-01-12;2025-01-19,2025-01-18;2025-01-19;2025-01-20;2025-01-21;2025-01-22;2025-01-23;2025-01-24,2025-01-24,1,1200.0,56421.06588252329,-0.4544192997661961,0.7992968171674875,1.0,10
2025-01-25,2025-01-26,2025-01-24,2025-01-05;2025-01-12;2025-01-19,2025-01-18;2025-01-19;2025-01-20;2025-01-21;2025-01-22;2025-01-23;2025-01-24,2025-01-24,1,2850.385326518956,55671.80727143547,-0.4534706164681456,0.7992968171674875,1.0,10
2025-01-25,2025-01-26,2025-01-24,2025-01-05;2025-01-12;2025-01-19,2025-01-18;2025-01-19;2025-01-20;2025-01-21;2025-01-22;2025-01-23;2025-01-24,2025-01-24,1,3709.580558841014,55282.29425060123,-0.4525219331700951,0.7992968171674875,1.0,10
2025-01-25,2025-01-26,2025-01-24,2025-01-05;2025-01-12;2025-01-19,2025-01-18;2025-01-19;2025-01-20;2025-01-21;2025-01-22;2025-01-23;2025-01-24,2025-01-24,1,5876.908642691462,54303.09893810157,-0.45104620359534986,0.7992968171674875,1.0,10
2025-01-25,2025-01-26,2025-01-24,2025-01-05;2025-01-12;2025-01-19,2025-01-18;2025-01-19;2025-01-20;2025-01-21;2025-01-22;2025-01-23;2025-01-24,2025-01-24,1,7916.746839256558,53384.581781239154,-0.4499921110419604,0.7992968171674875,1.0,10
2025-01-25,2025-01-26,2025-01-24,2025-01-05;2025-01-12;2025-01-19,2025-01-18;2025-01-19;2025-01-20;2025-01-21;2025-01-22;2025-01-23;2025-01-24,2025-01-24,1,8527.11293175291,53110.14060476829,-0.44777851667984253,0.7992968171674875,1.0,10
2025-01-25,2025-01-26,2025-01-24,2025-01-05;2025-01-12;2025-01-19,2025-01-18;2025-01-19;2025-01-20;2025-01-21;2025-01-22;2025-01-23;2025-01-24,2025-01-24,1,9683.891664629344,52592.30699518856,-0.44746228891382567,0.7992968171674875,1.0,10
2025-01-25,2025-01-26,2025-01-24,2025-01-05;2025-01-12;2025-01-19,2025-01-18;2025-01-19;2025-01-20;2025-01-21;2025-01-22;2025-01-23;2025-01-24,2025-01-24,1,10009.430584957972,52446.64060476778,-0.4211205160046231,0.7992968171674875,1.0,10
2025-01-25,2025-01-26,2025-01-24,2025-01-05;2025-01-12;2025-01-19,2025-01-18;2025-01-19;2025-01-20;2025-01-21;2025-01-22;2025-01-23;2025-01-24,2025-01-24,1,10307.522539406957,52321.1079670934,-0.4211205160046231,0.7992968171674875,1.0,10
2025-01-25,2025-01-26,2025-01-24,2025-01-05;2025-01-12;2025-01-19,2025-01-18;2025-01-19;2025-01-20;2025-01-21;2025-01-22;2025-01-23;2025-01-24,2025-01-24,1,10800.0,52113.80582160368,-0.40499289993776433,0.7992968171674875,1.0,10
2025-01-26,2025-01-27,2025-01-25,2025-01-06;2025-01-13;2025-01-20,2025-01-19;2025-01-20;2025-01-21;2025-01-22;2025-01-23;2025-01-24;2025-01-25,2025-01-25,1,1200.0,55974.52112686845,-0.4544192997661961,0.7992968171747634,1.0,10
2025-01-26,2025-01-27,2025-01-25,2025-01-06;2025-01-13;2025-01-20,2025-01-19;2025-01-20;2025-01-21;2025-01-22;2025-01-23;2025-01-24;2025-01-25,2025-01-25,1,2850.3853265227904,55225.26251577889,-0.4534706164681456,0.7992968171747634,1.0,10
2025-01-26,2025-01-27,2025-01-25,2025-01-06;2025-01-13;2025-01-20,2025-01-19;2025-01-20;2025-01-21;2025-01-22;2025-01-23;2025-01-24;2025-01-25,2025-01-25,1,3709.580558841014,54835.74949494639,-0.4525219331700951,0.7992968171747634,1.0,10
2025-01-26,2025-01-27,2025-01-25,2025-01-06;2025-01-13;2025-01-20,2025-01-19;2025-01-20;2025-01-21;2025-01-22;2025-01-23;2025-01-24;2025-01-25,2025-01-25,1,5876.908642693554,53856.55418244578,-0.45104620359534986,0.7992968171747634,1.0,10
2025-01-26,2025-01-27,2025-01-25,2025-01-06;2025-01-13;2025-01-20,2025-01-19;2025-01-20;2025-01-21;2025-01-22;2025-01-23;2025-01-24;2025-01-25,2025-01-25,1,7916.746839260618,52938.03702558249,-0.4499921110419604,0.7992968171747634,1.0,10
2025-01-26,2025-01-27,2025-01-25,2025-01-06;2025-01-13;2025-01-20,2025-01-19;2025-01-20;2025-01-21;2025-01-22;2025-01-23;2025-01-24;2025-01-25,2025-01-25,1,8527.112931758662,52663.59584911087,-0.44777851667984253,0.7992968171747634,1.0,10
2025-01-26,2025-01-27,2025-01-25,2025-01-06;2025-01-13;2025-01-20,2025-01-19;2025-01-20;2025-01-21;2025-01-22;2025-01-23;2025-01-24;2025-01-25,2025-01-25,1,9684.90105337701,52145.31057613428,-0.44746228891382567,0.7992968171747634,1.0,10
2025-01-26,2025-01-27,2025-01-25,2025-01-06;2025-01-13;2025-01-20,2025-01-19;2025-01-20;2025-01-21;2025-01-22;2025-01-23;2025-01-24;2025-01-25,2025-01-25,1,10009.430584957698,52000.09584911305,-0.4211205160046231,0.7992968171747634,1.0,10
2025-01-26,2025-01-27,2025-01-25,2025-01-06;2025-01-13;2025-01-20,2025-01-19;2025-01-20;2025-01-21;2025-01-22;2025-01-23;2025-01-24;2025-01-25,2025-01-25,1,10308.697278507583,51874.06850470233,-0.4211205160046231,0.7992968171747634,1.0,10
2025-01-26,2025-01-27,2025-01-25,2025-01-06;2025-01-13;2025-01-20,2025-01-19;2025-01-20;2025-01-21;2025-01-22;2025-01-23;2025-01-24;2025-01-25,2025-01-25,1,10800.0,51667.21117549702,-0.40499289993776433,0.7992968171747634,1.0,10
2025-01-27,2025-01-28,2025-01-26,2025-01-07;2025-01-14;2025-01-21,2025-01-20;2025-01-21;2025-01-22;2025-01-23;2025-01-24;2025-01-25;2025-01-26,2025-01-26,1,1200.0,55602.49779497218,-0.4544192997661961,0.7992968171747634,1.0,10
2025-01-27,2025-01-28,2025-01-26,2025-01-07;2025-01-14;2025-01-21,2025-01-20;2025-01-21;2025-01-22;2025-01-23;2025-01-24;2025-01-25;2025-01-26,2025-01-26,1,2850.3853265227904,54853.23918388263,-0.4534706164681456,0.7992968171747634,1.0,10
2025-01-27,2025-01-28,2025-01-26,2025-01-07;2025-01-14;2025-01-21,2025-01-20;2025-01-21;2025-01-22;2025-01-23;2025-01-24;2025-01-25;2025-01-26,2025-01-26,1,3709.580558841014,54463.726163050116,-0.4525219331700951,0.7992968171747634,1.0,10
2025-01-27,2025-01-28,2025-01-26,2025-01-07;2025-01-14;2025-01-21,2025-01-20;2025-01-21;2025-01-22;2025-01-23;2025-01-24;2025-01-25;2025-01-26,2025-01-26,1,5876.908642692508,53484.530850549985,-0.45104620359534986,0.7992968171747634,1.0,10
2025-01-27,2025-01-28,2025-01-26,2025-01-07;2025-01-14;2025-01-21,2025-01-20;2025-01-21;2025-01-22;2025-01-23;2025-01-24;2025-01-25;2025-01-26,2025-01-26,1,7916.746839258588,52566.01369368713,-0.4499921110419604,0.7992968171747634,1.0,10
2025-01-27,2025-01-28,2025-01-26,2025-01-07;2025-01-14;2025-01-21,2025-01-20;2025-01-21;2025-01-22;2025-01-23;2025-01-24;2025-01-25;2025-01-26,2025-01-26,1,8527.11293175291,52291.57251721717,-0.44777851667984253,0.7992968171747634,1.0,10
2025-01-27,2025-01-28,2025-01-26,2025-01-07;2025-01-14;2025-01-21,2025-01-20;2025-01-21;2025-01-22;2025-01-23;2025-01-24;2025-01-25;2025-01-26,2025-01-26,1,9677.667056189674,51776.524185177455,-0.44746228891382567,0.7992968171747634,1.0,10
2025-01-27,2025-01-28,2025-01-26,2025-01-07;2025-01-14;2025-01-21,2025-01-20;2025-01-21;2025-01-22;2025-01-23;2025-01-24;2025-01-25;2025-01-26,2025-01-26,1,10009.430584957698,51628.07251721679,-0.4211205160046231,0.7992968171747634,1.0,10
2025-01-27,2025-01-28,2025-01-26,2025-01-07;2025-01-14;2025-01-21,2025-01-20;2025-01-21;2025-01-22;2025-01-23;2025-01-24;2025-01-25;2025-01-26,2025-01-26,1,10304.478788550527,51503.82166547354,-0.4211205160046231,0.7992968171747634,1.0,10
2025-01-27,2025-01-28,2025-01-26,2025-01-07;2025-01-14;2025-01-21,2025-01-20;2025-01-21;2025-01-22;2025-01-23;2025-01-24;2025-01-25;2025-01-26,2025-01-26,1,10800.0,51295.22597248249,-0.4052775049271795,0.7992968171747634,1.0,10
2025-01-28,2025-01-29,2025-01-27,2025-01-01;2025-01-08;2025-01-15;2025-01-22,2025-01-21;2025-01-22;2025-01-23;2025-01-24;2025-01-25;2025-01-26;2025-01-27,2025-01-27,1,1200.0,55571.89970068382,-0.4544192997661961,0.7992968171747634,1.0,10
2025-01-28,2025-01-29,2025-01-27,2025-01-01;2025-01-08;2025-01-15;2025-01-22,2025-01-21;2025-01-22;2025-01-23;2025-01-24;2025-01-25;2025-01-26;2025-01-27,2025-01-27,1,2850.3853265227904,54822.64108959425,-0.4534706164681456,0.7992968171747634,1.0,10
2025-01-28,2025-01-29,2025-01-27,2025-01-01;2025-01-08;2025-01-15;2025-01-22,2025-01-21;2025-01-22;2025-01-23;2025-01-24;2025-01-25;2025-01-26;2025-01-27,2025-01-27,1,3709.580558841014,54433.128068761755,-0.4525219331700951,0.7992968171747634,1.0,10
2025-01-28,2025-01-29,2025-01-27,2025-01-01;2025-01-08;2025-01-15;2025-01-22,2025-01-21;2025-01-22;2025-01-23;2025-01-24;2025-01-25;2025-01-26;2025-01-27,2025-01-27,1,5876.908642692508,53453.93275626162,-0.45104620359534986,0.7992968171747634,1.0,10
2025-01-28,2025-01-29,2025-01-27,2025-01-01;2025-01-08;2025-01-15;2025-01-22,2025-01-21;2025-01-22;2025-01-23;2025-01-24;2025-01-25;2025-01-26;2025-01-27,2025-01-27,1,7916.746839258588,52535.415599398766,-0.4499921110419604,0.7992968171747634,1.0,10
2025-01-28,2025-01-29,2025-01-27,2025-01-01;2025-01-08;2025-01-15;2025-01-22,2025-01-21;2025-01-22;2025-01-23;2025-01-24;2025-01-25;2025-01-26;2025-01-27,2025-01-27,1,8527.11293175291,52260.974422928804,-0.44777851667984253,0.7992968171747634,1.0,10
2025-01-28,2025-01-29,2025-01-27,2025-01-01;2025-01-08;2025-01-15;2025-01-22,2025-01-21;2025-01-22;2025-01-23;2025-01-24;2025-01-25;2025-01-26;2025-01-27,2025-01-27,1,9727.93122663328,51723.434770132044,-0.44746228891382567,0.7992968171747634,1.0,10
2025-01-28,2025-01-29,2025-01-27,2025-01-01;2025-01-08;2025-01-15;2025-01-22,2025-01-21;2025-01-22;2025-01-23;2025-01-24;2025-01-25;2025-01-26;2025-01-27,2025-01-27,1,10009.430584957972,51597.4744229283,-0.4211205160046231,0.7992968171747634,1.0,10
2025-01-28,2025-01-29,2025-01-27,2025-01-01;2025-01-08;2025-01-15;2025-01-22,2025-01-21;2025-01-22;2025-01-23;2025-01-24;2025-01-25;2025-01-26;2025-01-27,2025-01-27,1,10330.509440336673,51462.26152967305,-0.4211205160046231,0.7992968171747634,1.0,10
2025-01-28,2025-01-29,2025-01-27,2025-01-01;2025-01-08;2025-01-15;2025-01-22,2025-01-21;2025-01-22;2025-01-23;2025-01-24;2025-01-25;2025-01-26;2025-01-27,2025-01-27,1,10800.0,51264.59873561761,-0.4030006650118583,0.7992968171747634,1.0,10
2025-01-29,2025-01-30,2025-01-28,2025-01-02;2025-01-09;2025-01-16;2025-01-23,2025-01-22;2025-01-23;2025-01-24;2025-01-25;2025-01-26;2025-01-27;2025-01-28,2025-01-28,4,1200.0,69504.45365453798,-0.45441929976619616,0.8441928483516676,1.0,10
2025-01-29,2025-01-30,2025-01-28,2025-01-02;2025-01-09;2025-01-16;2025-01-23,2025-01-22;2025-01-23;2025-01-24;2025-01-25;2025-01-26;2025-01-27;2025-01-28,2025-01-28,4,2812.021267452584,68772.58655183735,-0.4534706164681456,0.8441928483516676,1.0,10
2025-01-29,2025-01-30,2025-01-28,2025-01-02;2025-01-09;2025-01-16;2025-01-23,2025-01-22;2025-01-23;2025-01-24;2025-01-25;2025-01-26;2025-01-27;2025-01-28,2025-01-28,4,3714.739273730277,68363.33882038045,-0.4526122839603856,0.8441928483516676,1.0,10
2025-01-29,2025-01-30,2025-01-28,2025-01-02;2025-01-09;2025-01-16;2025-01-23,2025-01-22;2025-01-23;2025-01-24;2025-01-25;2025-01-26;2025-01-27;2025-01-28,2025-01-28,4,5873.582995231609,67387.96932993608,-0.45104620359534986,0.8441928483516676,1.0,10
2025-01-29,2025-01-30,2025-01-28,2025-01-02;2025-01-09;2025-01-16;2025-01-23,2025-01-22;2025-01-23;2025-01-24;2025-01-25;2025-01-26;2025-01-27;2025-01-28,2025-01-28,4,7905.435909585805,66473.04291989043,-0.44999211104196035,0.8441928483516676,1.0,10
2025-01-29,2025-01-30,2025-01-28,2025-01-02;2025-01-09;2025-01-16;2025-01-23,2025-01-22;2025-01-23;2025-01-24;2025-01-25;2025-01-26;2025-01-27;2025-01-28,2025-01-28,4,8511.460033138987,66200.55750134724,-0.44777851667984253,0.8441928483516676,1.0,10
2025-01-29,2025-01-30,2025-01-28,2025-01-02;2025-01-09;2025-01-16;2025-01-23,2025-01-22;2025-01-23;2025-01-24;2025-01-25;2025-01-26;2025-01-27;2025-01-28,2025-01-28,4,9722.907307960906,65658.25987470015,-0.44746228891382567,0.8441928483516676,1.0,10
2025-01-29,2025-01-30,2025-01-28,2025-01-02;2025-01-09;2025-01-16;2025-01-23,2025-01-22;2025-01-23;2025-01-24;2025-01-25;2025-01-26;2025-01-27;2025-01-28,2025-01-28,4,10007.358222646842,65531.19489480192,-0.44290239746635074,0.8441928483516676,1.0,10
2025-01-29,2025-01-30,2025-01-28,2025-01-02;2025-01-09;2025-01-16;2025-01-23,2025-01-22;2025-01-23;2025-01-24;2025-01-25;2025-01-26;2025-01-27;2025-01-28,2025-01-28,4,10328.125352485082,65395.89719809633,-0.4211205160046231,0.8441928483516676,1.0,10
2025-01-29,2025-01-30,2025-01-28,2025-01-02;2025-01-09;2025-01-16;2025-01-23,2025-01-22;2025-01-23;2025-01-24;2025-01-25;2025-01-26;2025-01-27;2025-01-28,2025-01-28,4,10800.0,65197.181103045354,-0.4032141187539196,0.8441928483516676,1.0,10
2025-01-30,2025-01-31,2025-01-29,2025-01-03;2025-01-10;2025-01-17;2025-01-24,2025-01-23;2025-01-24;2025-01-25;2025-01-26;2025-01-27;2025-01-28;2025-01-29,2025-01-29,4,1200.0,28931.155680855172,-0.45441929976619616,0.7882952424915857,1.0,10
2025-01-30,2025-01-31,2025-01-29,2025-01-03;2025-01-10;2025-01-17;2025-01-24,2025-01-23;2025-01-24;2025-01-25;2025-01-26;2025-01-27;2025-01-28;2025-01-29,2025-01-29,4,3644.945649475047,27821.81012759668,-0.4531242717720319,0.7882952424915857,1.0,10
2025-01-30,2025-01-31,2025-01-29,2025-01-03;2025-01-10;2025-01-17;2025-01-24,2025-01-23;2025-01-24;2025-01-25;2025-01-26;2025-01-27;2025-01-28;2025-01-29,2025-01-29,4,4455.764448046275,27454.904299697388,-0.45228099772932034,0.7882952424915857,1.0,10
2025-01-30,2025-01-31,2025-01-29,2025-01-03;2025-01-10;2025-01-17;2025-01-24,2025-01-23;2025-01-24;2025-01-25;2025-01-26;2025-01-27;2025-01-28;2025-01-29,2025-01-29,4,5815.193849889996,26841.242979197512,-0.45104620359534986,0.7882952424915857,1.0,10
2025-01-30,2025-01-31,2025-01-29,2025-01-03;2025-01-10;2025-01-17;2025-01-24,2025-01-23;2025-01-24;2025-01-25;2025-01-26;2025-01-27;2025-01-28;2025-01-29,2025-01-29,4,7857.7803914570095,25921.476509957633,-0.4499921110419604,0.7882952424915857,1.0,10
2025-01-30,2025-01-31,2025-01-29,2025-01-03;2025-01-10;2025-01-17;2025-01-24,2025-01-23;2025-01-24;2025-01-25;2025-01-26;2025-01-27;2025-01-28;2025-01-29,2025-01-29,4,8464.319417190229,25648.76040825084,-0.44777851667984253,0.7882952424915857,1.0,10
2025-01-30,2025-01-31,2025-01-29,2025-01-03;2025-01-10;2025-01-17;2025-01-24,2025-01-23;2025-01-24;2025-01-25;2025-01-26;2025-01-27;2025-01-28;2025-01-29,2025-01-29,4,9719.357362504197,25086.956581654715,-0.44746228891382567,0.7882952424915857,1.0,10
2025-01-30,2025-01-31,2025-01-29,2025-01-03;2025-01-10;2025-01-17;2025-01-24,2025-01-23;2025-01-24;2025-01-25;2025-01-26;2025-01-27;2025-01-28;2025-01-29,2025-01-29,4,10011.376403014483,24956.54873830237,-0.42668512078884957,0.7882952424915857,1.0,10
2025-01-30,2025-01-31,2025-01-29,2025-01-03;2025-01-10;2025-01-17;2025-01-24,2025-01-23;2025-01-24;2025-01-25;2025-01-26;2025-01-27;2025-01-28;2025-01-29,2025-01-29,4,10330.250657507848,24822.004582788726,-0.4211205160046231,0.7882952424915857,1.0,10
2025-01-30,2025-01-31,2025-01-29,2025-01-03;2025-01-10;2025-01-17;2025-01-24,2025-01-23;2025-01-24;2025-01-25;2025-01-26;2025-01-27;2025-01-28;2025-01-29,2025-01-29,4,10800.0,24624.29557217705,-0.4030006650118583,0.7882952424915857,1.0,10
2025-01-31,2025-02-01,2025-01-30,2025-01-04;2025-01-11;2025-01-18;2025-01-25,2025-01-24;2025-01-25;2025-01-26;2025-01-27;2025-01-28;2025-01-29;2025-01-30,2025-01-30,4,1200.0,26896.83314249485,-0.4544192997661961,0.7992968171747634,1.0,10
2025-01-31,2025-02-01,2025-01-30,2025-01-04;2025-01-11;2025-01-18;2025-01-25,2025-01-24;2025-01-25;2025-01-26;2025-01-27;2025-01-28;2025-01-29;2025-01-30,2025-01-30,4,2850.3853265209564,26147.574531406124,-0.4534706164681456,0.7992968171747634,1.0,10
2025-01-31,2025-02-01,2025-01-30,2025-01-04;2025-01-11;2025-01-18;2025-01-25,2025-01-24;2025-01-25;2025-01-26;2025-01-27;2025-01-28;2025-01-29;2025-01-30,2025-01-30,4,3709.580558841014,25758.06151057279,-0.45252193317009515,0.7992968171747634,1.0,10
2025-01-31,2025-02-01,2025-01-30,2025-01-04;2025-01-11;2025-01-18;2025-01-25,2025-01-24;2025-01-25;2025-01-26;2025-01-27;2025-01-28;2025-01-29;2025-01-30,2025-01-30,4,5876.908642691985,24778.86619807289,-0.45104620359534986,0.7992968171747634,1.0,10
2025-01-31,2025-02-01,2025-01-30,2025-01-04;2025-01-11;2025-01-18;2025-01-25,2025-01-24;2025-01-25;2025-01-26;2025-01-27;2025-01-28;2025-01-29;2025-01-30,2025-01-30,4,7916.746839257573,23860.349041210255,-0.44999211104196035,0.7992968171747634,1.0,10
2025-01-31,2025-02-01,2025-01-30,2025-01-04;2025-01-11;2025-01-18;2025-01-25,2025-01-24;2025-01-25;2025-01-26;2025-01-27;2025-01-28;2025-01-29;2025-01-30,2025-01-30,4,8527.112931753096,23585.90786473976,-0.4477785166798426,0.7992968171747634,1.0,10
2025-01-31,2025-02-01,2025-01-30,2025-01-04;2025-01-11;2025-01-18;2025-01-25,2025-01-24;2025-01-25;2025-01-26;2025-01-27;2025-01-28;2025-01-29;2025-01-30,2025-01-30,4,9725.4272522379,23049.488646057416,-0.44746228891382567,0.7992968171747634,1.0,10
2025-01-31,2025-02-01,2025-01-30,2025-01-04;2025-01-11;2025-01-18;2025-01-25,2025-01-24;2025-01-25;2025-01-26;2025-01-27;2025-01-28;2025-01-29;2025-01-30,2025-01-30,4,10009.430584957972,22922.40786473934,-0.4211205160046231,0.7992968171747634,1.0,10
2025-01-31,2025-02-01,2025-01-30,2025-01-04;2025-01-11;2025-01-18;2025-01-25,2025-01-24;2025-01-25;2025-01-26;2025-01-27;2025-01-28;2025-01-29;2025-01-30,2025-01-30,4,10327.613663404403,22788.41444256004,-0.4211205160046231,0.7992968171747634,1.0,10
2025-01-31,2025-02-01,2025-01-30,2025-01-04;2025-01-11;2025-01-18;2025-01-25,2025-01-24;2025-01-25;2025-01-26;2025-01-27;2025-01-28;2025-01-29;2025-01-30,2025-01-30,4,10800.0,22589.66092837351,-0.4030006650118583,0.7992968171747634,1.0,10
2025-02-01,2025-02-02,2025-01-31,2025-01-05;2025-01-12;2025-01-19;2025-01-26,2025-01-25;2025-01-26;2025-01-27;2025-01-28;2025-01-29;2025-01-30;2025-01-31,2025-01-31,4,1200.0,60759.991450365254,-0.4544192997661961,0.9687175787694287,1.0,9
2025-02-01,2025-02-02,2025-01-31,2025-01-05;2025-01-12;2025-01-19;2025-01-26,2025-01-25;2025-01-26;2025-01-27;2025-01-28;2025-01-29;2025-01-30;2025-01-31,2025-01-31,4,3730.726836324205,59611.61813685646,-0.45283514924310225,0.9687175787694287,1.0,9
2025-02-01,2025-02-02,2025-01-31,2025-01-05;2025-01-12;2025-01-19;2025-01-26,2025-01-25;2025-01-26;2025-01-27;2025-01-28;2025-01-29;2025-01-30;2025-01-31,2025-01-31,4,5885.929692228246,58637.88426736992,-0.45104620359534986,0.9687175787694287,1.0,9
2025-02-01,2025-02-02,2025-01-31,2025-01-05;2025-01-12;2025-01-19;2025-01-26,2025-01-25;2025-01-26;2025-01-27;2025-01-28;2025-01-29;2025-01-30;2025-01-31,2025-01-31,4,7914.355909549665,57724.510908590615,-0.44999211104196035,0.9687175787694287,1.0,9
2025-02-01,2025-02-02,2025-01-31,2025-01-05;2025-01-12;2025-01-19;2025-01-26,2025-01-25;2025-01-26;2025-01-27;2025-01-28;2025-01-29;2025-01-30;2025-01-31,2025-01-31,4,8523.325923554896,57450.697956427146,-0.4477785166798426,0.9687175787694287,1.0,9
2025-02-01,2025-02-02,2025-01-31,2025-01-05;2025-01-12;2025-01-19;2025-01-26,2025-01-25;2025-01-26;2025-01-27;2025-01-28;2025-01-29;2025-01-30;2025-01-31,2025-01-31,4,9725.39949429561,56912.596615020695,-0.44746228891382567,0.9687175787694287,1.0,9
2025-02-01,2025-02-02,2025-01-31,2025-01-05;2025-01-12;2025-01-19;2025-01-26,2025-01-25;2025-01-26;2025-01-27;2025-01-28;2025-01-29;2025-01-30;2025-01-31,2025-01-31,4,10007.686450717016,56786.358991243374,-0.4333506248553243,0.9687175787694287,1.0,9
2025-02-01,2025-02-02,2025-01-31,2025-01-05;2025-01-12;2025-01-19;2025-01-26,2025-01-25;2025-01-26;2025-01-27;2025-01-28;2025-01-29;2025-01-30;2025-01-31,2025-01-31,4,10326.170018089937,56652.163883138775,-0.4211205160046231,0.9687175787694287,1.0,9
2025-02-01,2025-02-02,2025-01-31,2025-01-05;2025-01-12;2025-01-19;2025-01-26,2025-01-25;2025-01-26;2025-01-27;2025-01-28;2025-01-29;2025-01-30;2025-01-31,2025-01-31,4,10800.0,56452.820663519415,-0.4030006650118583,0.9687175787694287,1.0,9
2025-02-02,2025-02-03,2025-02-01,2025-01-06;2025-01-13;2025-01-20;2025-01-27,2025-01-26;2025-01-27;2025-01-28;2025-01-29;2025-01-30;2025-01-31;2025-02-01,2025-02-01,4,1200.0,61252.39575518681,-0.4544192997661961,0.7863948670928949,1.0,10
2025-02-02,2025-02-03,2025-02-01,2025-01-06;2025-01-13;2025-01-20;2025-01-27,2025-01-26;2025-01-27;2025-01-28;2025-01-29;2025-01-30;2025-01-31;2025-02-01,2025-02-01,4,2867.08444181674,60495.546684816836,-0.4534706164681456,0.7863948670928949,1.0,10
2025-02-02,2025-02-03,2025-02-01,2025-01-06;2025-01-13;2025-01-20;2025-01-27,2025-01-26;2025-01-27;2025-01-28;2025-01-29;2025-01-30;2025-01-31;2025-02-01,2025-02-01,4,3719.547466438854,60109.0821946273,-0.45252193317009515,0.7863948670928949,1.0,10
2025-02-02,2025-02-03,2025-02-01,2025-01-06;2025-01-13;2025-01-20;2025-01-27,2025-01-26;2025-01-27;2025-01-28;2025-01-29;2025-01-30;2025-01-31;2025-02-01,2025-02-01,4,5852.714645717781,59145.30780191201,-0.45104620359534986,0.7863948670928949,1.0,10
2025-02-02,2025-02-03,2025-02-01,2025-01-06;2025-01-13;2025-01-20;2025-01-27,2025-01-26;2025-01-27;2025-01-28;2025-01-29;2025-01-30;2025-01-31;2025-02-01,2025-02-01,4,7860.401402686153,58241.266442536835,-0.4499921110419604,0.7863948670928949,1.0,10
2025-02-02,2025-02-03,2025-02-01,2025-01-06;2025-01-13;2025-01-20;2025-01-27,2025-01-26;2025-01-27;2025-01-28;2025-01-29;2025-01-30;2025-01-31;2025-02-01,2025-02-01,4,8460.49511962558,57971.44390877788,-0.44777851667984253,0.7863948670928949,1.0,10
2025-02-02,2025-02-03,2025-02-01,2025-01-06;2025-01-13;2025-01-20;2025-01-27,2025-01-26;2025-01-27;2025-01-28;2025-01-29;2025-01-30;2025-01-31;2025-02-01,2025-02-01,4,9699.587757101375,57416.781776287055,-0.44746228891382567,0.7863948670928949,1.0,10
2025-02-02,2025-02-03,2025-02-01,2025-01-06;2025-01-13;2025-01-20;2025-01-27,2025-01-26;2025-01-27;2025-01-28;2025-01-29;2025-01-30;2025-01-31;2025-02-01,2025-02-01,4,9997.262339848085,57284.141426313065,-0.44265311712619504,0.7863948670928949,1.0,10
2025-02-02,2025-02-03,2025-02-01,2025-01-06;2025-01-13;2025-01-20;2025-01-27,2025-01-26;2025-01-27;2025-01-28;2025-01-29;2025-01-30;2025-01-31;2025-02-01,2025-02-01,4,10314.305087411447,57150.07042069034,-0.4211205160046231,0.7863948670928949,1.0,10
2025-02-02,2025-02-03,2025-02-01,2025-01-06;2025-01-13;2025-01-20;2025-01-27,2025-01-26;2025-01-27;2025-01-28;2025-01-29;2025-01-30;2025-01-31;2025-02-01,2025-02-01,4,10800.0,56945.53432848022,-0.40392563122745745,0.7863948670928949,1.0,10
2025-06-21,2025-06-22,2025-06-20,2025-05-25;2025-06-01;2025-06-08;2025-06-15,2025-06-14;2025-06-15;2025-06-16;2025-06-17;2025-06-18;2025-06-19;2025-06-20,2025-06-20,2,1200.0,53301.23697021483,-0.4544192997661961,0.7992968171747634,1.0,10
2025-06-21,2025-06-22,2025-06-20,2025-05-25;2025-06-01;2025-06-08;2025-06-15,2025-06-14;2025-06-15;2025-06-16;2025-06-17;2025-06-18;2025-06-19;2025-06-20,2025-06-20,2,2850.3853265227904,52551.97835912526,-0.4534706164681456,0.7992968171747634,1.0,10
2025-06-21,2025-06-22,2025-06-20,2025-05-25;2025-06-01;2025-06-08;2025-06-15,2025-06-14;2025-06-15;2025-06-16;2025-06-17;2025-06-18;2025-06-19;2025-06-20,2025-06-20,2,3709.580558841014,52162.465338292764,-0.4525219331700951,0.7992968171747634,1.0,10
2025-06-21,2025-06-22,2025-06-20,2025-05-25;2025-06-01;2025-06-08;2025-06-15,2025-06-14;2025-06-15;2025-06-16;2025-06-17;2025-06-18;2025-06-19;2025-06-20,2025-06-20,2,5876.908642692508,51183.27002579263,-0.45104620359534986,0.7992968171747634,1.0,10
2025-06-21,2025-06-22,2025-06-20,2025-05-25;2025-06-01;2025-06-08;2025-06-15,2025-06-14;2025-06-15;2025-06-16;2025-06-17;2025-06-18;2025-06-19;2025-06-20,2025-06-20,2,7916.746839258588,50264.752868929776,-0.4499921110419604,0.7992968171747634,1.0,10
2025-06-21,2025-06-22,2025-06-20,2025-05-25;2025-06-01;2025-06-08;2025-06-15,2025-06-14;2025-06-15;2025-06-16;2025-06-17;2025-06-18;2025-06-19;2025-06-20,2025-06-20,2,8527.11293175291,49990.31169245982,-0.44777851667984253,0.7992968171747634,1.0,10
2025-06-21,2025-06-22,2025-06-20,2025-05-25;2025-06-01;2025-06-08;2025-06-15,2025-06-14;2025-06-15;2025-06-16;2025-06-17;2025-06-18;2025-06-19;2025-06-20,2025-06-20,2,9680.856355684115,49473.83626916829,-0.44746228891382567,0.7992968171747634,1.0,10
2025-06-21,2025-06-22,2025-06-20,2025-05-25;2025-06-01;2025-06-08;2025-06-15,2025-06-14;2025-06-15;2025-06-16;2025-06-17;2025-06-18;2025-06-19;2025-06-20,2025-06-20,2,10009.430584957972,49326.81169245932,-0.4211205160046231,0.7992968171747634,1.0,10
2025-06-21,2025-06-22,2025-06-20,2025-05-25;2025-06-01;2025-06-08;2025-06-15,2025-06-14;2025-06-15;2025-06-16;2025-06-17;2025-06-18;2025-06-19;2025-06-20,2025-06-20,2,10303.990009338733,49202.766675670064,-0.4211205160046231,0.7992968171747634,1.0,10
2025-06-21,2025-06-22,2025-06-20,2025-05-25;2025-06-01;2025-06-08;2025-06-15,2025-06-14;2025-06-15;2025-06-16;2025-06-17;2025-06-18;2025-06-19;2025-06-20,2025-06-20,2,10800.0,48994.12693368875,-0.40499289993776433,0.7992968171747634,1.0,10
2025-06-22,2025-06-23,2025-06-21,2025-05-26;2025-06-02;2025-06-09;2025-06-16,2025-06-15;2025-06-16;2025-06-17;2025-06-18;2025-06-19;2025-06-20;2025-06-21,2025-06-21,2,1200.0,52580.88477266507,-0.4544192997661961,0.7992968171674875,1.0,10
2025-06-22,2025-06-23,2025-06-21,2025-05-26;2025-06-02;2025-06-09;2025-06-16,2025-06-15;2025-06-16;2025-06-17;2025-06-18;2025-06-19;2025-06-20;2025-06-21,2025-06-21,2,2850.385326518956,51831.62616157725,-0.4534706164681456,0.7992968171674875,1.0,10
2025-06-22,2025-06-23,2025-06-21,2025-05-26;2025-06-02;2025-06-09;2025-06-16,2025-06-15;2025-06-16;2025-06-17;2025-06-18;2025-06-19;2025-06-20;2025-06-21,2025-06-21,2,3709.580558841014,51442.113140743015,-0.4525219331700951,0.7992968171674875,1.0,10
2025-06-22,2025-06-23,2025-06-21,2025-05-26;2025-06-02;2025-06-09;2025-06-16,2025-06-15;2025-06-16;2025-06-17;2025-06-18;2025-06-19;2025-06-20;2025-06-21,2025-06-21,2,5876.908642692508,50462.91782824288,-0.45104620359534986,0.7992968171674875,1.0,10
2025-06-22,2025-06-23,2025-06-21,2025-05-26;2025-06-02;2025-06-09;2025-06-16,2025-06-15;2025-06-16;2025-06-17;2025-06-18;2025-06-19;2025-06-20;2025-06-21,2025-06-21,2,7916.746839258588,49544.40067138002,-0.4499921110419604,0.7992968171674875,1.0,10
2025-06-22,2025-06-23,2025-06-21,2025-05-26;2025-06-02;2025-06-09;2025-06-16,2025-06-15;2025-06-16;2025-06-17;2025-06-18;2025-06-19;2025-06-20;2025-06-21,2025-06-21,2,8527.11293175291,49269.95949491007,-0.44777851667984253,0.7992968171674875,1.0,10
2025-06-22,2025-06-23,2025-06-21,2025-05-26;2025-06-02;2025-06-09;2025-06-16,2025-06-15;2025-06-16;2025-06-17;2025-06-18;2025-06-19;2025-06-20;2025-06-21,2025-06-21,2,9681.587080031233,48753.15710002961,-0.44746228891382567,0.7992968171674875,1.0,10
2025-06-22,2025-06-23,2025-06-21,2025-05-26;2025-06-02;2025-06-09;2025-06-16,2025-06-15;2025-06-16;2025-06-17;2025-06-18;2025-06-19;2025-06-20;2025-06-21,2025-06-21,2,10009.430584957972,48606.45949490956,-0.4211205160046231,0.7992968171674875,1.0,10
2025-06-22,2025-06-23,2025-06-21,2025-05-26;2025-06-02;2025-06-09;2025-06-16,2025-06-15;2025-06-16;2025-06-17;2025-06-18;2025-06-19;2025-06-20;2025-06-21,2025-06-21,2,10304.840435365946,48482.056346272904,-0.4211205160046231,0.7992968171674875,1.0,10
2025-06-22,2025-06-23,2025-06-21,2025-05-26;2025-06-02;2025-06-09;2025-06-16,2025-06-15;2025-06-16;2025-06-17;2025-06-18;2025-06-19;2025-06-20;2025-06-21,2025-06-21,2,10800.0,48273.73861906525,-0.40499289993776433,0.7992968171674875,1.0,10
