date,normal_purchase_cost_yuan,emergency_cost_yuan,total_cost_yuan,normal_purchase_kwh,emergency_kwh,curtailment_kwh,soc_start_kwh,soc_end_kwh,soc_min_kwh,soc_max_kwh,max_balance_residual_kwh,max_simultaneous_cd_kwh2,solve_seconds,pass
2025-01-01,57585.67090173129,0.0,57585.67090173129,89653.5829820215,0.0,0.0,6000.0,1200.0,1200.0,10800.0,2.2737367544323206e-13,0.0,0.01254491601139307,True
2025-01-02,60489.04066232024,0.0,60489.04066232024,95565.10620310572,0.0,0.0,1200.0,1200.0,1200.0,10800.0,2.2737367544323206e-13,0.0,0.005116415995871648,True
2025-01-03,24625.239084871617,0.0,24625.239084871617,47579.17665806331,0.0,0.0,1200.0,1200.0,1200.0,10800.0,1.1368683772161603e-13,0.0,0.004912584001431242,True
2025-01-04,24441.480442522465,0.0,24441.480442522465,46846.34479084109,0.0,0.0,1200.0,1200.0,1200.0,10800.0,1.1368683772161603e-13,0.0,0.00473112499457784,True
2025-01-05,59252.5747246842,0.0,59252.5747246842,93711.85370435962,0.0,0.0,1200.0,1200.0,1200.0,10800.0,2.2737367544323206e-13,0.0,0.004785791999893263,True
2025-01-06,58971.51128880051,0.0,58971.51128880051,93272.04489324849,0.0,0.0,1200.0,1200.0,1200.0,10800.0,2.2737367544323206e-13,0.0,0.004732791014248505,True
2025-01-07,60153.15906859326,0.0,60153.15906859326,95245.26722903166,0.0,0.0,1200.0,1200.0,1200.0,10800.0,2.2737367544323206e-13,0.0,0.00480570801300928,True
2025-01-08,58218.58618096883,0.0,58218.58618096883,92170.30465621146,0.0,0.0,1200.0,1200.0,1200.0,10800.0,2.2737367544323206e-13,0.0,0.004783874988788739,True
2025-01-09,59242.36262464855,0.0,59242.36262464855,93765.84404940202,0.0,0.0,1200.0,1200.0,1200.0,10800.0,2.2737367544323206e-13,0.0,0.004635666002286598,True
2025-01-10,24630.036136614166,0.0,24630.036136614166,47585.677445100344,0.0,0.0,1200.0,1200.0,1200.0,10800.0,2.2737367544323206e-13,0.0,0.004718292009783909,True
2025-01-11,24304.482493437914,0.0,24304.482493437914,46949.15637102628,0.0,0.0,1200.0,1200.0,1200.0,10800.0,1.1368683772161603e-13,0.0,0.004712499998277053,True
2025-01-12,58918.72615791144,0.0,58918.72615791144,93534.97530806331,0.0,0.0,1200.0,1200.0,1200.0,10800.0,2.2737367544323206e-13,0.0,0.004855542007135227,True
2025-01-13,56960.89334679955,0.0,56960.89334679955,90901.5088969522,0.0,0.0,1200.0,1200.0,1200.0,10800.0,2.2737367544323206e-13,0.0,0.004737458977615461,True
2025-01-14,57819.37897216029,0.0,57819.37897216029,91933.19282658183,0.0,0.0,1200.0,1200.0,1200.0,10800.0,2.2737367544323206e-13,0.0,0.004603166977176443,True
2025-01-15,58629.17718329096,0.0,58629.17718329096,92749.64129569833,0.0,0.0,1200.0,1200.0,1200.0,10800.0,2.2737367544323206e-13,0.0,0.004623916989658028,True
2025-01-16,57946.37834756268,0.0,57946.37834756268,91672.83698643906,0.0,0.0,1200.0,1200.0,1200.0,10800.0,1.1368683772161603e-13,0.0,0.004698125005234033,True
2025-01-17,22999.71739870353,0.0,22999.71739870353,44731.54654199461,0.0,0.0,1200.0,1200.0,1200.0,10800.0,1.1368683772161603e-13,0.0,0.004684624989749864,True
2025-01-18,23371.09241371057,0.0,23371.09241371057,45249.370019772396,0.0,0.0,1200.0,1200.0,1200.0,10800.0,1.1368683772161603e-13,0.0,0.004860624991124496,True
2025-01-19,57550.02004846649,0.0,57550.02004846649,91361.43136792054,0.0,0.0,1200.0,1200.0,1200.0,10800.0,2.2737367544323206e-13,0.0,0.0047966660058591515,True
2025-01-20,57105.48150459697,0.0,57105.48150459697,90676.10800991516,0.0,0.0,1200.0,1200.0,1200.0,10800.0,2.2737367544323206e-13,0.0,0.004628082999261096,True
2025-01-21,53747.5184237477,0.0,53747.5184237477,85985.54324510034,0.0,0.0,1200.0,1200.0,1200.0,10800.0,1.1368683772161603e-13,0.0,0.0046120830229483545,True
2025-01-22,57533.00838815317,0.0,57533.00838815317,91577.88068643905,0.0,0.0,1200.0,1200.0,1200.0,10800.0,2.2737367544323206e-13,0.0,0.004817417007870972,True
2025-01-23,57878.587345243635,0.0,57878.587345243635,92230.83155435961,0.0,0.0,1200.0,1200.0,1200.0,10800.0,2.2737367544323206e-13,0.0,0.004772999993292615,True
2025-01-24,21508.86670339779,0.0,21508.86670339779,41859.90194569832,0.0,0.0,1200.0,1200.0,1200.0,10800.0,1.1368683772161603e-13,0.0,0.004621958010829985,True
2025-01-25,20931.060856898966,0.0,20931.060856898966,40439.29432162424,0.0,0.0,1200.0,1200.0,1200.0,10800.0,1.1368683772161603e-13,0.0,0.0047239580017048866,True
2025-01-26,56388.11522765589,0.0,56388.11522765589,90317.00765621146,0.0,0.0,1200.0,1200.0,1200.0,10800.0,2.2737367544323206e-13,0.0,0.00444833398796618,True
2025-01-27,53878.96671743937,0.0,53878.96671743937,86772.50436236497,0.0,0.0,1200.0,1200.0,1200.0,10800.0,2.2737367544323206e-13,0.0,0.0046775419905316085,True
2025-01-28,55931.19454251755,0.0,55931.19454251755,89597.37938954477,0.0,0.0,1200.0,1200.0,1200.0,10800.0,1.1368683772161603e-13,0.0,0.004722334007965401,True
2025-01-29,51691.056839166005,0.0,51691.056839166005,83842.62043954477,0.0,0.0,1200.0,1200.0,1200.0,10800.0,1.1368683772161603e-13,0.0,0.004654999997001141,True
2025-01-30,53893.20555540436,0.0,53893.20555540436,86234.96454510035,0.0,0.0,1200.0,1200.0,1200.0,10800.0,2.2737367544323206e-13,0.0,0.004759250005008653,True
2025-01-31,20840.2885177152,0.0,20840.2885177152,40740.21530866128,0.0,0.0,1200.0,1200.0,1200.0,10800.0,1.1368683772161603e-13,0.0,0.004671333008445799,True
2025-02-01,18895.933135343577,0.0,18895.933135343577,36595.06668130766,0.0,352.7133707945187,1200.0,1200.0,1200.0,10800.0,1.1368683772161603e-13,0.0,0.004703500017058104,True
2025-02-02,49854.04715262602,0.0,49854.04715262602,80777.10577102627,0.0,0.0,1200.0,1200.0,1200.0,10800.0,1.4210854715202004e-13,0.0,0.004504874988924712,True
2025-02-03,51113.359195862875,0.0,51113.359195862875,82692.65905250775,0.0,0.0,1200.0,1200.0,1200.0,10800.0,2.2737367544323206e-13,0.0,0.004555958992568776,True
2025-02-04,51980.93139625067,0.0,51980.93139625067,83772.42962843367,0.0,0.0,1200.0,1200.0,1200.0,10800.0,2.2737367544323206e-13,0.0,0.004480167001020163,True
2025-02-05,51411.99227774082,0.0,51411.99227774082,83193.1744543596,0.0,0.0,1200.0,1200.0,1200.0,10800.0,2.2737367544323206e-13,0.0,0.004607875016517937,True
2025-02-06,51093.326882774374,0.0,51093.326882774374,82768.58597287812,0.0,0.0,1200.0,1200.0,1200.0,10800.0,1.1368683772161603e-13,0.0,0.004673624993301928,True
2025-02-07,18493.882582928945,0.0,18493.882582928945,35963.24486093729,0.0,2280.114720794517,1200.0,1200.0,1200.0,10800.0,1.1368683772161603e-13,0.0,0.004467332997592166,True
2025-02-08,17966.198611753607,0.0,17966.198611753607,34908.39305352988,0.0,1536.260520794522,1200.0,1200.0,1200.0,10800.0,2.2737367544323206e-13,0.0,0.004510791011853144,True
2025-02-09,50501.477588321046,0.0,50501.477588321046,82054.3878006559,0.0,0.0,1200.0,1200.0,1200.0,10800.0,2.2737367544323206e-13,0.0,0.00462533300742507,True
2025-02-10,46858.542024151466,0.0,46858.542024151466,76716.22610310573,0.0,0.0,1200.0,1200.0,1200.0,10800.0,1.1368683772161603e-13,0.0,0.004712750000180677,True
2025-02-11,47688.51225782978,0.0,47688.51225782978,77604.54280621145,0.0,0.0,1200.0,1200.0,1200.0,10800.0,1.1368683772161603e-13,0.0,0.004647666995879263,True
2025-02-12,47810.0032868847,0.0,47810.0032868847,77714.08793398923,0.0,0.0,1200.0,1200.0,1200.0,10800.0,2.2737367544323206e-13,0.0,0.004700792022049427,True
2025-02-13,44816.386809399584,0.0,44816.386809399584,73587.84404324851,0.0,0.0,1200.0,1200.0,1200.0,10800.0,2.2737367544323206e-13,0.0,0.004795874992851168,True
2025-02-14,17617.61103670802,0.0,17617.61103670802,34250.306505381726,0.0,2688.01180412785,1200.0,1200.0,1200.0,10800.0,2.2737367544323206e-13,0.0,0.004389166977489367,True
2025-02-15,17671.560458667867,0.0,17671.560458667867,34240.47834797433,0.0,3236.514020794517,1200.0,1200.0,1200.0,10800.0,1.1368683772161603e-13,0.0,0.00459895801031962,True
2025-02-16,47579.83831182167,0.0,47579.83831182167,77721.59612472999,0.0,0.0,1200.0,1200.0,1200.0,10800.0,1.1368683772161603e-13,0.0,0.0045682910131290555,True
2025-02-17,44565.261817462364,0.0,44565.261817462364,73426.32858769293,0.0,0.0,1200.0,1200.0,1200.0,10800.0,1.1368683772161603e-13,0.0,0.004635707999113947,True
2025-02-18,45190.43725337692,0.0,45190.43725337692,74384.63383898923,0.0,0.0,1200.0,1200.0,1200.0,10800.0,1.1368683772161603e-13,0.0,0.004825209005502984,True
2025-02-19,46064.922576363686,0.0,46064.922576363686,75248.41886732256,0.0,0.0,1200.0,1200.0,1200.0,10800.0,1.1368683772161603e-13,0.0,0.004703874990809709,True
2025-02-20,44551.84980611332,0.0,44551.84980611332,73263.01769014276,0.0,0.0,1200.0,1200.0,1200.0,10800.0,1.1368683772161603e-13,0.0,0.004704625025624409,True
2025-02-21,16745.352436003574,0.0,16745.352436003574,33054.991072048404,0.0,5792.700487461183,1200.0,1200.0,1200.0,10800.0,1.1368683772161603e-13,0.0,0.004532375023700297,True
2025-02-22,16971.54730168842,0.0,16971.54730168842,33190.05102760396,0.0,3670.5833041278515,1200.0,1200.0,1200.0,10800.0,1.1368683772161603e-13,0.0,0.004520874994341284,True
2025-02-23,44742.960337101846,0.0,44742.960337101846,73820.71859940203,0.0,0.0,1200.0,1200.0,1200.0,10800.0,1.1368683772161603e-13,0.0,0.004832666018046439,True
2025-02-24,42712.144567001735,0.0,42712.144567001735,70433.51031547072,0.0,0.0,1200.0,1200.0,1200.0,10800.0,1.1368683772161603e-13,0.0,0.004620624997187406,True
2025-02-25,41241.0528243943,0.0,41241.0528243943,68033.69720806331,0.0,0.0,1200.0,1200.0,1200.0,10800.0,1.1368683772161603e-13,0.0,0.0047239170235116035,True
2025-02-26,42919.895470762385,0.0,42919.895470762385,71065.9878080633,0.0,0.0,1200.0,1200.0,1200.0,10800.0,2.2737367544323206e-13,0.0,0.004775042005348951,True
2025-02-27,42416.800255706185,0.0,42416.800255706185,69199.9011771798,0.0,0.0,1200.0,1200.0,1200.0,10800.0,1.1368683772161603e-13,0.0,0.004734041984193027,True
2025-02-28,16222.981034253393,0.0,16222.981034253393,31986.42497019655,0.0,7050.568504127856,1200.0,1200.0,1200.0,10800.0,1.1368683772161603e-13,0.0,0.004453458997886628,True
2025-03-01,15799.322423716356,0.0,15799.322423716356,30754.165888715066,0.0,5517.0604504241455,1200.0,1200.0,1200.0,10800.0,1.1368683772161603e-13,0.0,0.004584000009344891,True
2025-03-02,45335.080984209155,0.0,45335.080984209155,74814.60523213739,0.0,0.0,1200.0,1200.0,1200.0,10800.0,2.2737367544323206e-13,0.0,0.004769166000187397,True
2025-03-03,45370.61256148332,0.0,45370.61256148332,74389.46023643906,0.0,0.0,1200.0,1200.0,1200.0,10800.0,1.1368683772161603e-13,0.0,0.004578874999424443,True
2025-03-04,43090.94188806403,0.0,43090.94188806403,71454.10080713738,0.0,0.0,1200.0,1200.0,1200.0,10800.0,1.1368683772161603e-13,0.0,0.0047022500075399876,True
2025-03-05,41102.42247219733,0.0,41102.42247219733,68402.24054880405,0.0,0.0,1200.0,1200.0,1200.0,10800.0,1.1368683772161603e-13,0.0,0.004738292016554624,True
2025-03-06,41009.10509882692,0.0,41009.10509882692,68207.67213398924,0.0,0.0,1200.0,1200.0,1200.0,10800.0,1.1368683772161603e-13,0.0,0.004861249995883554,True
2025-03-07,15072.297620013762,0.0,15072.297620013762,29538.229327603953,0.0,7100.649954127852,1200.0,1200.0,1200.0,10800.0,5.684341886080802e-14,0.0,0.004559666995191947,True
2025-03-08,15153.699596842464,0.0,15153.699596842464,29877.67309612247,0.0,9293.48563746118,1200.0,1200.0,1200.0,10800.0,1.1368683772161603e-13,0.0,0.004513458989094943,True
2025-03-09,39426.654262333956,0.0,39426.654262333956,65556.71486732257,0.0,0.0,1200.0,1200.0,1200.0,10800.0,1.1368683772161603e-13,0.0,0.004831083002500236,True
2025-03-10,41978.90145679387,0.0,41978.90145679387,70255.51486176702,0.0,0.0,1200.0,1200.0,1200.0,10800.0,1.1368683772161603e-13,0.0,0.004880332999164239,True
2025-03-11,39627.30273101366,0.0,39627.30273101366,66135.38348643907,0.0,0.0,1200.0,1200.0,1200.0,10800.0,2.2737367544323206e-13,0.0,0.004655666009057313,True
2025-03-12,38812.62213231795,0.0,38812.62213231795,64588.36688458721,0.0,0.0,1200.0,1200.0,1200.0,10800.0,1.1368683772161603e-13,0.0,0.004691084002843127,True
2025-03-13,41770.71527942414,0.0,41770.71527942414,69771.59309880405,0.0,0.0,1200.0,1200.0,1200.0,10800.0,1.1368683772161603e-13,0.0,0.004746166989207268,True
2025-03-14,14591.424345970983,0.0,14591.424345970983,28777.410916492838,0.0,11275.921620794514,1200.0,1200.0,1200.0,10800.0,1.1368683772161603e-13,0.0,0.004670124995755032,True
2025-03-15,14987.891263792124,0.0,14987.891263792124,29579.102777603955,0.0,7164.221804127854,1200.0,1200.0,1200.0,10800.0,2.2737367544323206e-13,0.0,0.0045230420073494315,True
2025-03-16,39064.3372510819,0.0,39064.3372510819,65533.513991994616,0.0,0.0,1200.0,1200.0,1200.0,10800.0,1.1368683772161603e-13,0.0,0.0047440420021303,True
2025-03-17,35955.37170375312,0.0,35955.37170375312,59945.418608063315,0.0,0.0,1200.0,1200.0,1200.0,10800.0,1.1368683772161603e-13,0.0,0.004644917004043236,True
2025-03-18,37822.81679171712,0.0,37822.81679171712,63326.834874729975,0.0,0.0,1200.0,1200.0,1200.0,10800.0,2.2737367544323206e-13,0.0,0.0047521670057903975,True
2025-03-19,36856.67059446984,0.0,36856.67059446984,61632.60845680943,0.0,0.0,1200.0,1200.0,1200.0,10800.0,1.1368683772161603e-13,0.0,0.0046855409746058285,True
2025-03-20,38513.86507476756,0.0,38513.86507476756,64332.30013643907,0.0,0.0,1200.0,1200.0,1200.0,10800.0,2.2737367544323206e-13,0.0,0.004570750024868175,True
2025-03-21,14147.422575691753,0.0,14147.422575691753,28298.564401678028,0.0,14816.196920794515,1200.0,1200.0,1200.0,10800.0,5.684341886080802e-14,0.0,0.004540708003332838,True
2025-03-22,14007.915192768392,0.0,14007.915192768392,28049.37278871507,0.0,10744.64285412785,1200.0,1200.0,1200.0,10800.0,1.1368683772161603e-13,0.0,0.004397707991302013,True
2025-03-23,36207.15604833132,0.0,36207.15604833132,60858.02425310573,0.0,0.0,1200.0,1200.0,1200.0,10800.0,1.1368683772161603e-13,0.0,0.0047104999830480665,True
2025-03-24,35920.22822113635,0.0,35920.22822113635,60118.64451176702,0.0,0.0,1200.0,1200.0,1200.0,10800.0,1.1368683772161603e-13,0.0,0.004796583001734689,True
2025-03-25,37597.432447080355,0.0,37597.432447080355,63094.227795698316,0.0,0.0,1200.0,1200.0,1200.0,10800.0,1.4210854715202004e-13,0.0,0.004804916010471061,True
2025-03-26,34478.36984817253,0.0,34478.36984817253,57682.940296952205,0.0,0.0,1200.0,1200.0,1200.0,10800.0,1.1368683772161603e-13,0.0,0.004618665989255533,True
2025-03-27,36213.216297785926,0.0,36213.216297785926,60806.939361767014,0.0,0.0,1200.0,1200.0,1200.0,10800.0,1.1368683772161603e-13,0.0,0.004862750007305294,True
2025-03-28,13611.619999641542,0.0,13611.619999641542,27525.338364640993,0.0,15276.051637461183,1200.0,1200.0,1200.0,10800.0,1.1368683772161603e-13,0.0,0.004454583016922697,True
2025-03-29,13822.871561448577,0.0,13822.871561448577,27654.526612789137,0.0,18564.543037461186,1200.0,1200.0,1200.0,10800.0,5.684341886080802e-14,0.0,0.004462041018996388,True
2025-03-30,34160.80281319296,0.0,34160.80281319296,57458.64955435961,0.0,0.0,1200.0,1200.0,1200.0,10800.0,1.1368683772161603e-13,0.0,0.004644416010705754,True
2025-03-31,35125.27700581826,0.0,35125.27700581826,58977.06623458721,0.0,0.0,1200.0,1200.0,1200.0,10800.0,1.1368683772161603e-13,0.0,0.004675875010434538,True
2025-04-01,36708.32162039733,0.0,36708.32162039733,62242.37168458721,0.0,0.0,1200.0,1200.0,1200.0,10800.0,1.1368683772161603e-13,0.0,0.0047546669957228005,True
2025-04-02,36793.72424345665,0.0,36793.72424345665,62581.722353105724,0.0,0.0,1200.0,1200.0,1200.0,10800.0,1.1368683772161603e-13,0.0,0.004790375009179115,True
2025-04-03,34590.065633249265,0.0,34590.065633249265,57958.56678213739,0.0,0.0,1200.0,1200.0,1200.0,10800.0,1.1368683772161603e-13,0.0,0.0048498329997528344,True
2025-04-04,12913.460874732838,0.0,12913.460874732838,26475.471272048402,0.0,18675.65017079452,1200.0,1200.0,1200.0,10800.0,1.1368683772161603e-13,0.0,0.004307500028517097,True
2025-04-05,13254.769111172467,0.0,13254.769111172467,26850.98459241877,0.0,13471.539820794518,1200.0,1200.0,1200.0,10800.0,1.1368683772161603e-13,0.0,0.0044278340064920485,True
2025-04-06,33596.38887123436,0.0,33596.38887123436,56474.71991236499,0.0,0.0,1200.0,1200.0,1200.0,10800.0,1.2789769243681803e-13,0.0,0.004648625006666407,True
2025-04-07,32766.079914219554,0.0,32766.079914219554,55220.65066236499,0.0,0.0,1200.0,1200.0,1200.0,10800.0,1.1368683772161603e-13,0.0,0.004602500004693866,True
2025-04-08,33864.62814307455,0.0,33864.62814307455,56441.12325806331,0.0,0.0,1200.0,1200.0,1200.0,10800.0,1.1368683772161603e-13,0.0,0.004721499979496002,True
2025-04-09,35946.148247057696,0.0,35946.148247057696,61238.82784755017,0.0,0.0,1200.0,1200.0,1200.0,10800.0,1.1368683772161603e-13,0.0,0.004668874986236915,True
2025-04-10,33845.55160408344,0.0,33845.55160408344,56525.667712364986,0.0,0.0,1200.0,1200.0,1200.0,10800.0,1.1368683772161603e-13,0.0,0.004648791014915332,True
2025-04-11,12711.14111488228,0.0,12711.14111488228,26193.18471093729,0.0,19541.74688746118,1200.0,1200.0,1200.0,10800.0,1.1368683772161603e-13,0.0,0.004417624993948266,True
2025-04-12,12464.837985895163,0.0,12464.837985895163,25545.245822048397,0.0,15243.04690412785,1200.0,1200.0,1200.0,10800.0,1.1368683772161603e-13,0.0,0.004481625015614554,True
2025-04-13,33395.04192836566,0.0,33395.04192836566,56291.721851253875,0.0,0.0,1200.0,1200.0,1200.0,10800.0,2.2737367544323206e-13,0.0,0.0046525829820893705,True
2025-04-14,32113.551920246406,0.0,32113.551920246406,54514.933649402024,0.0,0.0,1200.0,1200.0,1200.0,10800.0,1.1368683772161603e-13,0.0,0.004591292003169656,True
2025-04-15,31443.24978227535,0.0,31443.24978227535,52018.140453105734,0.0,0.0,1200.0,1200.0,1200.0,10800.0,1.1368683772161603e-13,0.0,0.004572792007820681,True
2025-04-16,33893.24006513863,0.0,33893.24006513863,57754.89462903165,0.0,0.0,1200.0,1200.0,1200.0,10800.0,1.1368683772161603e-13,0.0,0.0047264579916372895,True
2025-04-17,32720.219121765476,0.0,32720.219121765476,54815.649995698324,0.0,0.0,1200.0,1200.0,1200.0,10800.0,1.1368683772161603e-13,0.0,0.004548625001916662,True
2025-04-18,11907.386194520717,0.0,11907.386194520717,24971.31546093729,0.0,17336.281054127852,1200.0,1200.0,1200.0,10800.0,5.684341886080802e-14,0.0,0.00426699998206459,True
2025-04-19,11832.100261699055,0.0,11832.100261699055,24926.14152945581,0.0,16852.540620794516,1200.0,1200.0,1200.0,10800.0,1.1368683772161603e-13,0.0,0.004555415973300114,True
2025-04-20,31821.620109776126,0.0,31821.620109776126,53950.589921624254,0.0,0.0,1200.0,1200.0,1200.0,10800.0,1.1368683772161603e-13,0.0,0.004675749980378896,True
2025-04-21,30349.417131544065,0.0,30349.417131544065,50800.58101834469,0.0,431.4373041278533,1200.0,1200.0,1200.0,10800.0,1.1368683772161603e-13,0.0,0.004646500019589439,True
2025-04-22,31839.437031023997,0.0,31839.437031023997,54055.55119755017,0.0,0.0,1200.0,1200.0,1200.0,10800.0,1.1368683772161603e-13,0.0,0.004705375002231449,True
2025-04-23,31296.77006307594,0.0,31296.77006307594,53268.086197550176,0.0,0.0,1200.0,1200.0,1200.0,10800.0,2.2737367544323206e-13,0.0,0.004541083006188273,True
2025-04-24,29897.659187725734,0.0,29897.659187725734,49757.867201678026,0.0,829.170854127851,1200.0,1200.0,1200.0,10800.0,1.1368683772161603e-13,0.0,0.00453483298770152,True
2025-04-25,11425.814181846183,0.0,11425.814181846183,24105.718754455807,0.0,20866.18593746118,1200.0,1200.0,1200.0,10800.0,1.1368683772161603e-13,0.0,0.004426874977070838,True
2025-04-26,11801.670180317757,0.0,11801.670180317757,24595.162294270624,0.0,23296.25072079452,1200.0,1200.0,1200.0,10800.0,1.1368683772161603e-13,0.0,0.004486207995796576,True
2025-04-27,30868.43723033055,0.0,30868.43723033055,51372.374790566915,0.0,896.276187461187,1200.0,1200.0,1200.0,10800.0,1.1368683772161603e-13,0.0,0.004876874998444691,True
2025-04-28,34066.89536885603,0.0,34066.89536885603,58588.675806809435,0.0,0.0,1200.0,1200.0,1200.0,10800.0,1.1368683772161603e-13,0.0,0.0048430000024382025,True
2025-04-29,30295.782635919997,0.0,30295.782635919997,49845.23377760396,0.0,687.9972874611842,1200.0,1200.0,1200.0,10800.0,1.1368683772161603e-13,0.0,0.004668707988457754,True
2025-04-30,29645.82382486442,0.0,29645.82382486442,50023.68272532795,0.0,0.0,1200.0,1200.0,1200.0,10800.0,2.2737367544323206e-13,0.0,0.004748749983264133,True
2025-05-01,33472.73943160925,0.0,33472.73943160925,54059.235427603955,0.0,1138.2466207945185,1200.0,1200.0,1200.0,10800.0,1.1368683772161603e-13,0.0,0.00481787501485087,True
2025-05-02,14474.68089606291,0.0,14474.68089606291,27983.6975220484,0.0,12402.627504127853,1200.0,1200.0,1200.0,10800.0,1.1368683772161603e-13,0.0,0.0044502920063678175,True
2025-05-03,13876.121997191984,0.0,13876.121997191984,27086.55156464099,0.0,16967.946087461183,1200.0,1200.0,1200.0,10800.0,1.1368683772161603e-13,0.0,0.0045990409853402525,True
2025-05-04,32798.25827285756,0.0,32798.25827285756,53458.93784755018,0.0,0.0,1200.0,1200.0,1200.0,10800.0,2.2737367544323206e-13,0.0,0.004657792014768347,True
2025-05-05,34397.19299137547,0.0,34397.19299137547,57075.31966792054,0.0,0.0,1200.0,1200.0,1200.0,10800.0,2.2737367544323206e-13,0.0,0.004641791980247945,True
2025-05-06,33342.844243600906,0.0,33342.844243600906,54836.365110513136,0.0,0.0,1200.0,1200.0,1200.0,10800.0,1.1368683772161603e-13,0.0,0.00465783299296163,True
2025-05-07,34883.07180596361,0.0,34883.07180596361,56987.88161051314,0.0,0.0,1200.0,1200.0,1200.0,10800.0,1.1368683772161603e-13,0.0,0.00467525000567548,True
2025-05-08,34748.0903307601,0.0,34748.0903307601,57703.24699014277,0.0,0.0,1200.0,1200.0,1200.0,10800.0,1.1368683772161603e-13,0.0,0.004785375000210479,True
2025-05-09,13597.540434540502,0.0,13597.540434540502,26695.22957945581,0.0,16931.883370794516,1200.0,1200.0,1200.0,10800.0,5.684341886080802e-14,0.0,0.004597167018800974,True
2025-05-10,13591.819201175504,0.0,13591.819201175504,26754.67161464099,0.0,13389.33433746118,1200.0,1200.0,1200.0,10800.0,1.1368683772161603e-13,0.0,0.00457508402178064,True
2025-05-11,34593.08189461232,0.0,34593.08189461232,57320.82275680943,0.0,0.0,1200.0,1200.0,1200.0,10800.0,1.1368683772161603e-13,0.0,0.004668583016609773,True
2025-05-12,32789.630790485346,0.0,32789.630790485346,53583.85891421684,0.0,0.0,1200.0,1200.0,1200.0,10800.0,2.2737367544323206e-13,0.0,0.004642083018552512,True
2025-05-13,33139.01223146955,0.0,33139.01223146955,54961.245264216835,0.0,0.0,1200.0,1200.0,1200.0,10800.0,1.1368683772161603e-13,0.0,0.004848250013310462,True
2025-05-14,33084.52210909214,0.0,33084.52210909214,54821.310003105726,0.0,0.0,1200.0,1200.0,1200.0,10800.0,2.2737367544323206e-13,0.0,0.004691832989919931,True
2025-05-15,33133.54208847234,0.0,33133.54208847234,54603.50534384647,0.0,0.0,1200.0,1200.0,1200.0,10800.0,1.1368683772161603e-13,0.0,0.004823916999157518,True
2025-05-16,12816.607591452124,0.0,12816.607591452124,25631.92473315951,0.0,21728.24542079452,1200.0,1200.0,1200.0,10800.0,5.684341886080802e-14,0.0,0.004589207994285971,True
2025-05-17,13585.08368038643,0.0,13585.08368038643,26574.350501678033,0.0,14940.11115412785,1200.0,1200.0,1200.0,10800.0,2.2737367544323206e-13,0.0,0.004422708007041365,True
2025-05-18,32953.45080843547,0.0,32953.45080843547,55531.314706809426,0.0,0.0,1200.0,1200.0,1200.0,10800.0,1.1368683772161603e-13,0.0,0.004670249996706843,True
2025-05-19,30885.278061036654,0.0,30885.278061036654,50347.75796649284,0.0,1088.5013541278536,1200.0,1200.0,1200.0,10800.0,1.1368683772161603e-13,0.0,0.004766916012158617,True
2025-05-20,33824.48736930602,0.0,33824.48736930602,56302.09699199462,0.0,0.0,1200.0,1200.0,1200.0,10800.0,1.1368683772161603e-13,0.0,0.004706000006990507,True
2025-05-21,32628.274728335124,0.0,32628.274728335124,53046.15540125387,0.0,0.0,1200.0,1200.0,1200.0,10800.0,1.1368683772161603e-13,0.0,0.004676292010117322,True
2025-05-22,32063.12162100015,0.0,32063.12162100015,52563.28766606869,0.0,0.0,1200.0,1200.0,1200.0,10800.0,1.1368683772161603e-13,0.0,0.004592333978507668,True
2025-05-23,12772.52533138305,0.0,12772.52533138305,25553.182362789143,0.0,17934.745687461185,1200.0,1200.0,1200.0,10800.0,0.0,0.0,0.004478500020923093,True
2025-05-24,12599.041424148236,0.0,12599.041424148236,25435.895383159514,0.0,20499.672687461185,1200.0,1200.0,1200.0,10800.0,5.684341886080802e-14,0.0,0.004494416993111372,True
2025-05-25,31006.881805645535,0.0,31006.881805645535,50234.224117920545,0.0,0.0,1200.0,1200.0,1200.0,10800.0,1.1368683772161603e-13,0.0,0.004554792016278952,True
2025-05-26,33670.673367528805,0.0,33670.673367528805,56420.078104957574,0.0,0.0,1200.0,1200.0,1200.0,10800.0,2.2737367544323206e-13,0.0,0.004834167018998414,True
2025-05-27,31136.219581786605,0.0,31136.219581786605,51099.85942717981,0.0,0.0,1200.0,1200.0,1200.0,10800.0,1.1368683772161603e-13,0.0,0.004737457988085225,True
2025-05-28,32486.39595354973,0.0,32486.39595354973,54090.58338829092,0.0,0.0,1200.0,1200.0,1200.0,10800.0,1.1368683772161603e-13,0.0,0.0047767499927431345,True
2025-05-29,33758.01080077084,0.0,33758.01080077084,55993.251845698316,0.0,0.0,1200.0,1200.0,1200.0,10800.0,1.1368683772161603e-13,0.0,0.0048889169993344694,True
2025-05-30,12961.942642346941,0.0,12961.942642346941,25724.655092418772,0.0,17913.188587461183,1200.0,1200.0,1200.0,10800.0,1.1368683772161603e-13,0.0,0.004588582989526913,True
2025-05-31,12663.885924802587,0.0,12663.885924802587,25725.439843344695,0.0,16115.369437461184,1200.0,1200.0,1200.0,10800.0,1.1368683772161603e-13,0.0,0.004469209001399577,True
2025-06-01,44570.51808907293,0.0,44570.51808907293,73340.72108643905,0.0,0.0,1200.0,1200.0,1200.0,10800.0,1.1368683772161603e-13,0.0,0.004685291991336271,True
2025-06-02,43738.9650082457,0.0,43738.9650082457,70811.59404569832,0.0,0.0,1200.0,1200.0,1200.0,10800.0,1.1368683772161603e-13,0.0,0.004627290996722877,True
2025-06-03,43048.73412060243,0.0,43048.73412060243,70352.8858432485,0.0,0.0,1200.0,1200.0,1200.0,10800.0,1.1368683772161603e-13,0.0,0.004821874987101182,True
2025-06-04,43571.30518578718,0.0,43571.30518578718,71763.60798273535,0.0,0.0,1200.0,1200.0,1200.0,10800.0,1.1368683772161603e-13,0.0,0.004815666994545609,True
2025-06-05,44780.90325977397,0.0,44780.90325977397,73348.80778310573,0.0,0.0,1200.0,1200.0,1200.0,10800.0,1.1368683772161603e-13,0.0,0.004695458017522469,True
2025-06-06,19885.022746476046,0.0,19885.022746476046,34867.12411278914,0.0,2713.7974874611864,1200.0,1200.0,1200.0,10800.0,1.1368683772161603e-13,0.0,0.004553042002953589,True
2025-06-07,18879.83241677012,0.0,18879.83241677012,33688.562101678035,0.0,1267.8565207945178,1200.0,1200.0,1200.0,10800.0,1.1368683772161603e-13,0.0,0.004647833004128188,True
2025-06-08,41431.491908757926,0.0,41431.491908757926,67105.5090734761,0.0,0.0,1200.0,1200.0,1200.0,10800.0,1.1368683772161603e-13,0.0,0.004698707984061912,True
2025-06-09,45072.126992416626,0.0,45072.126992416626,73137.84234014276,0.0,0.0,1200.0,1200.0,1200.0,10800.0,1.1368683772161603e-13,0.0,0.00459916700492613,True
2025-06-10,45135.52028961308,0.0,45135.52028961308,73828.14997921683,0.0,0.0,1200.0,1200.0,1200.0,10800.0,2.2737367544323206e-13,0.0,0.004582708002999425,True
2025-06-11,48538.871592228475,0.0,48538.871592228475,78546.37454940203,0.0,0.0,1200.0,1200.0,1200.0,10800.0,2.2737367544323206e-13,0.0,0.004791707993717864,True
2025-06-12,46011.37521331578,0.0,46011.37521331578,74745.84185366129,0.0,0.0,1200.0,1200.0,1200.0,10800.0,1.1368683772161603e-13,0.0,0.004666708002332598,True
2025-06-13,18743.724560593644,0.0,18743.724560593644,33246.444303529875,0.0,3598.502874498221,1200.0,1200.0,1200.0,10800.0,1.1368683772161603e-13,0.0,0.004497957997955382,True
2025-06-14,18653.05589669253,0.0,18653.05589669253,33316.93404241877,0.0,5859.216154127849,1200.0,1200.0,1200.0,10800.0,2.2737367544323206e-13,0.0,0.00462479199632071,True
2025-06-15,44293.50557097645,0.0,44293.50557097645,72858.2077771798,0.0,0.0,1200.0,1200.0,1200.0,10800.0,2.2737367544323206e-13,0.0,0.004794750013388693,True
2025-06-16,45908.1933353559,0.0,45908.1933353559,74989.29223213738,0.0,0.0,1200.0,1200.0,1200.0,10800.0,2.2737367544323206e-13,0.0,0.0047677080146968365,True
2025-06-17,47357.23336761571,0.0,47357.23336761571,77015.32705680943,0.0,0.0,1200.0,1200.0,1200.0,10800.0,2.2737367544323206e-13,0.0,0.004929791000904515,True
2025-06-18,44574.65305122014,0.0,44574.65305122014,73081.02472717981,0.0,0.0,1200.0,1200.0,1200.0,10800.0,2.2737367544323206e-13,0.0,0.004578666994348168,True
2025-06-19,43269.97372340182,0.0,43269.97372340182,70426.80650310572,0.0,0.0,1200.0,1200.0,1200.0,10800.0,1.1368683772161603e-13,0.0,0.00454829100635834,True
2025-06-20,17437.541914581532,0.0,17437.541914581532,31483.225318344696,0.0,7851.798337461187,1200.0,1200.0,1200.0,10800.0,1.1368683772161603e-13,0.0,0.004388250003103167,True
2025-06-21,16923.15455005912,0.0,16923.15455005912,31438.2995720484,0.0,10839.997537461184,1200.0,1200.0,1200.0,10800.0,1.1368683772161603e-13,0.0,0.0044694580137729645,True
2025-06-22,42450.912915414774,0.0,42450.912915414774,69560.60024940202,0.0,0.0,1200.0,1200.0,1200.0,10800.0,2.2737367544323206e-13,0.0,0.004625750007107854,True
2025-06-23,42759.13995845423,0.0,42759.13995845423,69241.83122903165,0.0,0.0,1200.0,1200.0,1200.0,10800.0,1.1368683772161603e-13,0.0,0.004674417024943978,True
2025-06-24,48259.00916620436,0.0,48259.00916620436,78677.33329139664,0.0,0.0,1200.0,1200.0,1200.0,10800.0,1.1368683772161603e-13,0.0,0.004739708005217835,True
2025-06-25,43933.81936814738,0.0,43933.81936814738,72675.97695310574,0.0,0.0,1200.0,1200.0,1200.0,10800.0,1.1368683772161603e-13,0.0,0.00476816701120697,True
2025-06-26,42448.190404549045,0.0,42448.190404549045,69710.70097658184,0.0,0.0,1200.0,1200.0,1200.0,10800.0,2.2737367544323206e-13,0.0,0.004846166004426777,True
2025-06-27,16827.894015371156,0.0,16827.894015371156,30805.282622048395,0.0,9780.38752079452,1200.0,1200.0,1200.0,10800.0,2.2737367544323206e-13,0.0,0.004425874998560175,True
2025-06-28,16942.676474469303,0.0,16942.676474469303,31340.36653686321,0.0,8307.712720794516,1200.0,1200.0,1200.0,10800.0,1.1368683772161603e-13,0.0,0.004653500014683232,True
2025-06-29,43223.1203822017,0.0,43223.1203822017,71392.24400643905,0.0,0.0,1200.0,1200.0,1200.0,10800.0,1.1368683772161603e-13,0.0,0.004859333974309266,True
2025-06-30,43657.29669804901,0.0,43657.29669804901,72049.598761767,0.0,0.0,1200.0,1200.0,1200.0,10800.0,1.1368683772161603e-13,0.0,0.004813083010958508,True
2025-07-01,50157.79620410443,0.0,50157.79620410443,81069.92081547072,0.0,0.0,1200.0,1200.0,1200.0,10800.0,2.2737367544323206e-13,0.0,0.004682583006797358,True
2025-07-02,46720.36893220256,0.0,46720.36893220256,74893.01129384647,0.0,0.0,1200.0,1200.0,1200.0,10800.0,1.1368683772161603e-13,0.0,0.004501250019529834,True
2025-07-03,51045.88592443016,0.0,51045.88592443016,82021.37198213738,0.0,0.0,1200.0,1200.0,1200.0,10800.0,2.2737367544323206e-13,0.0,0.004692791000707075,True
2025-07-04,23485.31177846166,0.0,23485.31177846166,40508.355242418766,0.0,10308.367687461185,1200.0,1200.0,1200.0,10800.0,1.1368683772161603e-13,0.0,0.004439791984623298,True
2025-07-05,23836.08003212379,0.0,23836.08003212379,41030.915488715065,0.0,10911.068120794516,1200.0,1200.0,1200.0,10800.0,1.1368683772161603e-13,0.0,0.004481209005462006,True
2025-07-06,51523.16855727167,0.0,51523.16855727167,82101.25113069832,0.0,0.0,1200.0,1200.0,1200.0,10800.0,2.2737367544323206e-13,0.0,0.004532874998403713,True
2025-07-07,46928.833011803115,0.0,46928.833011803115,75372.56510495758,0.0,0.0,1200.0,1200.0,1200.0,10800.0,1.1368683772161603e-13,0.0,0.004655124997952953,True
2025-07-08,49055.47252098875,0.0,49055.47252098875,77774.81700250774,0.0,0.0,1200.0,1200.0,1200.0,10800.0,2.2737367544323206e-13,0.0,0.004745707992697135,True
2025-07-09,47564.425616113294,0.0,47564.425616113294,76187.44949569831,0.0,0.0,1200.0,1200.0,1200.0,10800.0,1.1368683772161603e-13,0.0,0.0049733339983504266,True
2025-07-10,47257.813468176995,0.0,47257.813468176995,74952.5809308835,0.0,0.0,1200.0,1200.0,1200.0,10800.0,1.1368683772161603e-13,0.0,0.004915917001198977,True
2025-07-11,23463.509194682865,0.0,23463.509194682865,40713.94321093729,0.0,6829.016620794517,1200.0,1200.0,1200.0,10800.0,1.1368683772161603e-13,0.0,0.004586916998960078,True
2025-07-12,23817.017236335276,0.0,23817.017236335276,40974.58986649284,0.0,8563.625654127849,1200.0,1200.0,1200.0,10800.0,1.1368683772161603e-13,0.0,0.0045968750200700015,True
2025-07-13,45307.233031832,0.0,45307.233031832,71295.5064734761,0.0,0.0,1200.0,1200.0,1200.0,10800.0,2.2737367544323206e-13,0.0,0.004565125011140481,True
2025-07-14,46488.84025803089,0.0,46488.84025803089,73752.94344755018,0.0,0.0,1200.0,1200.0,1200.0,10800.0,1.1368683772161603e-13,0.0,0.004654707998270169,True
2025-07-15,46747.581860629594,0.0,46747.581860629594,74712.97656421683,0.0,0.0,1200.0,1200.0,1200.0,10800.0,1.1368683772161603e-13,0.0,0.004753332992549986,True
2025-07-16,46558.88860591255,0.0,46558.88860591255,74103.33474940201,0.0,0.0,1200.0,1200.0,1200.0,10800.0,2.2737367544323206e-13,0.0,0.004726582992589101,True
2025-07-17,47184.792555797554,0.0,47184.792555797554,74843.89907532795,0.0,0.0,1200.0,1200.0,1200.0,10800.0,1.1368683772161603e-13,0.0,0.004866457980824634,True
2025-07-18,22734.490343351383,0.0,22734.490343351383,39378.70095723358,0.0,6798.913320794516,1200.0,1200.0,1200.0,10800.0,1.1368683772161603e-13,0.0,0.004512417013756931,True
2025-07-19,23423.086500181016,0.0,23423.086500181016,39981.597503529876,0.0,11551.590504127851,1200.0,1200.0,1200.0,10800.0,1.1368683772161603e-13,0.0,0.004549082979792729,True
2025-07-20,46234.944511003116,0.0,46234.944511003116,74102.13613273535,0.0,0.0,1200.0,1200.0,1200.0,10800.0,2.2737367544323206e-13,0.0,0.004812166007468477,True
2025-07-21,47627.09223884867,0.0,47627.09223884867,76076.79252162424,0.0,0.0,1200.0,1200.0,1200.0,10800.0,1.7053025658242404e-13,0.0,0.004725791979581118,True
2025-07-22,47350.79651178515,0.0,47350.79651178515,75888.55981792054,0.0,0.0,1200.0,1200.0,1200.0,10800.0,2.2737367544323206e-13,0.0,0.0047767499927431345,True
2025-07-23,47925.3425442983,0.0,47925.3425442983,76385.2983771798,0.0,0.0,1200.0,1200.0,1200.0,10800.0,1.1368683772161603e-13,0.0,0.004860958986682817,True
2025-07-24,47495.148885129034,0.0,47495.148885129034,75653.37720310572,0.0,0.0,1200.0,1200.0,1200.0,10800.0,2.2737367544323206e-13,0.0,0.004817917011678219,True
2025-07-25,22441.25301823231,0.0,22441.25301823231,38843.00504241877,0.0,11042.912737461185,1200.0,1200.0,1200.0,10800.0,0.0,0.0,0.00468437498784624,True
2025-07-26,22753.091062626383,0.0,22753.091062626383,39363.59401278914,0.0,9585.997604127855,1200.0,1200.0,1200.0,10800.0,1.1368683772161603e-13,0.0,0.004722625017166138,True
2025-07-27,47231.90803893024,0.0,47231.90803893024,75884.45448769294,0.0,0.0,1200.0,1200.0,1200.0,10800.0,1.1368683772161603e-13,0.0,0.00480812499881722,True
2025-07-28,49756.2713012807,0.0,49756.2713012807,80139.19429755017,0.0,0.0,1200.0,1200.0,1200.0,10800.0,1.1368683772161603e-13,0.0,0.0046409999777097255,True
2025-07-29,48434.95752529878,0.0,48434.95752529878,78203.47598495758,0.0,0.0,1200.0,1200.0,1200.0,10800.0,1.1368683772161603e-13,0.0,0.0047155829961411655,True
2025-07-30,47573.74440093875,0.0,47573.74440093875,76242.14355250775,0.0,0.0,1200.0,1200.0,1200.0,10800.0,1.7053025658242404e-13,0.0,0.0046189169806893915,True
2025-07-31,48074.12325492922,0.0,48074.12325492922,76881.49904384647,0.0,0.0,1200.0,1200.0,1200.0,10800.0,2.2737367544323206e-13,0.0,0.004818832996534184,True
2025-08-01,22013.768130065826,0.0,22013.768130065826,38160.12394427062,0.0,15660.06228746118,1200.0,1200.0,1200.0,10800.0,2.2737367544323206e-13,0.0,0.004636124998796731,True
2025-08-02,21888.44648547713,0.0,21888.44648547713,37874.554199826176,0.0,15671.299220794519,1200.0,1200.0,1200.0,10800.0,5.684341886080802e-14,0.0,0.004719500022474676,True
2025-08-03,41685.77600246763,0.0,41685.77600246763,64720.29319427062,0.0,25.40595412784699,1200.0,1200.0,1200.0,10800.0,1.1368683772161603e-13,0.0,0.004626375011866912,True
2025-08-04,42797.87804722017,0.0,42797.87804722017,67275.13388088351,0.0,0.0,1200.0,1200.0,1200.0,10800.0,1.1368683772161603e-13,0.0,0.004519333015196025,True
2025-08-05,42312.9805551809,0.0,42312.9805551809,67051.44523643906,0.0,0.0,1200.0,1200.0,1200.0,10800.0,1.1368683772161603e-13,0.0,0.004660125006921589,True
2025-08-06,44420.81130567366,0.0,44420.81130567366,70034.30345125389,0.0,0.0,1200.0,1200.0,1200.0,10800.0,1.1368683772161603e-13,0.0,0.00468608399387449,True
2025-08-07,41816.6872826332,0.0,41816.6872826332,65421.47364982617,0.0,112.78968746118446,1200.0,1200.0,1200.0,10800.0,1.1368683772161603e-13,0.0,0.004690457979450002,True
2025-08-08,21490.092260204718,0.0,21490.092260204718,37539.4547757521,0.0,20446.17157079452,1200.0,1200.0,1200.0,10800.0,1.1368683772161603e-13,0.0,0.004416000010678545,True
2025-08-09,21706.781730743423,0.0,21706.781730743423,37903.680057233585,0.0,17668.202870794517,1200.0,1200.0,1200.0,10800.0,5.684341886080802e-14,0.0,0.004569833021378145,True
2025-08-10,42665.30351381701,0.0,42665.30351381701,67136.0120697724,0.0,0.0,1200.0,1200.0,1200.0,10800.0,2.2737367544323206e-13,0.0,0.00457616601488553,True
2025-08-11,42311.90395289239,0.0,42311.90395289239,66512.26334384647,0.0,0.0,1200.0,1200.0,1200.0,10800.0,1.1368683772161603e-13,0.0,0.0045599580043926835,True
2025-08-12,44318.77471807385,0.0,44318.77471807385,69611.26637903164,0.0,0.0,1200.0,1200.0,1200.0,10800.0,2.2737367544323206e-13,0.0,0.004550708021270111,True
2025-08-13,42800.355818123295,0.0,42800.355818123295,67986.65708088351,0.0,0.0,1200.0,1200.0,1200.0,10800.0,1.1368683772161603e-13,0.0,0.004570666002109647,True
2025-08-14,43227.01229481756,0.0,43227.01229481756,67959.44680125389,0.0,0.0,1200.0,1200.0,1200.0,10800.0,1.1368683772161603e-13,0.0,0.004596957995090634,True
2025-08-15,21721.855055555276,0.0,21721.855055555276,38098.329162789145,0.0,19603.960454127853,1200.0,1200.0,1200.0,10800.0,1.1368683772161603e-13,0.0,0.004502374998992309,True
2025-08-16,21812.06427068472,0.0,21812.06427068472,37923.43344612248,0.0,19684.52458746118,1200.0,1200.0,1200.0,10800.0,1.1368683772161603e-13,0.0,0.004532958992058411,True
2025-08-17,41849.55640686614,0.0,41849.55640686614,65079.974375327954,0.0,0.0,1200.0,1200.0,1200.0,10800.0,1.1368683772161603e-13,0.0,0.004510291997576132,True
2025-08-18,42393.63043993145,0.0,42393.63043993145,66360.92984569832,0.0,0.0,1200.0,1200.0,1200.0,10800.0,1.1368683772161603e-13,0.0,0.004590625001583248,True
2025-08-19,42341.402993505166,0.0,42341.402993505166,66170.52836606868,0.0,0.0,1200.0,1200.0,1200.0,10800.0,2.2737367544323206e-13,0.0,0.004568415984977037,True
2025-08-20,45433.07588338527,0.0,45433.07588338527,72793.43252102628,0.0,0.0,1200.0,1200.0,1200.0,10800.0,1.1368683772161603e-13,0.0,0.0047441670030821115,True
2025-08-21,42854.28194882959,0.0,42854.28194882959,67705.78750495758,0.0,0.0,1200.0,1200.0,1200.0,10800.0,1.1368683772161603e-13,0.0,0.004757499991683289,True
2025-08-22,22665.581402224532,0.0,22665.581402224532,38910.82377760395,0.0,16358.985837461189,1200.0,1200.0,1200.0,10800.0,1.1368683772161603e-13,0.0,0.004447124985745177,True
2025-08-23,22099.596447655087,0.0,22099.596447655087,38233.8130720484,0.0,14400.114320794513,1200.0,1200.0,1200.0,10800.0,1.1368683772161603e-13,0.0,0.0044491669978015125,True
2025-08-24,42847.53327525318,0.0,42847.53327525318,66541.00525167803,0.0,810.9174874611867,1200.0,1200.0,1200.0,10800.0,2.2737367544323206e-13,0.0,0.004678375000366941,True
2025-08-25,45892.33942361848,0.0,45892.33942361848,72816.13268088351,0.0,0.0,1200.0,1200.0,1200.0,10800.0,1.1368683772161603e-13,0.0,0.005188459006603807,True
2025-08-26,43107.63031930626,0.0,43107.63031930626,67514.10471792055,0.0,0.0,1200.0,1200.0,1200.0,10800.0,2.2737367544323206e-13,0.0,0.005465458001708612,True
2025-08-27,44502.96705414367,0.0,44502.96705414367,70017.56390310574,0.0,0.0,1200.0,1200.0,1200.0,10800.0,1.1368683772161603e-13,0.0,0.005811000009998679,True
2025-08-28,45614.91962482034,0.0,45614.91962482034,72875.2435345872,0.0,0.0,1200.0,1200.0,1200.0,10800.0,1.1368683772161603e-13,0.0,0.005179291998501867,True
2025-08-29,22469.535553053236,0.0,22469.535553053236,38902.23289056692,0.0,14921.894954127853,1200.0,1200.0,1200.0,10800.0,1.1368683772161603e-13,0.0,0.004865875001996756,True
2025-08-30,22504.80502166861,0.0,22504.80502166861,38660.72081093729,0.0,18850.181787461184,1200.0,1200.0,1200.0,10800.0,1.1368683772161603e-13,0.0,0.004962458013324067,True
2025-08-31,43721.084133862925,0.0,43721.084133862925,68663.70237717981,0.0,0.0,1200.0,1200.0,1200.0,10800.0,1.1368683772161603e-13,0.0,0.0050938329950440675,True
2025-09-01,34314.17830221293,0.0,34314.17830221293,55396.00993829092,0.0,0.0,1200.0,1200.0,1200.0,10800.0,1.1368683772161603e-13,0.0,0.005325417005224153,True
2025-09-02,34641.83475585442,0.0,34641.83475585442,56054.84888643906,0.0,0.0,1200.0,1200.0,1200.0,10800.0,1.1368683772161603e-13,0.0,0.005466959002660587,True
2025-09-03,35961.57740959275,0.0,35961.57740959275,57366.28164755017,0.0,0.0,1200.0,1200.0,1200.0,10800.0,1.1368683772161603e-13,0.0,0.0055191669962368906,True
2025-09-04,35680.72120977258,0.0,35680.72120977258,56617.56511649284,0.0,751.2862874611832,1200.0,1200.0,1200.0,10800.0,1.1368683772161603e-13,0.0,0.005282500002067536,True
2025-09-05,15544.934681728564,0.0,15544.934681728564,29216.34591464099,0.0,21063.41427079452,1200.0,1200.0,1200.0,10800.0,1.1368683772161603e-13,0.0,0.005093749990919605,True
2025-09-06,15690.478768803225,0.0,15690.478768803225,29646.22782390025,0.0,20575.095587461183,1200.0,1200.0,1200.0,10800.0,1.1368683772161603e-13,0.0,0.0048437500081490725,True
2025-09-07,35063.12055975788,0.0,35063.12055975788,56925.82247903165,0.0,0.0,1200.0,1200.0,1200.0,10800.0,1.1368683772161603e-13,0.0,0.004955042008077726,True
2025-09-08,37833.06566185436,0.0,37833.06566185436,61372.20246792054,0.0,0.0,1200.0,1200.0,1200.0,10800.0,1.1368683772161603e-13,0.0,0.004973833012627438,True
2025-09-09,35822.351244236284,0.0,35822.351244236284,56871.26429612247,0.0,1843.5218707945205,1200.0,1200.0,1200.0,10800.0,1.1368683772161603e-13,0.0,0.004878292005741969,True
2025-09-10,38618.904248482584,0.0,38618.904248482584,63448.52105991516,0.0,0.0,1200.0,1200.0,1200.0,10800.0,1.1368683772161603e-13,0.0,0.0050887499819509685,True
2025-09-11,35584.5652476611,0.0,35584.5652476611,56935.35118686321,0.0,1415.951804127853,1200.0,1200.0,1200.0,10800.0,1.1368683772161603e-13,0.0,0.004989165987353772,True
2025-09-12,16282.447218214707,0.0,16282.447218214707,30570.344677603956,0.0,17619.706454127852,1200.0,1200.0,1200.0,10800.0,1.1368683772161603e-13,0.0,0.004843500006245449,True
2025-09-13,16353.591437097299,0.0,16353.591437097299,30490.944377603955,0.0,21102.20725412785,1200.0,1200.0,1200.0,10800.0,1.1368683772161603e-13,0.0,0.004742916993563995,True
2025-09-14,38112.853403058434,0.0,38112.853403058434,62192.83991236499,0.0,0.0,1200.0,1200.0,1200.0,10800.0,1.1368683772161603e-13,0.0,0.004856290994212031,True
2025-09-15,36426.26133595884,0.0,36426.26133595884,58478.92786033932,0.0,1306.5888041278517,1200.0,1200.0,1200.0,10800.0,1.1368683772161603e-13,0.0,0.004877875006059185,True
2025-09-16,37961.90837577528,0.0,37961.90837577528,61551.97525680943,0.0,0.0,1200.0,1200.0,1200.0,10800.0,1.1368683772161603e-13,0.0,0.004750708001665771,True
2025-09-17,38023.83133421019,0.0,38023.83133421019,62050.6615495448,0.0,0.0,1200.0,1200.0,1200.0,10800.0,1.1368683772161603e-13,0.0,0.004861875000642613,True
2025-09-18,37797.32366232184,0.0,37797.32366232184,61061.06258213738,0.0,0.0,1200.0,1200.0,1200.0,10800.0,2.2737367544323206e-13,0.0,0.004787834011949599,True
2025-09-19,16615.262608948782,0.0,16615.262608948782,30983.02927945581,0.0,13472.132970794517,1200.0,1200.0,1200.0,10800.0,1.1368683772161603e-13,0.0,0.0048726660024840385,True
2025-09-20,16719.423864676748,0.0,16719.423864676748,31187.87809427062,0.0,14097.938854127857,1200.0,1200.0,1200.0,10800.0,1.1368683772161603e-13,0.0,0.005108041979838163,True
2025-09-21,37341.0769057614,0.0,37341.0769057614,60312.90088829091,0.0,0.0,1200.0,1200.0,1200.0,10800.0,2.2737367544323206e-13,0.0,0.0049365840095561,True
2025-09-22,38701.47080406204,0.0,38701.47080406204,62707.63711732257,0.0,0.0,1200.0,1200.0,1200.0,10800.0,1.1368683772161603e-13,0.0,0.005819249985506758,True
2025-09-23,39909.85925583392,0.0,39909.85925583392,64250.439113618864,0.0,0.0,1200.0,1200.0,1200.0,10800.0,1.1368683772161603e-13,0.0,0.005509875016286969,True
2025-09-24,38843.68340802443,0.0,38843.68340802443,63160.62469940202,0.0,0.0,1200.0,1200.0,1200.0,10800.0,1.1368683772161603e-13,0.0,0.005421082983957604,True
2025-09-25,38627.29164065744,0.0,38627.29164065744,62433.00068398924,0.0,0.0,1200.0,1200.0,1200.0,10800.0,1.1368683772161603e-13,0.0,0.005948124977294356,True
2025-09-26,16294.9466832523,0.0,16294.9466832523,30669.39210352988,0.0,11536.651420794522,1200.0,1200.0,1200.0,10800.0,1.1368683772161603e-13,0.0,0.00479395900038071,True
2025-09-27,17690.0141123486,0.0,17690.0141123486,32514.25576464099,0.0,13247.773904127851,1200.0,1200.0,1200.0,10800.0,2.2737367544323206e-13,0.0,0.004750082996906713,True
2025-09-28,40148.38462970979,0.0,40148.38462970979,65635.17477903166,0.0,0.0,1200.0,1200.0,1200.0,10800.0,1.1368683772161603e-13,0.0,0.004869707976467907,True
2025-09-29,40077.04624065169,0.0,40077.04624065169,64885.95705866128,0.0,0.0,1200.0,1200.0,1200.0,10800.0,1.1368683772161603e-13,0.0,0.004858291998971254,True
2025-09-30,41854.38392722531,0.0,41854.38392722531,67662.77273417442,0.0,0.0,1200.0,1200.0,1200.0,10800.0,1.1368683772161603e-13,0.0,0.004793542000697926,True
2025-10-01,33302.77758502647,0.0,33302.77758502647,54928.9415294558,0.0,3211.315554127852,1200.0,1200.0,1200.0,10800.0,1.2789769243681803e-13,0.0,0.004795082990312949,True
2025-10-02,33186.887998582555,0.0,33186.887998582555,54989.58098070969,0.0,1170.8120374611829,1200.0,1200.0,1200.0,10800.0,1.1368683772161603e-13,0.0,0.004716625000583008,True
2025-10-03,13933.95318979654,0.0,13933.95318979654,27837.919192418773,0.0,18580.568637461187,1200.0,1200.0,1200.0,10800.0,1.1368683772161603e-13,0.0,0.004717042000265792,True
2025-10-04,14825.43305810339,0.0,14825.43305810339,29381.5351757521,0.0,14785.84477079452,1200.0,1200.0,1200.0,10800.0,5.684341886080802e-14,0.0,0.004700708988821134,True
2025-10-05,34369.225909540095,0.0,34369.225909540095,56820.0027932485,0.0,0.0,1200.0,1200.0,1200.0,10800.0,1.1368683772161603e-13,0.0,0.00464741702307947,True
2025-10-06,36162.18240631801,0.0,36162.18240631801,59825.686498804054,0.0,0.0,1200.0,1200.0,1200.0,10800.0,1.1368683772161603e-13,0.0,0.0047774999984540045,True
2025-10-07,36143.80673334739,0.0,36143.80673334739,59892.26228458721,0.0,0.0,1200.0,1200.0,1200.0,10800.0,1.2079226507921703e-13,0.0,0.0048122910084202886,True
2025-10-08,35388.46136065923,0.0,35388.46136065923,58565.20574139665,0.0,0.0,1200.0,1200.0,1200.0,10800.0,1.1368683772161603e-13,0.0,0.004630333016393706,True
2025-10-09,35406.19460067526,0.0,35406.19460067526,57853.17829199461,0.0,0.0,1200.0,1200.0,1200.0,10800.0,1.1368683772161603e-13,0.0,0.004687083011958748,True
2025-10-10,15129.775308344313,0.0,15129.775308344313,29721.61038871506,0.0,18871.109504127853,1200.0,1200.0,1200.0,10800.0,1.1368683772161603e-13,0.0,0.004549208999378607,True
2025-10-11,15198.351305885459,0.0,15198.351305885459,29756.589423900255,0.0,14133.336737461184,1200.0,1200.0,1200.0,10800.0,1.1368683772161603e-13,0.0,0.004578374995617196,True
2025-10-12,36634.176496642576,0.0,36634.176496642576,60624.69936236498,0.0,0.0,1200.0,1200.0,1200.0,10800.0,1.1368683772161603e-13,0.0,0.004727874998934567,True
2025-10-13,36121.357350820464,0.0,36121.357350820464,59147.60528458721,0.0,0.0,1200.0,1200.0,1200.0,10800.0,1.1368683772161603e-13,0.0,0.004725000006146729,True
2025-10-14,38310.231643048246,0.0,38310.231643048246,62952.943945100356,0.0,0.0,1200.0,1200.0,1200.0,10800.0,1.1368683772161603e-13,0.0,0.004793583007995039,True
2025-10-15,38604.5108447374,0.0,38604.5108447374,64127.83438643906,0.0,0.0,1200.0,1200.0,1200.0,10800.0,1.7053025658242404e-13,0.0,0.004770540981553495,True
2025-10-16,39863.353565587284,0.0,39863.353565587284,65201.67571732257,0.0,0.0,1200.0,1200.0,1200.0,10800.0,1.1368683772161603e-13,0.0,0.00477879200479947,True
2025-10-17,15341.71723751453,0.0,15341.71723751453,29936.132507233586,0.0,12419.503537461182,1200.0,1200.0,1200.0,10800.0,1.1368683772161603e-13,0.0,0.004546124982880428,True
2025-10-18,15444.13661456506,0.0,15444.13661456506,30198.196227603956,0.0,12608.707387461189,1200.0,1200.0,1200.0,10800.0,1.1368683772161603e-13,0.0,0.004591166012687609,True
2025-10-19,40421.05215698328,0.0,40421.05215698328,66145.19016917443,0.0,0.0,1200.0,1200.0,1200.0,10800.0,1.1368683772161603e-13,0.0,0.004686458996729925,True
2025-10-20,40644.32448066769,0.0,40644.32448066769,66639.37852102627,0.0,0.0,1200.0,1200.0,1200.0,10800.0,1.1368683772161603e-13,0.0,0.004753332992549986,True
2025-10-21,41505.486798873775,0.0,41505.486798873775,68706.17459139664,0.0,0.0,1200.0,1200.0,1200.0,10800.0,1.1368683772161603e-13,0.0,0.004810666985576972,True
2025-10-22,41480.590996205625,0.0,41480.590996205625,67734.76279510034,0.0,0.0,1200.0,1200.0,1200.0,10800.0,1.4210854715202004e-13,0.0,0.004896875005215406,True
2025-10-23,39995.79239048199,0.0,39995.79239048199,65601.15580621146,0.0,0.0,1200.0,1200.0,1200.0,10800.0,1.1368683772161603e-13,0.0,0.0048755829920992255,True
2025-10-24,16372.419894738234,0.0,16372.419894738234,31497.287270196546,0.0,11478.078720794518,1200.0,1200.0,1200.0,10800.0,1.1368683772161603e-13,0.0,0.004670249996706843,True
2025-10-25,16104.232236027308,0.0,16104.232236027308,31028.742075752103,0.0,10078.221237461185,1200.0,1200.0,1200.0,10800.0,1.1368683772161603e-13,0.0,0.0046327090240083635,True
2025-10-26,40485.968460442426,0.0,40485.968460442426,66761.13878954478,0.0,0.0,1200.0,1200.0,1200.0,10800.0,1.1368683772161603e-13,0.0,0.004640166996978223,True
2025-10-27,40466.70385096564,0.0,40466.70385096564,65796.06975991518,0.0,0.0,1200.0,1200.0,1200.0,10800.0,1.1368683772161603e-13,0.0,0.004725666018202901,True
2025-10-28,41615.81876430284,0.0,41615.81876430284,68197.75360065591,0.0,0.0,1200.0,1200.0,1200.0,10800.0,1.1368683772161603e-13,0.0,0.00484141701599583,True
2025-10-29,43853.62002939588,0.0,43853.62002939588,71579.37108954479,0.0,0.0,1200.0,1200.0,1200.0,10800.0,2.2737367544323206e-13,0.0,0.0048513750080019236,True
2025-10-30,41074.60082218452,0.0,41074.60082218452,67018.28104880406,0.0,0.0,1200.0,1200.0,1200.0,10800.0,2.2737367544323206e-13,0.0,0.004825083015020937,True
2025-10-31,16697.37547306842,0.0,16697.37547306842,31949.225877603956,0.0,6426.944954127857,1200.0,1200.0,1200.0,10800.0,1.1368683772161603e-13,0.0,0.004501874995185062,True
2025-11-01,16433.413797421726,0.0,16433.413797421726,31779.221859085435,0.0,7630.20258746118,1200.0,1200.0,1200.0,10800.0,1.1368683772161603e-13,0.0,0.004443749989150092,True
2025-11-02,43611.30332481051,0.0,43611.30332481051,71067.51715806332,0.0,0.0,1200.0,1200.0,1200.0,10800.0,1.1368683772161603e-13,0.0,0.004741124983411282,True
2025-11-03,43633.84564552331,0.0,43633.84564552331,71743.20444139664,0.0,0.0,1200.0,1200.0,1200.0,10800.0,1.1368683772161603e-13,0.0,0.004778167000040412,True
2025-11-04,42928.805042614855,0.0,42928.805042614855,69818.88070435962,0.0,0.0,1200.0,1200.0,1200.0,10800.0,1.1368683772161603e-13,0.0,0.004749874991830438,True
2025-11-05,44077.54376235245,0.0,44077.54376235245,71937.66598769293,0.0,0.0,1200.0,1200.0,1200.0,10800.0,2.2737367544323206e-13,0.0,0.004855207982473075,True
2025-11-06,45322.42399586073,0.0,45322.42399586073,73678.10982658183,0.0,0.0,1200.0,1200.0,1200.0,10800.0,2.2737367544323206e-13,0.0,0.004558584012556821,True
2025-11-07,16972.633508198975,0.0,16972.633508198975,32807.83001093729,0.0,7777.199715238965,1200.0,1200.0,1200.0,10800.0,1.1368683772161603e-13,0.0,0.004446000006282702,True
2025-11-08,16663.496959493204,0.0,16663.496959493204,32085.53916278914,0.0,6651.293220794522,1200.0,1200.0,1200.0,10800.0,1.1368683772161603e-13,0.0,0.004436208022525534,True
2025-11-09,45340.38871892551,0.0,45340.38871892551,73660.11832472998,0.0,0.0,1200.0,1200.0,1200.0,10800.0,2.2737367544323206e-13,0.0,0.004605333000654355,True
2025-11-10,47024.96403091239,0.0,47024.96403091239,76228.06899569831,0.0,0.0,1200.0,1200.0,1200.0,10800.0,1.7053025658242404e-13,0.0,0.0047546669957228005,True
2025-11-11,45567.18363317758,0.0,45567.18363317758,73881.83094014277,0.0,0.0,1200.0,1200.0,1200.0,10800.0,1.7053025658242404e-13,0.0,0.004765833989949897,True
2025-11-12,45322.10634109906,0.0,45322.10634109906,73323.80724384647,0.0,0.0,1200.0,1200.0,1200.0,10800.0,2.2737367544323206e-13,0.0,0.004726666986243799,True
2025-11-13,45946.78852450681,0.0,45946.78852450681,74734.08460250776,0.0,0.0,1200.0,1200.0,1200.0,10800.0,2.2737367544323206e-13,0.0,0.004874625010415912,True
2025-11-14,17361.828996542863,0.0,17361.828996542863,32995.85143315951,0.0,3727.990054127851,1200.0,1200.0,1200.0,10800.0,1.1368683772161603e-13,0.0,0.004515874985372648,True
2025-11-15,17447.763636999345,0.0,17447.763636999345,33445.15282019654,0.0,3523.693983757482,1200.0,1200.0,1200.0,10800.0,1.1368683772161603e-13,0.0,0.004628208989743143,True
2025-11-16,47671.507287329034,0.0,47671.507287329034,76828.25805991516,0.0,0.0,1200.0,1200.0,1200.0,10800.0,2.2737367544323206e-13,0.0,0.004864708986133337,True
2025-11-17,46346.86842120629,0.0,46346.86842120629,75058.83018769295,0.0,0.0,1200.0,1200.0,1200.0,10800.0,1.1368683772161603e-13,0.0,0.004784457996720448,True
2025-11-18,47557.67270108878,0.0,47557.67270108878,77325.0155234761,0.0,0.0,1200.0,1200.0,1200.0,10800.0,2.2737367544323206e-13,0.0,0.004684165993239731,True
2025-11-19,48238.06594880093,0.0,48238.06594880093,77779.71824510035,0.0,0.0,1200.0,1200.0,1200.0,10800.0,1.1368683772161603e-13,0.0,0.004852167010540143,True
2025-11-20,47733.47015169692,0.0,47733.47015169692,77253.23644940203,0.0,0.0,1200.0,1200.0,1200.0,10800.0,1.1368683772161603e-13,0.0,0.004863125010160729,True
2025-11-21,17708.0036378945,0.0,17708.0036378945,33885.446223900246,0.0,3295.085522646369,1200.0,1200.0,1200.0,10800.0,1.1368683772161603e-13,0.0,0.004470374988159165,True
2025-11-22,18037.876301362652,0.0,18037.876301362652,34432.224494270624,0.0,2462.1427374611862,1200.0,1200.0,1200.0,10800.0,1.1368683772161603e-13,0.0,0.004629875009413809,True
2025-11-23,48271.97869384076,0.0,48271.97869384076,77607.88998213739,0.0,0.0,1200.0,1200.0,1200.0,10800.0,1.1368683772161603e-13,0.0,0.004710041015641764,True
2025-11-24,47310.344051213506,0.0,47310.344051213506,76581.18226977238,0.0,0.0,1200.0,1200.0,1200.0,10800.0,1.1368683772161603e-13,0.0,0.004660125006921589,True
2025-11-25,48624.584837738,0.0,48624.584837738,78593.30581917442,0.0,0.0,1200.0,1200.0,1200.0,10800.0,2.2737367544323206e-13,0.0,0.004681999998865649,True
2025-11-26,49085.73614574301,0.0,49085.73614574301,79232.49137287812,0.0,0.0,1200.0,1200.0,1200.0,10800.0,1.1368683772161603e-13,0.0,0.004825457988772541,True
2025-11-27,48531.26396892173,0.0,48531.26396892173,78245.21002658183,0.0,0.0,1200.0,1200.0,1200.0,10800.0,2.2737367544323206e-13,0.0,0.004833459010114893,True
2025-11-28,18154.601839878418,0.0,18154.601839878418,34468.42329982617,0.0,1772.836020794516,1200.0,1200.0,1200.0,10800.0,1.1368683772161603e-13,0.0,0.004563750000670552,True
2025-11-29,19007.591714622402,0.0,19007.591714622402,36711.95474014277,0.0,0.0,1200.0,1200.0,1200.0,10800.0,1.1368683772161603e-13,0.0,0.00475970801198855,True
2025-11-30,51531.930347900685,0.0,51531.930347900685,82794.47822102628,0.0,0.0,1200.0,1200.0,1200.0,10800.0,1.1368683772161603e-13,0.0,0.004970124980900437,True
2025-12-01,55847.57906326214,0.0,55847.57906326214,88942.2072006559,0.0,0.0,1200.0,1200.0,1200.0,10800.0,2.2737367544323206e-13,0.0,0.004860916989855468,True
2025-12-02,57618.69987010548,0.0,57618.69987010548,91271.56514510034,0.0,0.0,1200.0,1200.0,1200.0,10800.0,2.2737367544323206e-13,0.0,0.004838124994421378,True
2025-12-03,56061.30885524459,0.0,56061.30885524459,89808.04952658183,0.0,0.0,1200.0,1200.0,1200.0,10800.0,2.2737367544323206e-13,0.0,0.004822999995667487,True
2025-12-04,56316.776147108954,0.0,56316.776147108954,89344.21190250776,0.0,0.0,1200.0,1200.0,1200.0,10800.0,2.2737367544323206e-13,0.0,0.004590833006659523,True
2025-12-05,22319.343512214455,0.0,22319.343512214455,43369.82604014277,0.0,0.0,1200.0,1200.0,1200.0,10800.0,1.1368683772161603e-13,0.0,0.004651499999454245,True
2025-12-06,23473.830713770938,0.0,23473.830713770938,45725.1401734761,0.0,0.0,1200.0,1200.0,1200.0,10800.0,1.1368683772161603e-13,0.0,0.004732833011075854,True
2025-12-07,56784.553254851446,0.0,56784.553254851446,90285.17017287813,0.0,0.0,1200.0,1200.0,1200.0,10800.0,2.2737367544323206e-13,0.0,0.00474624999333173,True
2025-12-08,56758.51428018506,0.0,56758.51428018506,90505.99718273536,0.0,0.0,1200.0,1200.0,1200.0,10800.0,2.2737367544323206e-13,0.0,0.004611958982422948,True
2025-12-09,56900.52437666971,0.0,56900.52437666971,90045.78867777777,0.0,0.0,1200.0,1200.0,1200.0,10800.0,2.2737367544323206e-13,0.0,0.004811000020708889,True
2025-12-10,57018.575314619135,0.0,57018.575314619135,91047.06969755016,0.0,0.0,1200.0,1200.0,1200.0,10800.0,2.2737367544323206e-13,0.0,0.004654500022297725,True
2025-12-11,55545.81089623437,0.0,55545.81089623437,88557.32604510034,0.0,0.0,1200.0,1200.0,1200.0,10800.0,2.2737367544323206e-13,0.0,0.004636749974451959,True
2025-12-12,23445.48417719557,0.0,23445.48417719557,45764.90550866128,0.0,0.0,1200.0,1200.0,1200.0,10800.0,1.1368683772161603e-13,0.0,0.00457712501520291,True
2025-12-13,23491.035010486754,0.0,23491.035010486754,45874.352343248494,0.0,0.0,1200.0,1200.0,1200.0,10800.0,1.1368683772161603e-13,0.0,0.004708833002950996,True
2025-12-14,57601.53686590511,0.0,57601.53686590511,91452.73062472997,0.0,0.0,1200.0,1200.0,1200.0,10800.0,2.2737367544323206e-13,0.0,0.00471900001866743,True
2025-12-15,57918.65855395382,0.0,57918.65855395382,92121.4926506559,0.0,0.0,1200.0,1200.0,1200.0,10800.0,2.2737367544323206e-13,0.0,0.004768832994159311,True
2025-12-16,57996.609675379965,0.0,57996.609675379965,92067.94099324851,0.0,0.0,1200.0,1200.0,1200.0,10800.0,2.2737367544323206e-13,0.0,0.004740416974527761,True
2025-12-17,56917.88897671751,0.0,56917.88897671751,90836.83323213737,0.0,0.0,1200.0,1200.0,1200.0,10800.0,2.2737367544323206e-13,0.0,0.004812166996998712,True
2025-12-18,56807.188316056985,0.0,56807.188316056985,90011.32905250775,0.0,0.0,1200.0,1200.0,1200.0,10800.0,2.2737367544323206e-13,0.0,0.00481879198923707,True
2025-12-19,23247.72882698279,0.0,23247.72882698279,44972.681691994614,0.0,0.0,1200.0,1200.0,1200.0,10800.0,2.2737367544323206e-13,0.0,0.00479300000006333,True
2025-12-20,23098.170765381914,0.0,23098.170765381914,44932.46938769294,0.0,0.0,1200.0,1200.0,1200.0,10800.0,1.1368683772161603e-13,0.0,0.004879666987108067,True
2025-12-21,57695.36403265455,0.0,57695.36403265455,91678.35805250774,0.0,0.0,1200.0,1200.0,1200.0,10800.0,1.4210854715202004e-13,0.0,0.004684291983721778,True
2025-12-22,57690.103480498175,0.0,57690.103480498175,91610.99468643905,0.0,0.0,1200.0,1200.0,1200.0,10800.0,2.2737367544323206e-13,0.0,0.004686833010055125,True
2025-12-23,56422.491692344745,0.0,56422.491692344745,89914.70150991516,0.0,0.0,1200.0,1200.0,1200.0,10800.0,2.2737367544323206e-13,0.0,0.004819042020244524,True
2025-12-24,57107.81547559521,0.0,57107.81547559521,90528.69141792053,0.0,0.0,1200.0,1200.0,1200.0,10800.0,2.2737367544323206e-13,0.0,0.004734332993393764,True
2025-12-25,56842.176378341035,0.0,56842.176378341035,90456.52336732257,0.0,0.0,1200.0,1200.0,1200.0,10800.0,2.2737367544323206e-13,0.0,0.004762875003507361,True
2025-12-26,23137.437136939738,0.0,23137.437136939738,45098.524621026285,0.0,0.0,1200.0,1200.0,1200.0,10800.0,2.2737367544323206e-13,0.0,0.004818500019609928,True
2025-12-27,23340.947519591497,0.0,23340.947519591497,45386.860871624245,0.0,0.0,1200.0,1200.0,1200.0,10800.0,1.1368683772161603e-13,0.0,0.004603124980349094,True
2025-12-28,56096.06329910134,0.0,56096.06329910134,89398.90784755017,0.0,0.0,1200.0,1200.0,1200.0,10800.0,2.2737367544323206e-13,0.0,0.004618917009793222,True
2025-12-29,56372.2601627283,0.0,56372.2601627283,90169.9207358411,0.0,0.0,1200.0,1200.0,1200.0,10800.0,2.2737367544323206e-13,0.0,0.0047927090199664235,True
2025-12-30,55766.58240865117,0.0,55766.58240865117,88783.06385621146,0.0,0.0,1200.0,1200.0,1200.0,10800.0,2.2737367544323206e-13,0.0,0.004808750003576279,True
2025-12-31,57545.22930251419,0.0,57545.22930251419,91309.79987658182,0.0,0.0,1200.0,1200.0,1200.0,10800.0,2.2737367544323206e-13,0.0,0.0047973339969757944,True
