date,strategy,load_information_case,case,found,period,time,g0_kwh,gF_kwh,price,phi_yuan,expected_phi_yuan,abs_error
2025-02-01,M0,causal_load_main,no_adjust,True,72.0,12:10,0.0,0.0,0.4411,0.0,0.0,0.0
2025-02-01,M0,causal_load_main,down,False,,,,,,,,
2025-02-01,M0,causal_load_main,up,False,,,,,,,,
2025-02-01,M1_M6,causal_load_main,no_adjust,True,70.0,11:50,0.0,0.0,0.4662,0.0,0.0,0.0
2025-02-01,M1_M6,causal_load_main,down,True,129.0,21:40,302.61926927062325,247.4280232079072,0.9871,271.4758412027787,271.4758412027787,0.0
2025-02-01,M1_M6,causal_load_main,up,True,72.0,12:10,0.0,57.720529555208145,0.4411,38.19078838020347,38.19078838020347,0.0
2025-02-01,M6_only,causal_load_main,no_adjust,True,62.0,10:30,0.0,0.0,0.9549,0.0,0.0,0.0
2025-02-01,M6_only,causal_load_main,down,True,97.0,16:20,428.3194986111111,332.80646527777776,0.8519,324.2016043184722,324.2016043184722,0.0
2025-02-01,M6_only,causal_load_main,up,False,,,,,,,,
2025-02-01,M12_only,causal_load_main,no_adjust,True,62.0,10:30,0.0,0.0,0.9549,0.0,0.0,0.0
2025-02-01,M12_only,causal_load_main,down,True,97.0,16:20,428.3194986111111,357.1408708333333,0.8519,334.5668443648611,334.5668443648611,0.0
2025-02-01,M12_only,causal_load_main,up,False,,,,,,,,
2025-02-01,M18_only,causal_load_main,no_adjust,True,71.0,12:00,0.0,0.0,0.4432,0.0,0.0,0.0
2025-02-01,M18_only,causal_load_main,down,True,129.0,21:40,302.61926927062325,247.4280229959602,0.9871,271.4758410981723,271.4758410981723,0.0
2025-02-01,M18_only,causal_load_main,up,False,,,,,,,,
2025-02-01,M1_M6,causal_load_main,no_adjust,True,70.0,11:50,0.0,0.0,0.4662,0.0,0.0,0.0
2025-02-01,M1_M6,causal_load_main,down,True,129.0,21:40,302.61926927062325,249.1152446288326,0.9871,272.30856933507647,272.30856933507647,0.0
2025-02-01,M1_M6,causal_load_main,up,True,72.0,12:10,0.0,57.72052937185259,0.4411,38.190788258886265,38.190788258886265,0.0
2025-02-01,M0,actual_load_proxy,no_adjust,True,72.0,12:10,0.0,0.0,0.4411,0.0,0.0,0.0
2025-02-01,M0,actual_load_proxy,down,False,,,,,,,,
2025-02-01,M0,actual_load_proxy,up,False,,,,,,,,
2025-02-01,M1_M6,actual_load_proxy,no_adjust,True,69.0,11:40,0.0,0.0,0.4785,0.0,0.0,0.0
2025-02-01,M1_M6,actual_load_proxy,down,True,138.0,23:10,525.7534149028552,525.7534144366629,0.4248,223.34005055171363,223.34005055171363,0.0
2025-02-01,M1_M6,actual_load_proxy,up,True,75.0,12:40,0.0,368.41612777777766,0.4113,227.29433003249994,227.29433003249994,0.0
2025-02-01,M6_only,actual_load_proxy,no_adjust,True,63.0,10:40,0.0,0.0,0.9839,0.0,0.0,0.0
2025-02-01,M6_only,actual_load_proxy,down,True,97.0,16:20,398.20486111111103,302.6918277777777,0.8519,298.54694463222216,298.54694463222216,0.0
2025-02-01,M6_only,actual_load_proxy,up,False,,,,,,,,
2025-02-01,M12_only,actual_load_proxy,no_adjust,True,65.0,11:00,0.0,0.0,0.5025,0.0,0.0,0.0
2025-02-01,M12_only,actual_load_proxy,down,True,99.0,16:40,476.9350888888889,436.28408333333334,0.9024,412.04449050666665,412.04449050666665,0.0
2025-02-01,M12_only,actual_load_proxy,up,False,,,,,,,,
2025-02-01,M18_only,actual_load_proxy,no_adjust,True,71.0,12:00,0.0,0.0,0.4432,0.0,0.0,0.0
2025-02-01,M18_only,actual_load_proxy,down,True,138.0,23:10,525.7534149028552,525.7534144366286,0.4248,223.34005055170638,223.34005055170638,0.0
2025-02-01,M18_only,actual_load_proxy,up,True,129.0,21:40,0.0,7.645202777779161,0.9871,11.319869492918714,11.319869492918714,0.0
2025-02-01,M1_M6,actual_load_proxy,no_adjust,True,69.0,11:40,0.0,0.0,0.4785,0.0,0.0,0.0
2025-02-01,M1_M6,actual_load_proxy,down,True,132.0,22:10,775.745599111692,775.74559885963,0.3859,299.3602266485666,299.3602266485666,0.0
2025-02-01,M1_M6,actual_load_proxy,up,True,75.0,12:40,0.0,368.41612777777766,0.4113,227.29433003249994,227.29433003249994,0.0
2025-06-21,M0,causal_load_main,no_adjust,True,72.0,12:10,0.0,0.0,0.4411,0.0,0.0,0.0
2025-06-21,M0,causal_load_main,down,False,,,,,,,,
2025-06-21,M0,causal_load_main,up,False,,,,,,,,
2025-06-21,M1_M6,causal_load_main,no_adjust,True,69.0,11:40,0.0,0.0,0.4785,0.0,0.0,0.0
2025-06-21,M1_M6,causal_load_main,down,True,124.0,20:50,583.3295512150679,567.6249604232332,1.2226,703.5784929644934,703.5784929644934,0.0
2025-06-21,M1_M6,causal_load_main,up,True,105.0,17:40,282.00359027777773,282.7806291666666,0.976,276.3730890444444,276.3730890444444,0.0
2025-06-21,M6_only,causal_load_main,no_adjust,True,64.0,10:50,0.0,0.0,0.799,0.0,0.0,0.0
2025-06-21,M6_only,causal_load_main,down,True,100.0,16:50,166.82542777777775,139.7962861111111,0.9163,140.47873821819442,140.47873821819442,0.0
2025-06-21,M6_only,causal_load_main,up,True,107.0,18:00,0.0,31.961134548402185,1.2313,59.03061745417142,59.03061745417142,0.0
2025-06-21,M12_only,causal_load_main,no_adjust,True,68.0,11:30,0.0,0.0,0.4827,0.0,0.0,0.0
2025-06-21,M12_only,causal_load_main,down,True,138.0,23:10,593.6729524119502,593.6729519456791,0.4248,252.19227008556047,252.19227008556047,0.0
2025-06-21,M12_only,causal_load_main,up,True,75.0,12:40,0.0,148.61882916666661,0.4113,91.69038665437498,91.69038665437498,0.0
2025-06-21,M18_only,causal_load_main,no_adjust,True,71.0,12:00,0.0,0.0,0.4432,0.0,0.0,0.0
2025-06-21,M18_only,causal_load_main,down,True,124.0,20:50,583.3295512150679,567.624960278464,1.2226,703.578492875996,703.578492875996,0.0
2025-06-21,M18_only,causal_load_main,up,False,,,,,,,,
2025-06-21,M1_M6,causal_load_main,no_adjust,True,69.0,11:40,0.0,0.0,0.4785,0.0,0.0,0.0
2025-06-21,M1_M6,causal_load_main,down,True,132.0,22:10,999.0876426305076,999.0876423505683,0.3859,385.5479212370986,385.5479212370986,0.0
2025-06-21,M1_M6,causal_load_main,up,True,105.0,17:40,282.00359027777773,282.7806291666666,0.976,276.3730890444444,276.3730890444444,0.0
2025-06-21,M0,actual_load_proxy,no_adjust,True,72.0,12:10,0.0,0.0,0.4411,0.0,0.0,0.0
2025-06-21,M0,actual_load_proxy,down,False,,,,,,,,
2025-06-21,M0,actual_load_proxy,up,False,,,,,,,,
2025-06-21,M1_M6,actual_load_proxy,no_adjust,True,69.0,11:40,0.0,0.0,0.4785,0.0,0.0,0.0
2025-06-21,M1_M6,actual_load_proxy,down,True,124.0,20:50,585.6121499999999,549.3215514357737,1.2226,693.7849716876884,693.7849716876884,0.0
2025-06-21,M1_M6,actual_load_proxy,up,True,106.0,17:50,392.9639638888888,395.2472416666666,1.0742,425.8009354927777,425.8009354927777,0.0
2025-06-21,M6_only,actual_load_proxy,no_adjust,True,64.0,10:50,0.0,0.0,0.799,0.0,0.0,0.0
2025-06-21,M6_only,actual_load_proxy,down,True,100.0,16:50,157.68886111111107,130.65971944444442,0.9163,132.10690218152774,132.10690218152774,0.0
2025-06-21,M6_only,actual_load_proxy,up,True,107.0,18:00,354.8890637150671,407.2451,1.2313,533.6738853688189,533.6738853688189,0.0
2025-06-21,M12_only,actual_load_proxy,no_adjust,True,67.0,11:20,0.0,0.0,0.5007,0.0,0.0,0.0
2025-06-21,M12_only,actual_load_proxy,down,True,138.0,23:10,619.1111815898773,619.1111811236973,0.4248,262.99842984036326,262.99842984036326,0.0
2025-06-21,M12_only,actual_load_proxy,up,True,76.0,12:50,0.0,179.15413333333322,0.5682,152.6930678399999,152.6930678399999,0.0
2025-06-21,M18_only,actual_load_proxy,no_adjust,True,71.0,12:00,0.0,0.0,0.4432,0.0,0.0,0.0
2025-06-21,M18_only,actual_load_proxy,down,True,124.0,20:50,585.6121499999999,562.7500590634608,1.2226,701.9938184004935,701.9938184004935,0.0
2025-06-21,M18_only,actual_load_proxy,up,False,,,,,,,,
2025-06-21,M1_M6,actual_load_proxy,no_adjust,True,69.0,11:40,0.0,0.0,0.4785,0.0,0.0,0.0
2025-06-21,M1_M6,actual_load_proxy,down,True,132.0,22:10,1132.1415898527657,1132.1415895728292,0.3859,436.8934394701686,436.8934394701686,0.0
2025-06-21,M1_M6,actual_load_proxy,up,True,106.0,17:50,392.9639638888888,395.2472416666666,1.0742,425.8009354927777,425.8009354927777,0.0
