date,period,time,forecast_load_kwh,actual_load_kwh,source_dates,is_current_execution_period,abs_error_kwh,load_information_case,snapshot
2025-02-01,0,00:10,447.28122499999995,422.0303666666667,2025-01-04;2025-01-11;2025-01-18;2025-01-25,False,25.25085833333327,causal_load_main,day_ahead_planning
2025-02-01,1,00:20,453.27015416666666,415.4073166666667,2025-01-04;2025-01-11;2025-01-18;2025-01-25,False,37.862837499999955,causal_load_main,day_ahead_planning
2025-02-01,2,00:30,460.36041666666665,410.7166666666667,2025-01-04;2025-01-11;2025-01-18;2025-01-25,False,49.643749999999955,causal_load_main,day_ahead_planning
2025-02-01,3,00:40,456.77064999999993,430.29479999999995,2025-01-04;2025-01-11;2025-01-18;2025-01-25,False,26.47584999999998,causal_load_main,day_ahead_planning
2025-02-01,4,00:50,460.46558749999997,424.4105833333333,2025-01-04;2025-01-11;2025-01-18;2025-01-25,False,36.05500416666666,causal_load_main,day_ahead_planning
2025-02-01,5,01:00,475.88999999999993,406.0516666666666,2025-01-04;2025-01-11;2025-01-18;2025-01-25,False,69.83833333333331,causal_load_main,day_ahead_planning
2025-02-01,6,01:10,486.27471249999996,436.7501833333333,2025-01-04;2025-01-11;2025-01-18;2025-01-25,False,49.52452916666664,causal_load_main,day_ahead_planning
2025-02-01,7,01:20,475.97909583333325,451.7976833333333,2025-01-04;2025-01-11;2025-01-18;2025-01-25,False,24.181412499999965,causal_load_main,day_ahead_planning
2025-02-01,8,01:30,462.72,446.08,2025-01-04;2025-01-11;2025-01-18;2025-01-25,False,16.640000000000043,causal_load_main,day_ahead_planning
2025-02-01,9,01:40,480.70310833333326,471.7663333333333,2025-01-04;2025-01-11;2025-01-18;2025-01-25,False,8.936774999999955,causal_load_main,day_ahead_planning
2025-02-01,10,01:50,499.92819999999995,448.02596666666665,2025-01-04;2025-01-11;2025-01-18;2025-01-25,False,51.9022333333333,causal_load_main,day_ahead_planning
2025-02-01,11,02:00,501.53374999999994,397.4033333333333,2025-01-04;2025-01-11;2025-01-18;2025-01-25,False,104.13041666666663,causal_load_main,day_ahead_planning
2025-02-01,12,02:10,495.9134416666667,434.0906333333333,2025-01-04;2025-01-11;2025-01-18;2025-01-25,False,61.8228083333334,causal_load_main,day_ahead_planning
2025-02-01,13,02:20,499.3593708333333,490.5609166666666,2025-01-04;2025-01-11;2025-01-18;2025-01-25,False,8.798454166666659,causal_load_main,day_ahead_planning
2025-02-01,14,02:30,508.45083333333326,503.22,2025-01-04;2025-01-11;2025-01-18;2025-01-25,False,5.230833333333237,causal_load_main,day_ahead_planning
2025-02-01,15,02:40,507.1182,474.07281666666665,2025-01-04;2025-01-11;2025-01-18;2025-01-25,False,33.04538333333335,causal_load_main,day_ahead_planning
2025-02-01,16,02:50,511.18375416666663,461.38439999999997,2025-01-04;2025-01-11;2025-01-18;2025-01-25,False,49.79935416666666,causal_load_main,day_ahead_planning
2025-02-01,17,03:00,520.7624999999999,476.94166666666666,2025-01-04;2025-01-11;2025-01-18;2025-01-25,False,43.82083333333327,causal_load_main,day_ahead_planning
2025-02-01,18,03:10,519.826875,483.39955,2025-01-04;2025-01-11;2025-01-18;2025-01-25,False,36.427324999999996,causal_load_main,day_ahead_planning
2025-02-01,19,03:20,522.3059458333333,486.6019166666666,2025-01-04;2025-01-11;2025-01-18;2025-01-25,False,35.704029166666714,causal_load_main,day_ahead_planning
2025-02-01,20,03:30,524.5866666666666,498.84833333333336,2025-01-04;2025-01-11;2025-01-18;2025-01-25,False,25.73833333333323,causal_load_main,day_ahead_planning
2025-02-01,21,03:40,511.5722083333333,518.3097333333333,2025-01-04;2025-01-11;2025-01-18;2025-01-25,False,6.737524999999948,causal_load_main,day_ahead_planning
2025-02-01,22,03:50,520.7508458333333,509.13346666666666,2025-01-04;2025-01-11;2025-01-18;2025-01-25,False,11.617379166666638,causal_load_main,day_ahead_planning
2025-02-01,23,04:00,542.6191666666666,483.6166666666666,2025-01-04;2025-01-11;2025-01-18;2025-01-25,False,59.0025,causal_load_main,day_ahead_planning
2025-02-01,24,04:10,529.3050333333333,491.1868,2025-01-04;2025-01-11;2025-01-18;2025-01-25,False,38.11823333333331,causal_load_main,day_ahead_planning
2025-02-01,25,04:20,519.2568208333332,504.64528333333334,2025-01-04;2025-01-11;2025-01-18;2025-01-25,False,14.611537499999883,causal_load_main,day_ahead_planning
2025-02-01,26,04:30,530.655,505.57833333333326,2025-01-04;2025-01-11;2025-01-18;2025-01-25,False,25.07666666666671,causal_load_main,day_ahead_planning
2025-02-01,27,04:40,542.9711791666666,503.23096666666663,2025-01-04;2025-01-11;2025-01-18;2025-01-25,False,39.740212499999984,causal_load_main,day_ahead_planning
2025-02-01,28,04:50,550.9038875,502.84698333333336,2025-01-04;2025-01-11;2025-01-18;2025-01-25,False,48.05690416666664,causal_load_main,day_ahead_planning
2025-02-01,29,05:00,553.7533333333333,499.64166666666665,2025-01-04;2025-01-11;2025-01-18;2025-01-25,False,54.11166666666668,causal_load_main,day_ahead_planning
2025-02-01,30,05:10,552.5619666666666,488.78358333333335,2025-01-04;2025-01-11;2025-01-18;2025-01-25,False,63.778383333333295,causal_load_main,day_ahead_planning
2025-02-01,31,05:20,553.7675875,498.51875,2025-01-04;2025-01-11;2025-01-18;2025-01-25,False,55.24883749999998,causal_load_main,day_ahead_planning
2025-02-01,32,05:30,559.1795833333333,529.2233333333334,2025-01-04;2025-01-11;2025-01-18;2025-01-25,False,29.956249999999955,causal_load_main,day_ahead_planning
2025-02-01,33,05:40,563.3611374999999,547.4103166666666,2025-01-04;2025-01-11;2025-01-18;2025-01-25,False,15.950820833333296,causal_load_main,day_ahead_planning
2025-02-01,34,05:50,556.6571666666666,531.2274,2025-01-04;2025-01-11;2025-01-18;2025-01-25,False,25.429766666666637,causal_load_main,day_ahead_planning
2025-02-01,35,06:00,548.2591666666667,510.98333333333335,2025-01-04;2025-01-11;2025-01-18;2025-01-25,False,37.27583333333337,causal_load_main,day_ahead_planning
2025-02-01,36,06:10,556.5887666666666,535.1871833333332,2025-01-04;2025-01-11;2025-01-18;2025-01-25,False,21.401583333333406,causal_load_main,day_ahead_planning
2025-02-01,37,06:20,558.9440583333333,533.9993499999999,2025-01-04;2025-01-11;2025-01-18;2025-01-25,False,24.944708333333324,causal_load_main,day_ahead_planning
2025-02-01,38,06:30,551.6529166666667,504.52,2025-01-04;2025-01-11;2025-01-18;2025-01-25,False,47.13291666666669,causal_load_main,day_ahead_planning
2025-02-01,39,06:40,558.5394708333333,519.5536833333333,2025-01-04;2025-01-11;2025-01-18;2025-01-25,False,38.985787500000015,causal_load_main,day_ahead_planning
2025-02-01,40,06:50,593.8879541666666,566.415,2025-01-04;2025-01-11;2025-01-18;2025-01-25,False,27.472954166666682,causal_load_main,day_ahead_planning
2025-02-01,41,07:00,637.1875,608.7916666666666,2025-01-04;2025-01-11;2025-01-18;2025-01-25,False,28.39583333333337,causal_load_main,day_ahead_planning
2025-02-01,42,07:10,649.5454916666666,617.2140499999999,2025-01-04;2025-01-11;2025-01-18;2025-01-25,False,32.331441666666706,causal_load_main,day_ahead_planning
2025-02-01,43,07:20,646.2371125,595.3964666666666,2025-01-04;2025-01-11;2025-01-18;2025-01-25,False,50.84064583333338,causal_load_main,day_ahead_planning
2025-02-01,44,07:30,641.69875,579.5366666666666,2025-01-04;2025-01-11;2025-01-18;2025-01-25,False,62.162083333333385,causal_load_main,day_ahead_planning
2025-02-01,45,07:40,636.5728708333332,609.0003666666667,2025-01-04;2025-01-11;2025-01-18;2025-01-25,False,27.57250416666659,causal_load_main,day_ahead_planning
2025-02-01,46,07:50,634.9578708333333,640.2366833333333,2025-01-04;2025-01-11;2025-01-18;2025-01-25,False,5.278812499999958,causal_load_main,day_ahead_planning
2025-02-01,47,08:00,635.1125,633.9416666666666,2025-01-04;2025-01-11;2025-01-18;2025-01-25,False,1.1708333333333485,causal_load_main,day_ahead_planning
2025-02-01,48,08:10,632.3001999999999,590.91065,2025-01-04;2025-01-11;2025-01-18;2025-01-25,False,41.38954999999987,causal_load_main,day_ahead_planning
2025-02-01,49,08:20,636.4029499999999,568.5581666666667,2025-01-04;2025-01-11;2025-01-18;2025-01-25,False,67.84478333333323,causal_load_main,day_ahead_planning
2025-02-01,50,08:30,641.4108333333332,574.2283333333332,2025-01-04;2025-01-11;2025-01-18;2025-01-25,False,67.1825,causal_load_main,day_ahead_planning
2025-02-01,51,08:40,636.7007791666667,577.8523166666666,2025-01-04;2025-01-11;2025-01-18;2025-01-25,False,58.848462500000096,causal_load_main,day_ahead_planning
2025-02-01,52,08:50,668.6288625,649.0800333333333,2025-01-04;2025-01-11;2025-01-18;2025-01-25,False,19.54882916666668,causal_load_main,day_ahead_planning
2025-02-01,53,09:00,728.4895833333333,737.1266666666667,2025-01-04;2025-01-11;2025-01-18;2025-01-25,False,8.637083333333408,causal_load_main,day_ahead_planning
2025-02-01,54,09:10,753.615375,711.2534166666666,2025-01-04;2025-01-11;2025-01-18;2025-01-25,False,42.361958333333405,causal_load_main,day_ahead_planning
2025-02-01,55,09:20,744.1545083333333,698.3616999999999,2025-01-04;2025-01-11;2025-01-18;2025-01-25,False,45.79280833333337,causal_load_main,day_ahead_planning
2025-02-01,56,09:30,729.8283333333334,736.3866666666665,2025-01-04;2025-01-11;2025-01-18;2025-01-25,False,6.558333333333167,causal_load_main,day_ahead_planning
2025-02-01,57,09:40,739.0130416666666,733.2125666666667,2025-01-04;2025-01-11;2025-01-18;2025-01-25,False,5.800474999999892,causal_load_main,day_ahead_planning
2025-02-01,58,09:50,743.6516041666666,697.1223666666666,2025-01-04;2025-01-11;2025-01-18;2025-01-25,False,46.52923750000002,causal_load_main,day_ahead_planning
2025-02-01,59,10:00,732.5604166666667,678.5883333333334,2025-01-04;2025-01-11;2025-01-18;2025-01-25,False,53.97208333333333,causal_load_main,day_ahead_planning
2025-02-01,60,10:10,723.4847541666666,711.4322,2025-01-04;2025-01-11;2025-01-18;2025-01-25,False,12.052554166666596,causal_load_main,day_ahead_planning
2025-02-01,61,10:20,724.8514749999999,706.70705,2025-01-04;2025-01-11;2025-01-18;2025-01-25,False,18.144424999999956,causal_load_main,day_ahead_planning
2025-02-01,62,10:30,730.3295833333332,666.9933333333333,2025-01-04;2025-01-11;2025-01-18;2025-01-25,False,63.336249999999836,causal_load_main,day_ahead_planning
2025-02-01,63,10:40,725.7677833333332,678.7204333333333,2025-01-04;2025-01-11;2025-01-18;2025-01-25,False,47.04734999999994,causal_load_main,day_ahead_planning
2025-02-01,64,10:50,714.3607249999999,678.1305,2025-01-04;2025-01-11;2025-01-18;2025-01-25,False,36.230224999999905,causal_load_main,day_ahead_planning
2025-02-01,65,11:00,710.19625,652.925,2025-01-04;2025-01-11;2025-01-18;2025-01-25,False,57.27125000000001,causal_load_main,day_ahead_planning
2025-02-01,66,11:10,722.2226708333333,657.69435,2025-01-04;2025-01-11;2025-01-18;2025-01-25,False,64.52832083333328,causal_load_main,day_ahead_planning
2025-02-01,67,11:20,715.6271458333333,656.1017166666666,2025-01-04;2025-01-11;2025-01-18;2025-01-25,False,59.525429166666754,causal_load_main,day_ahead_planning
2025-02-01,68,11:30,701.2904166666666,654.535,2025-01-04;2025-01-11;2025-01-18;2025-01-25,False,46.75541666666663,causal_load_main,day_ahead_planning
2025-02-01,69,11:40,722.6393833333332,692.20855,2025-01-04;2025-01-11;2025-01-18;2025-01-25,False,30.430833333333226,causal_load_main,day_ahead_planning
2025-02-01,70,11:50,729.0613333333333,680.1494833333334,2025-01-04;2025-01-11;2025-01-18;2025-01-25,False,48.91184999999996,causal_load_main,day_ahead_planning
2025-02-01,71,12:00,704.81125,640.0333333333333,2025-01-04;2025-01-11;2025-01-18;2025-01-25,False,64.77791666666667,causal_load_main,day_ahead_planning
2025-02-01,72,12:10,686.94,676.8413833333333,2025-01-04;2025-01-11;2025-01-18;2025-01-25,False,10.098616666666771,causal_load_main,day_ahead_planning
2025-02-01,73,12:20,687.0372124999999,663.0938,2025-01-04;2025-01-11;2025-01-18;2025-01-25,False,23.94341249999991,causal_load_main,day_ahead_planning
2025-02-01,74,12:30,695.0779166666666,594.0216666666666,2025-01-04;2025-01-11;2025-01-18;2025-01-25,False,101.05624999999998,causal_load_main,day_ahead_planning
2025-02-01,75,12:40,692.3848416666666,601.1141666666666,2025-01-04;2025-01-11;2025-01-18;2025-01-25,False,91.27067499999998,causal_load_main,day_ahead_planning
2025-02-01,76,12:50,683.9549833333333,633.3353666666667,2025-01-04;2025-01-11;2025-01-18;2025-01-25,False,50.619616666666616,causal_load_main,day_ahead_planning
2025-02-01,77,13:00,678.1316666666667,638.6816666666666,2025-01-04;2025-01-11;2025-01-18;2025-01-25,False,39.450000000000045,causal_load_main,day_ahead_planning
2025-02-01,78,13:10,678.3876291666667,619.3742333333332,2025-01-04;2025-01-11;2025-01-18;2025-01-25,False,59.01339583333345,causal_load_main,day_ahead_planning
2025-02-01,79,13:20,679.7456833333333,606.5044,2025-01-04;2025-01-11;2025-01-18;2025-01-25,False,73.24128333333329,causal_load_main,day_ahead_planning
2025-02-01,80,13:30,677.4545833333334,607.0133333333333,2025-01-04;2025-01-11;2025-01-18;2025-01-25,False,70.44125000000008,causal_load_main,day_ahead_planning
2025-02-01,81,13:40,670.7934833333334,606.3183333333333,2025-01-04;2025-01-11;2025-01-18;2025-01-25,False,64.4751500000001,causal_load_main,day_ahead_planning
2025-02-01,82,13:50,665.6725958333333,624.9272166666666,2025-01-04;2025-01-11;2025-01-18;2025-01-25,False,40.74537916666668,causal_load_main,day_ahead_planning
2025-02-01,83,14:00,663.7862499999999,641.645,2025-01-04;2025-01-11;2025-01-18;2025-01-25,False,22.1412499999999,causal_load_main,day_ahead_planning
2025-02-01,84,14:10,658.9274458333332,612.7233833333332,2025-01-04;2025-01-11;2025-01-18;2025-01-25,False,46.204062499999964,causal_load_main,day_ahead_planning
2025-02-01,85,14:20,638.1165583333333,603.26775,2025-01-04;2025-01-11;2025-01-18;2025-01-25,False,34.848808333333295,causal_load_main,day_ahead_planning
2025-02-01,86,14:30,619.4958333333334,610.8116666666666,2025-01-04;2025-01-11;2025-01-18;2025-01-25,False,8.684166666666783,causal_load_main,day_ahead_planning
2025-02-01,87,14:40,633.9314458333333,571.6230833333333,2025-01-04;2025-01-11;2025-01-18;2025-01-25,False,62.308362500000044,causal_load_main,day_ahead_planning
2025-02-01,88,14:50,634.9304583333333,554.5942,2025-01-04;2025-01-11;2025-01-18;2025-01-25,False,80.33625833333326,causal_load_main,day_ahead_planning
2025-02-01,89,15:00,618.8237499999999,578.9233333333333,2025-01-04;2025-01-11;2025-01-18;2025-01-25,False,39.900416666666615,causal_load_main,day_ahead_planning
2025-02-01,90,15:10,627.0006583333333,593.8219999999999,2025-01-04;2025-01-11;2025-01-18;2025-01-25,False,33.178658333333374,causal_load_main,day_ahead_planning
2025-02-01,91,15:20,632.5263541666667,603.3700333333334,2025-01-04;2025-01-11;2025-01-18;2025-01-25,False,29.156320833333325,causal_load_main,day_ahead_planning
2025-02-01,92,15:30,625.6362499999999,608.655,2025-01-04;2025-01-11;2025-01-18;2025-01-25,False,16.981249999999932,causal_load_main,day_ahead_planning
2025-02-01,93,15:40,625.8619624999999,596.78865,2025-01-04;2025-01-11;2025-01-18;2025-01-25,False,29.07331249999993,causal_load_main,day_ahead_planning
2025-02-01,94,15:50,629.8848166666667,570.11095,2025-01-04;2025-01-11;2025-01-18;2025-01-25,False,59.77386666666666,causal_load_main,day_ahead_planning
2025-02-01,95,16:00,621.8804166666666,548.75,2025-01-04;2025-01-11;2025-01-18;2025-01-25,False,73.13041666666663,causal_load_main,day_ahead_planning
2025-02-01,96,16:10,593.4667041666667,554.0824,2025-01-04;2025-01-11;2025-01-18;2025-01-25,False,39.38430416666665,causal_load_main,day_ahead_planning
2025-02-01,97,16:20,589.1507041666666,559.0360666666666,2025-01-04;2025-01-11;2025-01-18;2025-01-25,False,30.11463750000007,causal_load_main,day_ahead_planning
2025-02-01,98,16:30,609.4695833333333,563.1066666666666,2025-01-04;2025-01-11;2025-01-18;2025-01-25,False,46.362916666666706,causal_load_main,day_ahead_planning
2025-02-01,99,16:40,602.6080458333333,580.2863,2025-01-04;2025-01-11;2025-01-18;2025-01-25,False,22.321745833333352,causal_load_main,day_ahead_planning
2025-02-01,100,16:50,539.4219333333333,532.8180166666666,2025-01-04;2025-01-11;2025-01-18;2025-01-25,False,6.6039166666666915,causal_load_main,day_ahead_planning
2025-02-01,101,17:00,466.01416666666665,446.78,2025-01-04;2025-01-11;2025-01-18;2025-01-25,False,19.23416666666668,causal_load_main,day_ahead_planning
2025-02-01,102,17:10,463.1464291666666,433.5435166666667,2025-01-04;2025-01-11;2025-01-18;2025-01-25,False,29.602912499999945,causal_load_main,day_ahead_planning
2025-02-01,103,17:20,476.8410208333333,439.7808,2025-01-04;2025-01-11;2025-01-18;2025-01-25,False,37.06022083333329,causal_load_main,day_ahead_planning
2025-02-01,104,17:30,473.8612499999999,436.13666666666666,2025-01-04;2025-01-11;2025-01-18;2025-01-25,False,37.72458333333327,causal_load_main,day_ahead_planning
2025-02-01,105,17:40,471.18950416666667,445.99516666666665,2025-01-04;2025-01-11;2025-01-18;2025-01-25,False,25.194337500000017,causal_load_main,day_ahead_planning
2025-02-01,106,17:50,466.5057583333333,439.89263333333326,2025-01-04;2025-01-11;2025-01-18;2025-01-25,False,26.613125000000025,causal_load_main,day_ahead_planning
2025-02-01,107,18:00,464.6933333333333,428.47,2025-01-04;2025-01-11;2025-01-18;2025-01-25,False,36.2233333333333,causal_load_main,day_ahead_planning
2025-02-01,108,18:10,475.869175,454.18455,2025-01-04;2025-01-11;2025-01-18;2025-01-25,False,21.684624999999983,causal_load_main,day_ahead_planning
2025-02-01,109,18:20,481.39313749999997,472.26531666666665,2025-01-04;2025-01-11;2025-01-18;2025-01-25,False,9.127820833333317,causal_load_main,day_ahead_planning
2025-02-01,110,18:30,474.6333333333333,454.16833333333335,2025-01-04;2025-01-11;2025-01-18;2025-01-25,False,20.464999999999975,causal_load_main,day_ahead_planning
2025-02-01,111,18:40,467.0723833333333,418.3761833333333,2025-01-04;2025-01-11;2025-01-18;2025-01-25,False,48.696199999999976,causal_load_main,day_ahead_planning
2025-02-01,112,18:50,464.82048749999996,414.0822333333333,2025-01-04;2025-01-11;2025-01-18;2025-01-25,False,50.73825416666665,causal_load_main,day_ahead_planning
2025-02-01,113,19:00,461.40166666666664,432.1383333333333,2025-01-04;2025-01-11;2025-01-18;2025-01-25,False,29.26333333333332,causal_load_main,day_ahead_planning
2025-02-01,114,19:10,448.58152499999994,424.01436666666666,2025-01-04;2025-01-11;2025-01-18;2025-01-25,False,24.567158333333282,causal_load_main,day_ahead_planning
2025-02-01,115,19:20,453.3871125,442.41246666666666,2025-01-04;2025-01-11;2025-01-18;2025-01-25,False,10.97464583333334,causal_load_main,day_ahead_planning
2025-02-01,116,19:30,470.2129166666667,483.74666666666667,2025-01-04;2025-01-11;2025-01-18;2025-01-25,False,13.533749999999998,causal_load_main,day_ahead_planning
2025-02-01,117,19:40,466.25757083333326,481.18446666666665,2025-01-04;2025-01-11;2025-01-18;2025-01-25,False,14.92689583333339,causal_load_main,day_ahead_planning
2025-02-01,118,19:50,464.8929166666667,444.76593333333335,2025-01-04;2025-01-11;2025-01-18;2025-01-25,False,20.126983333333328,causal_load_main,day_ahead_planning
2025-02-01,119,20:00,473.96375,418.095,2025-01-04;2025-01-11;2025-01-18;2025-01-25,False,55.86874999999998,causal_load_main,day_ahead_planning
2025-02-01,120,20:10,476.02861249999995,436.7405166666666,2025-01-04;2025-01-11;2025-01-18;2025-01-25,False,39.28809583333333,causal_load_main,day_ahead_planning
2025-02-01,121,20:20,472.5598291666666,452.69785,2025-01-04;2025-01-11;2025-01-18;2025-01-25,False,19.861979166666572,causal_load_main,day_ahead_planning
2025-02-01,122,20:30,468.95833333333326,449.9683333333333,2025-01-04;2025-01-11;2025-01-18;2025-01-25,False,18.989999999999952,causal_load_main,day_ahead_planning
2025-02-01,123,20:40,471.96832499999994,455.06669999999997,2025-01-04;2025-01-11;2025-01-18;2025-01-25,False,16.901624999999967,causal_load_main,day_ahead_planning
2025-02-01,124,20:50,496.4846625,454.01236666666665,2025-01-04;2025-01-11;2025-01-18;2025-01-25,False,42.47229583333336,causal_load_main,day_ahead_planning
2025-02-01,125,21:00,519.8254166666666,459.405,2025-01-04;2025-01-11;2025-01-18;2025-01-25,False,60.4204166666666,causal_load_main,day_ahead_planning
2025-02-01,126,21:10,500.5132583333333,497.4207666666667,2025-01-04;2025-01-11;2025-01-18;2025-01-25,False,3.0924916666666036,causal_load_main,day_ahead_planning
2025-02-01,127,21:20,478.94682916666665,503.28313333333335,2025-01-04;2025-01-11;2025-01-18;2025-01-25,False,24.336304166666707,causal_load_main,day_ahead_planning
2025-02-01,128,21:30,483.44333333333327,477.5566666666667,2025-01-04;2025-01-11;2025-01-18;2025-01-25,False,5.886666666666599,causal_load_main,day_ahead_planning
2025-02-01,129,21:40,497.9393041666666,479.13595,2025-01-04;2025-01-11;2025-01-18;2025-01-25,False,18.803354166666622,causal_load_main,day_ahead_planning
2025-02-01,130,21:50,464.7257833333333,450.2041,2025-01-04;2025-01-11;2025-01-18;2025-01-25,False,14.521683333333328,causal_load_main,day_ahead_planning
2025-02-01,131,22:00,405.53208333333333,392.08500000000004,2025-01-04;2025-01-11;2025-01-18;2025-01-25,False,13.447083333333296,causal_load_main,day_ahead_planning
2025-02-01,132,22:10,403.32925833333326,371.76981666666666,2025-01-04;2025-01-11;2025-01-18;2025-01-25,False,31.5594416666666,causal_load_main,day_ahead_planning
2025-02-01,133,22:20,428.9258458333333,363.57821666666666,2025-01-04;2025-01-11;2025-01-18;2025-01-25,False,65.34762916666665,causal_load_main,day_ahead_planning
2025-02-01,134,22:30,442.7412499999999,359.15666666666664,2025-01-04;2025-01-11;2025-01-18;2025-01-25,False,83.58458333333328,causal_load_main,day_ahead_planning
2025-02-01,135,22:40,431.40098333333333,382.05071666666663,2025-01-04;2025-01-11;2025-01-18;2025-01-25,False,49.3502666666667,causal_load_main,day_ahead_planning
2025-02-01,136,22:50,411.6687791666667,417.16841666666664,2025-01-04;2025-01-11;2025-01-18;2025-01-25,False,5.499637499999949,causal_load_main,day_ahead_planning
2025-02-01,137,23:00,404.2941666666666,431.7966666666667,2025-01-04;2025-01-11;2025-01-18;2025-01-25,False,27.502500000000055,causal_load_main,day_ahead_planning
2025-02-01,138,23:10,418.89690416666656,406.46494999999993,2025-01-04;2025-01-11;2025-01-18;2025-01-25,False,12.431954166666628,causal_load_main,day_ahead_planning
2025-02-01,139,23:20,434.4194458333333,400.95986666666664,2025-01-04;2025-01-11;2025-01-18;2025-01-25,False,33.459579166666686,causal_load_main,day_ahead_planning
2025-02-01,140,23:30,432.77833333333325,409.945,2025-01-04;2025-01-11;2025-01-18;2025-01-25,False,22.833333333333258,causal_load_main,day_ahead_planning
2025-02-01,141,23:40,425.6030791666666,387.2367,2025-01-04;2025-01-11;2025-01-18;2025-01-25,False,38.366379166666604,causal_load_main,day_ahead_planning
2025-02-01,142,23:50,495.0163416666667,454.71015,2025-01-04;2025-01-11;2025-01-18;2025-01-25,False,40.30619166666668,causal_load_main,day_ahead_planning
2025-02-01,143,0:00+1,605.69125,580.8233333333333,2025-01-04;2025-01-11;2025-01-18;2025-01-25,False,24.8679166666667,causal_load_main,day_ahead_planning
2025-06-21,0,00:10,479.4630291666667,514.6639666666666,2025-05-24;2025-05-31;2025-06-07;2025-06-14,False,35.20093749999995,causal_load_main,day_ahead_planning
2025-06-21,1,00:20,476.248725,533.3486499999999,2025-05-24;2025-05-31;2025-06-07;2025-06-14,False,57.09992499999993,causal_load_main,day_ahead_planning
2025-06-21,2,00:30,462.0445833333333,566.91,2025-05-24;2025-05-31;2025-06-07;2025-06-14,False,104.86541666666665,causal_load_main,day_ahead_planning
2025-06-21,3,00:40,477.82737083333336,510.5876833333333,2025-05-24;2025-05-31;2025-06-07;2025-06-14,False,32.76031249999994,causal_load_main,day_ahead_planning
2025-06-21,4,00:50,487.92443333333335,470.04286666666667,2025-05-24;2025-05-31;2025-06-07;2025-06-14,False,17.881566666666686,causal_load_main,day_ahead_planning
2025-06-21,5,01:00,478.99041666666665,480.56333333333333,2025-05-24;2025-05-31;2025-06-07;2025-06-14,False,1.5729166666666856,causal_load_main,day_ahead_planning
2025-06-21,6,01:10,472.1667458333333,478.3299333333333,2025-05-24;2025-05-31;2025-06-07;2025-06-14,False,6.163187499999992,causal_load_main,day_ahead_planning
2025-06-21,7,01:20,459.4691541666666,497.63811666666663,2025-05-24;2025-05-31;2025-06-07;2025-06-14,False,38.16896250000002,causal_load_main,day_ahead_planning
2025-06-21,8,01:30,450.6312499999999,527.3633333333332,2025-05-24;2025-05-31;2025-06-07;2025-06-14,False,76.73208333333332,causal_load_main,day_ahead_planning
2025-06-21,9,01:40,466.4358208333333,510.8076166666666,2025-05-24;2025-05-31;2025-06-07;2025-06-14,False,44.371795833333294,causal_load_main,day_ahead_planning
2025-06-21,10,01:50,471.9931708333333,492.3409833333333,2025-05-24;2025-05-31;2025-06-07;2025-06-14,False,20.347812500000032,causal_load_main,day_ahead_planning
2025-06-21,11,02:00,463.17625,499.1033333333333,2025-05-24;2025-05-31;2025-06-07;2025-06-14,False,35.927083333333314,causal_load_main,day_ahead_planning
2025-06-21,12,02:10,467.3242458333333,512.0669,2025-05-24;2025-05-31;2025-06-07;2025-06-14,False,44.74265416666674,causal_load_main,day_ahead_planning
2025-06-21,13,02:20,459.8668083333333,502.18358333333333,2025-05-24;2025-05-31;2025-06-07;2025-06-14,False,42.31677500000001,causal_load_main,day_ahead_planning
2025-06-21,14,02:30,449.79999999999995,473.125,2025-05-24;2025-05-31;2025-06-07;2025-06-14,False,23.325000000000045,causal_load_main,day_ahead_planning
2025-06-21,15,02:40,470.02245,458.3199833333333,2025-05-24;2025-05-31;2025-06-07;2025-06-14,False,11.70246666666668,causal_load_main,day_ahead_planning
2025-06-21,16,02:50,464.5351749999999,470.09745,2025-05-24;2025-05-31;2025-06-07;2025-06-14,False,5.5622750000000565,causal_load_main,day_ahead_planning
2025-06-21,17,03:00,437.49125,489.3733333333333,2025-05-24;2025-05-31;2025-06-07;2025-06-14,False,51.8820833333333,causal_load_main,day_ahead_planning
2025-06-21,18,03:10,449.8365625,486.69823333333335,2025-05-24;2025-05-31;2025-06-07;2025-06-14,False,36.861670833333335,causal_load_main,day_ahead_planning
2025-06-21,19,03:20,460.42743333333334,491.8388,2025-05-24;2025-05-31;2025-06-07;2025-06-14,False,31.411366666666652,causal_load_main,day_ahead_planning
2025-06-21,20,03:30,454.2966666666666,496.25166666666667,2025-05-24;2025-05-31;2025-06-07;2025-06-14,False,41.95500000000004,causal_load_main,day_ahead_planning
2025-06-21,21,03:40,460.2589333333333,463.3829999999999,2025-05-24;2025-05-31;2025-06-07;2025-06-14,False,3.1240666666666357,causal_load_main,day_ahead_planning
2025-06-21,22,03:50,471.9425875,454.71764999999994,2025-05-24;2025-05-31;2025-06-07;2025-06-14,False,17.224937500000067,causal_load_main,day_ahead_planning
2025-06-21,23,04:00,476.4545833333333,477.03166666666664,2025-05-24;2025-05-31;2025-06-07;2025-06-14,False,0.5770833333333485,causal_load_main,day_ahead_planning
2025-06-21,24,04:10,467.27298749999994,474.3197,2025-05-24;2025-05-31;2025-06-07;2025-06-14,False,7.046712500000069,causal_load_main,day_ahead_planning
2025-06-21,25,04:20,452.0976833333333,458.1585,2025-05-24;2025-05-31;2025-06-07;2025-06-14,False,6.06081666666671,causal_load_main,day_ahead_planning
2025-06-21,26,04:30,445.57916666666665,446.2183333333333,2025-05-24;2025-05-31;2025-06-07;2025-06-14,False,0.6391666666666538,causal_load_main,day_ahead_planning
2025-06-21,27,04:40,456.5533416666666,443.4785499999999,2025-05-24;2025-05-31;2025-06-07;2025-06-14,False,13.07479166666667,causal_load_main,day_ahead_planning
2025-06-21,28,04:50,458.3695041666666,450.38674999999995,2025-05-24;2025-05-31;2025-06-07;2025-06-14,False,7.982754166666666,causal_load_main,day_ahead_planning
2025-06-21,29,05:00,449.08416666666665,455.38666666666666,2025-05-24;2025-05-31;2025-06-07;2025-06-14,False,6.302500000000009,causal_load_main,day_ahead_planning
2025-06-21,30,05:10,450.81989166666665,444.1196333333333,2025-05-24;2025-05-31;2025-06-07;2025-06-14,False,6.700258333333352,causal_load_main,day_ahead_planning
2025-06-21,31,05:20,448.73166249999997,434.4785,2025-05-24;2025-05-31;2025-06-07;2025-06-14,False,14.253162499999974,causal_load_main,day_ahead_planning
2025-06-21,32,05:30,446.4454166666667,440.35833333333335,2025-05-24;2025-05-31;2025-06-07;2025-06-14,False,6.087083333333339,causal_load_main,day_ahead_planning
2025-06-21,33,05:40,463.22456666666665,457.5106833333333,2025-05-24;2025-05-31;2025-06-07;2025-06-14,False,5.713883333333342,causal_load_main,day_ahead_planning
2025-06-21,34,05:50,470.0913583333333,459.67366666666663,2025-05-24;2025-05-31;2025-06-07;2025-06-14,False,10.417691666666656,causal_load_main,day_ahead_planning
2025-06-21,35,06:00,460.68875,456.93999999999994,2025-05-24;2025-05-31;2025-06-07;2025-06-14,False,3.7487500000000864,causal_load_main,day_ahead_planning
2025-06-21,36,06:10,457.72252499999996,481.45506666666665,2025-05-24;2025-05-31;2025-06-07;2025-06-14,False,23.73254166666669,causal_load_main,day_ahead_planning
2025-06-21,37,06:20,460.0282291666666,488.7051666666667,2025-05-24;2025-05-31;2025-06-07;2025-06-14,False,28.676937500000065,causal_load_main,day_ahead_planning
2025-06-21,38,06:30,456.3795833333333,460.66999999999996,2025-05-24;2025-05-31;2025-06-07;2025-06-14,False,4.290416666666658,causal_load_main,day_ahead_planning
2025-06-21,39,06:40,444.5764958333333,434.43561666666665,2025-05-24;2025-05-31;2025-06-07;2025-06-14,False,10.14087916666665,causal_load_main,day_ahead_planning
2025-06-21,40,06:50,470.2215166666666,477.9608166666667,2025-05-24;2025-05-31;2025-06-07;2025-06-14,False,7.739300000000071,causal_load_main,day_ahead_planning
2025-06-21,41,07:00,519.4525000000001,550.7116666666666,2025-05-24;2025-05-31;2025-06-07;2025-06-14,False,31.259166666666488,causal_load_main,day_ahead_planning
2025-06-21,42,07:10,530.6207291666667,542.3861499999999,2025-05-24;2025-05-31;2025-06-07;2025-06-14,False,11.765420833333224,causal_load_main,day_ahead_planning
2025-06-21,43,07:20,534.7480583333333,522.9324666666666,2025-05-24;2025-05-31;2025-06-07;2025-06-14,False,11.815591666666705,causal_load_main,day_ahead_planning
2025-06-21,44,07:30,541.1370833333333,529.1416666666667,2025-05-24;2025-05-31;2025-06-07;2025-06-14,False,11.995416666666642,causal_load_main,day_ahead_planning
2025-06-21,45,07:40,527.0539875,526.62105,2025-05-24;2025-05-31;2025-06-07;2025-06-14,False,0.43293749999998,causal_load_main,day_ahead_planning
2025-06-21,46,07:50,522.666075,514.59605,2025-05-24;2025-05-31;2025-06-07;2025-06-14,False,8.070024999999987,causal_load_main,day_ahead_planning
2025-06-21,47,08:00,534.5208333333334,510.3933333333333,2025-05-24;2025-05-31;2025-06-07;2025-06-14,False,24.127500000000055,causal_load_main,day_ahead_planning
2025-06-21,48,08:10,537.1020791666666,527.0032833333332,2025-05-24;2025-05-31;2025-06-07;2025-06-14,False,10.098795833333384,causal_load_main,day_ahead_planning
2025-06-21,49,08:20,526.3918791666667,526.8320333333334,2025-05-24;2025-05-31;2025-06-07;2025-06-14,False,0.4401541666666162,causal_load_main,day_ahead_planning
2025-06-21,50,08:30,512.4629166666666,506.265,2025-05-24;2025-05-31;2025-06-07;2025-06-14,False,6.197916666666629,causal_load_main,day_ahead_planning
2025-06-21,51,08:40,516.0916291666665,505.16623333333337,2025-05-24;2025-05-31;2025-06-07;2025-06-14,False,10.925395833333141,causal_load_main,day_ahead_planning
2025-06-21,52,08:50,565.0705875,548.3231666666666,2025-05-24;2025-05-31;2025-06-07;2025-06-14,False,16.747420833333422,causal_load_main,day_ahead_planning
2025-06-21,53,09:00,630.2408333333333,608.4366666666666,2025-05-24;2025-05-31;2025-06-07;2025-06-14,False,21.804166666666674,causal_load_main,day_ahead_planning
2025-06-21,54,09:10,647.0826458333332,630.9835166666667,2025-05-24;2025-05-31;2025-06-07;2025-06-14,False,16.099129166666557,causal_load_main,day_ahead_planning
2025-06-21,55,09:20,642.7701500000001,641.6030499999999,2025-05-24;2025-05-31;2025-06-07;2025-06-14,False,1.1671000000001186,causal_load_main,day_ahead_planning
2025-06-21,56,09:30,638.0116666666667,637.4333333333333,2025-05-24;2025-05-31;2025-06-07;2025-06-14,False,0.5783333333333758,causal_load_main,day_ahead_planning
2025-06-21,57,09:40,628.0672374999999,597.0597666666666,2025-05-24;2025-05-31;2025-06-07;2025-06-14,False,31.007470833333286,causal_load_main,day_ahead_planning
2025-06-21,58,09:50,625.8803916666666,614.6574499999999,2025-05-24;2025-05-31;2025-06-07;2025-06-14,False,11.222941666666657,causal_load_main,day_ahead_planning
2025-06-21,59,10:00,634.1933333333334,666.6899999999999,2025-05-24;2025-05-31;2025-06-07;2025-06-14,False,32.496666666666556,causal_load_main,day_ahead_planning
2025-06-21,60,10:10,640.8780916666666,637.6840166666666,2025-05-24;2025-05-31;2025-06-07;2025-06-14,False,3.194074999999998,causal_load_main,day_ahead_planning
2025-06-21,61,10:20,634.8932166666666,626.9162666666666,2025-05-24;2025-05-31;2025-06-07;2025-06-14,False,7.976949999999988,causal_load_main,day_ahead_planning
2025-06-21,62,10:30,622.8845833333332,650.3183333333333,2025-05-24;2025-05-31;2025-06-07;2025-06-14,False,27.433750000000032,causal_load_main,day_ahead_planning
2025-06-21,63,10:40,622.2024166666666,621.1255833333332,2025-05-24;2025-05-31;2025-06-07;2025-06-14,False,1.0768333333334112,causal_load_main,day_ahead_planning
2025-06-21,64,10:50,624.4096,594.26015,2025-05-24;2025-05-31;2025-06-07;2025-06-14,False,30.14945,causal_load_main,day_ahead_planning
2025-06-21,65,11:00,623.5529166666666,613.2016666666666,2025-05-24;2025-05-31;2025-06-07;2025-06-14,False,10.35125000000005,causal_load_main,day_ahead_planning
2025-06-21,66,11:10,621.06935,657.6027666666666,2025-05-24;2025-05-31;2025-06-07;2025-06-14,False,36.53341666666665,causal_load_main,day_ahead_planning
2025-06-21,67,11:20,612.2581208333334,650.1067166666667,2025-05-24;2025-05-31;2025-06-07;2025-06-14,False,37.84859583333332,causal_load_main,day_ahead_planning
2025-06-21,68,11:30,608.5870833333333,607.6266666666667,2025-05-24;2025-05-31;2025-06-07;2025-06-14,False,0.9604166666666742,causal_load_main,day_ahead_planning
2025-06-21,69,11:40,625.1151458333334,617.5237833333333,2025-05-24;2025-05-31;2025-06-07;2025-06-14,False,7.591362500000059,causal_load_main,day_ahead_planning
2025-06-21,70,11:50,622.6519333333333,620.7188833333332,2025-05-24;2025-05-31;2025-06-07;2025-06-14,False,1.9330500000000939,causal_load_main,day_ahead_planning
2025-06-21,71,12:00,607.3870833333333,605.18,2025-05-24;2025-05-31;2025-06-07;2025-06-14,False,2.207083333333344,causal_load_main,day_ahead_planning
2025-06-21,72,12:10,623.1056375,622.59025,2025-05-24;2025-05-31;2025-06-07;2025-06-14,False,0.5153874999999744,causal_load_main,day_ahead_planning
2025-06-21,73,12:20,629.6954249999999,642.0391999999999,2025-05-24;2025-05-31;2025-06-07;2025-06-14,False,12.34377500000005,causal_load_main,day_ahead_planning
2025-06-21,74,12:30,617.1258333333333,654.76,2025-05-24;2025-05-31;2025-06-07;2025-06-14,False,37.634166666666715,causal_load_main,day_ahead_planning
2025-06-21,75,12:40,615.8116458333333,676.6507333333333,2025-05-24;2025-05-31;2025-06-07;2025-06-14,False,60.839087500000005,causal_load_main,day_ahead_planning
2025-06-21,76,12:50,612.2548166666666,652.0988,2025-05-24;2025-05-31;2025-06-07;2025-06-14,False,39.843983333333426,causal_load_main,day_ahead_planning
2025-06-21,77,13:00,607.0895833333333,614.6683333333333,2025-05-24;2025-05-31;2025-06-07;2025-06-14,False,7.578750000000014,causal_load_main,day_ahead_planning
2025-06-21,78,13:10,618.2064541666666,651.7447166666666,2025-05-24;2025-05-31;2025-06-07;2025-06-14,False,33.53826249999997,causal_load_main,day_ahead_planning
2025-06-21,79,13:20,630.3079375,643.7692333333333,2025-05-24;2025-05-31;2025-06-07;2025-06-14,False,13.461295833333338,causal_load_main,day_ahead_planning
2025-06-21,80,13:30,630.9287499999999,598.2149999999999,2025-05-24;2025-05-31;2025-06-07;2025-06-14,False,32.713750000000005,causal_load_main,day_ahead_planning
2025-06-21,81,13:40,622.4987208333333,641.5370166666667,2025-05-24;2025-05-31;2025-06-07;2025-06-14,False,19.038295833333336,causal_load_main,day_ahead_planning
2025-06-21,82,13:50,620.5288249999999,663.0396999999999,2025-05-24;2025-05-31;2025-06-07;2025-06-14,False,42.510875000000055,causal_load_main,day_ahead_planning
2025-06-21,83,14:00,624.25,643.6416666666667,2025-05-24;2025-05-31;2025-06-07;2025-06-14,False,19.39166666666665,causal_load_main,day_ahead_planning
2025-06-21,84,14:10,619.5610166666665,674.6484166666667,2025-05-24;2025-05-31;2025-06-07;2025-06-14,False,55.087400000000116,causal_load_main,day_ahead_planning
2025-06-21,85,14:20,616.3754875,682.5380166666666,2025-05-24;2025-05-31;2025-06-07;2025-06-14,False,66.16252916666667,causal_load_main,day_ahead_planning
2025-06-21,86,14:30,622.71875,667.8983333333333,2025-05-24;2025-05-31;2025-06-07;2025-06-14,False,45.17958333333331,causal_load_main,day_ahead_planning
2025-06-21,87,14:40,633.4108999999999,704.50855,2025-05-24;2025-05-31;2025-06-07;2025-06-14,False,71.09765000000016,causal_load_main,day_ahead_planning
2025-06-21,88,14:50,624.644875,697.0747666666666,2025-05-24;2025-05-31;2025-06-07;2025-06-14,False,72.42989166666666,causal_load_main,day_ahead_planning
2025-06-21,89,15:00,608.3604166666667,646.6133333333332,2025-05-24;2025-05-31;2025-06-07;2025-06-14,False,38.25291666666658,causal_load_main,day_ahead_planning
2025-06-21,90,15:10,618.9655666666665,652.7055833333333,2025-05-24;2025-05-31;2025-06-07;2025-06-14,False,33.74001666666675,causal_load_main,day_ahead_planning
2025-06-21,91,15:20,621.7653499999999,654.0566333333334,2025-05-24;2025-05-31;2025-06-07;2025-06-14,False,32.29128333333347,causal_load_main,day_ahead_planning
2025-06-21,92,15:30,616.2566666666667,645.9166666666666,2025-05-24;2025-05-31;2025-06-07;2025-06-14,False,29.659999999999968,causal_load_main,day_ahead_planning
2025-06-21,93,15:40,636.623125,689.5025833333334,2025-05-24;2025-05-31;2025-06-07;2025-06-14,False,52.879458333333446,causal_load_main,day_ahead_planning
2025-06-21,94,15:50,650.1025499999998,719.5433666666665,2025-05-24;2025-05-31;2025-06-07;2025-06-14,False,69.4408166666667,causal_load_main,day_ahead_planning
2025-06-21,95,16:00,650.9854166666667,702.905,2025-05-24;2025-05-31;2025-06-07;2025-06-14,False,51.91958333333332,causal_load_main,day_ahead_planning
2025-06-21,96,16:10,661.7557625,672.3809666666666,2025-05-24;2025-05-31;2025-06-07;2025-06-14,False,10.625204166666663,causal_load_main,day_ahead_planning
2025-06-21,97,16:20,643.7439999999999,663.4524333333333,2025-05-24;2025-05-31;2025-06-07;2025-06-14,False,19.708433333333346,causal_load_main,day_ahead_planning
2025-06-21,98,16:30,622.3666666666666,673.67,2025-05-24;2025-05-31;2025-06-07;2025-06-14,False,51.3033333333334,causal_load_main,day_ahead_planning
2025-06-21,99,16:40,654.5999083333334,663.9623333333333,2025-05-24;2025-05-31;2025-06-07;2025-06-14,False,9.362424999999917,causal_load_main,day_ahead_planning
2025-06-21,100,16:50,612.7854166666666,603.6488499999999,2025-05-24;2025-05-31;2025-06-07;2025-06-14,False,9.136566666666681,causal_load_main,day_ahead_planning
2025-06-21,101,17:00,517.31625,540.05,2025-05-24;2025-05-31;2025-06-07;2025-06-14,False,22.733749999999986,causal_load_main,day_ahead_planning
2025-06-21,102,17:10,523.8352916666666,555.8345333333333,2025-05-24;2025-05-31;2025-06-07;2025-06-14,False,31.99924166666665,causal_load_main,day_ahead_planning
2025-06-21,103,17:20,552.3327958333333,577.1041333333333,2025-05-24;2025-05-31;2025-06-07;2025-06-14,False,24.77133749999996,causal_load_main,day_ahead_planning
2025-06-21,104,17:30,545.8829166666667,580.7116666666666,2025-05-24;2025-05-31;2025-06-07;2025-06-14,False,34.8287499999999,causal_load_main,day_ahead_planning
2025-06-21,105,17:40,531.6439124999999,608.2013499999999,2025-05-24;2025-05-31;2025-06-07;2025-06-14,False,76.55743749999999,causal_load_main,day_ahead_planning
2025-06-21,106,17:50,535.2341333333333,600.7254833333333,2025-05-24;2025-05-31;2025-06-07;2025-06-14,False,65.49135000000001,causal_load_main,day_ahead_planning
2025-06-21,107,18:00,551.0941666666668,558.2516666666667,2025-05-24;2025-05-31;2025-06-07;2025-06-14,False,7.157499999999914,causal_load_main,day_ahead_planning
2025-06-21,108,18:10,553.2992416666666,545.7471333333333,2025-05-24;2025-05-31;2025-06-07;2025-06-14,False,7.552108333333308,causal_load_main,day_ahead_planning
2025-06-21,109,18:20,553.4642375,549.5005333333334,2025-05-24;2025-05-31;2025-06-07;2025-06-14,False,3.9637041666666164,causal_load_main,day_ahead_planning
2025-06-21,110,18:30,562.18875,557.1316666666667,2025-05-24;2025-05-31;2025-06-07;2025-06-14,False,5.057083333333367,causal_load_main,day_ahead_planning
2025-06-21,111,18:40,575.2981208333333,576.1385666666666,2025-05-24;2025-05-31;2025-06-07;2025-06-14,False,0.8404458333333196,causal_load_main,day_ahead_planning
2025-06-21,112,18:50,573.7023875,605.7608,2025-05-24;2025-05-31;2025-06-07;2025-06-14,False,32.05841250000003,causal_load_main,day_ahead_planning
2025-06-21,113,19:00,563.5425,642.1199999999999,2025-05-24;2025-05-31;2025-06-07;2025-06-14,False,78.57749999999987,causal_load_main,day_ahead_planning
2025-06-21,114,19:10,569.5143708333333,667.4907,2025-05-24;2025-05-31;2025-06-07;2025-06-14,False,97.97632916666669,causal_load_main,day_ahead_planning
2025-06-21,115,19:20,575.8981375000001,617.7905666666666,2025-05-24;2025-05-31;2025-06-07;2025-06-14,False,41.89242916666649,causal_load_main,day_ahead_planning
2025-06-21,116,19:30,573.20625,548.9133333333333,2025-05-24;2025-05-31;2025-06-07;2025-06-14,False,24.292916666666656,causal_load_main,day_ahead_planning
2025-06-21,117,19:40,567.1734041666666,582.0875666666666,2025-05-24;2025-05-31;2025-06-07;2025-06-14,False,14.914162499999975,causal_load_main,day_ahead_planning
2025-06-21,118,19:50,558.4490499999999,581.7777833333333,2025-05-24;2025-05-31;2025-06-07;2025-06-14,False,23.32873333333339,causal_load_main,day_ahead_planning
2025-06-21,119,20:00,560.7604166666665,531.6033333333332,2025-05-24;2025-05-31;2025-06-07;2025-06-14,False,29.157083333333276,causal_load_main,day_ahead_planning
2025-06-21,120,20:10,586.2469458333333,558.0394333333334,2025-05-24;2025-05-31;2025-06-07;2025-06-14,False,28.207512499999893,causal_load_main,day_ahead_planning
2025-06-21,121,20:20,585.8637333333332,620.8675333333333,2025-05-24;2025-05-31;2025-06-07;2025-06-14,False,35.00380000000007,causal_load_main,day_ahead_planning
2025-06-21,122,20:30,570.0758333333333,660.0216666666666,2025-05-24;2025-05-31;2025-06-07;2025-06-14,False,89.94583333333333,causal_load_main,day_ahead_planning
2025-06-21,123,20:40,595.1439333333333,646.97075,2025-05-24;2025-05-31;2025-06-07;2025-06-14,False,51.82681666666667,causal_load_main,day_ahead_planning
2025-06-21,124,20:50,603.7320416666666,585.6121499999999,2025-05-24;2025-05-31;2025-06-07;2025-06-14,False,18.119891666666717,causal_load_main,day_ahead_planning
2025-06-21,125,21:00,579.43125,526.72,2025-05-24;2025-05-31;2025-06-07;2025-06-14,False,52.71124999999995,causal_load_main,day_ahead_planning
2025-06-21,126,21:10,565.8437291666667,535.7850999999999,2025-05-24;2025-05-31;2025-06-07;2025-06-14,False,30.05862916666672,causal_load_main,day_ahead_planning
2025-06-21,127,21:20,566.00485,581.5171499999999,2025-05-24;2025-05-31;2025-06-07;2025-06-14,False,15.512299999999868,causal_load_main,day_ahead_planning
2025-06-21,128,21:30,571.7908333333332,618.915,2025-05-24;2025-05-31;2025-06-07;2025-06-14,False,47.124166666666724,causal_load_main,day_ahead_planning
2025-06-21,129,21:40,569.4124708333334,619.2412833333333,2025-05-24;2025-05-31;2025-06-07;2025-06-14,False,49.82881249999991,causal_load_main,day_ahead_planning
2025-06-21,130,21:50,526.2890458333334,576.7794666666666,2025-05-24;2025-05-31;2025-06-07;2025-06-14,False,50.490420833333246,causal_load_main,day_ahead_planning
2025-06-21,131,22:00,470.75166666666667,528.28,2025-05-24;2025-05-31;2025-06-07;2025-06-14,False,57.52833333333331,causal_load_main,day_ahead_planning
2025-06-21,132,22:10,468.8343833333333,526.8737333333333,2025-05-24;2025-05-31;2025-06-07;2025-06-14,False,58.03935000000007,causal_load_main,day_ahead_planning
2025-06-21,133,22:20,477.22794583333325,544.7410833333333,2025-05-24;2025-05-31;2025-06-07;2025-06-14,False,67.51313750000008,causal_load_main,day_ahead_planning
2025-06-21,134,22:30,476.275,552.865,2025-05-24;2025-05-31;2025-06-07;2025-06-14,False,76.59000000000003,causal_load_main,day_ahead_planning
2025-06-21,135,22:40,489.0145625,546.83985,2025-05-24;2025-05-31;2025-06-07;2025-06-14,False,57.825287499999945,causal_load_main,day_ahead_planning
2025-06-21,136,22:50,502.6108375,541.7928999999999,2025-05-24;2025-05-31;2025-06-07;2025-06-14,False,39.182062499999915,causal_load_main,day_ahead_planning
2025-06-21,137,23:00,498.66249999999997,531.7316666666666,2025-05-24;2025-05-31;2025-06-07;2025-06-14,False,33.069166666666604,causal_load_main,day_ahead_planning
2025-06-21,138,23:10,474.3844875,499.8227166666666,2025-05-24;2025-05-31;2025-06-07;2025-06-14,False,25.438229166666645,causal_load_main,day_ahead_planning
2025-06-21,139,23:20,471.01095416666664,486.82904999999994,2025-05-24;2025-05-31;2025-06-07;2025-06-14,False,15.818095833333302,causal_load_main,day_ahead_planning
2025-06-21,140,23:30,482.49375,498.2166666666667,2025-05-24;2025-05-31;2025-06-07;2025-06-14,False,15.72291666666672,causal_load_main,day_ahead_planning
2025-06-21,141,23:40,476.69451666666663,504.0951666666666,2025-05-24;2025-05-31;2025-06-07;2025-06-14,False,27.400649999999985,causal_load_main,day_ahead_planning
2025-06-21,142,23:50,543.4473083333334,532.2190166666667,2025-05-24;2025-05-31;2025-06-07;2025-06-14,False,11.228291666666678,causal_load_main,day_ahead_planning
2025-06-21,143,0:00+1,652.64375,606.0233333333333,2025-05-24;2025-05-31;2025-06-07;2025-06-14,False,46.62041666666664,causal_load_main,day_ahead_planning
