date,selected_k,planned_cost_yuan,emergency_cost_yuan,total_cost_yuan,planned_q_kwh,planned_q_sha256,actual_x_kwh,unused_plan_kwh,emergency_kwh,curtailment_kwh,max_balance_residual_kwh,max_x_minus_q_kwh,pass
2025-01-01,1,48052.04659084666,126398.17236830831,174450.21895915497,61789.9354,129eedb62c1d4fc1e4670fb594affa45ec0dddef5f83c4aa8e1502b1e484e59b,61768.7181,21.217300000000023,30266.451916666658,0.0,0.0,0.0,True
2025-01-02,1,86286.27060522334,3690.905855833331,89977.17646105668,108278.17284999999,f210ba9e8093e1b9695654605b54d52cbde221978c00697a807d60c6c48d9ac9,91806.78803333333,16471.384816666665,1078.4512333333328,0.0,0.0,0.0,True
2025-01-03,1,86565.8935209475,0.0,86565.8935209475,108566.18356666667,fdf25ab33cc631ac31aa92a51b0f34f6366612a7f935435b6754b43f5921b946,50979.25585,57586.92771666666,0.0,5474.314483333333,1.1368683772161603e-13,-69.16083333333336,True
2025-01-04,1,74059.4619998511,241.01674000000003,74300.47873985111,92669.07598888887,62602bef536dd6beee3dead0638c5ec15534a8ce0e179a93c3261d363729e419,50663.55808333334,42005.51790555555,112.73000000000002,6010.685716666667,0.0,0.0,True
2025-01-05,1,73849.26065209208,6188.422221604167,80037.68287369625,92254.33047499998,fb563cc0f5088200b9fcae42a43dfc21c44b03cf9ea49756fce2f02d1f95d629,89306.08110833332,2948.249366666668,1729.6291916666669,0.0,0.0,0.0,True
2025-01-06,1,72699.03981925925,7688.105879831668,80387.14569909092,90884.40682499998,7464cb197af576b74d324fc0a589c37d08b510201640308e4b6f1c03e7f453b8,88705.6534475,2178.7533774999984,1926.8276525,0.0,1.1368683772161603e-13,0.0,True
2025-01-07,1,72487.25217279005,14447.193480989445,86934.44565377949,90605.64536944444,007df3d97c0d23c404b69ba55238d3d6ece4683b482a6808d89150d885a36d9b,88644.32491444444,1961.3204550000012,3922.576035555556,0.0,0.0,0.0,True
2025-01-08,1,85475.88444669175,158.28036301881033,85634.16480971056,107109.77096190475,a750c7dc13ceb721ca7c7df4451a562c9b350720abd6433f5c336ec25c759589,89458.30298857142,17651.46797333333,67.69832809523825,0.0,0.0,0.0,True
2025-01-09,1,85610.34215531033,384.23504265119084,85994.57719796151,107206.55988095238,49036b1213a3c8723e4a5c0710c8e1bb7e2e8aae5b554a5d25c237d5518bcb1e,90962.5073595238,16244.05252142857,129.04875714285708,0.0,0.0,0.0,True
2025-01-10,1,48096.063931667464,982.3144198666648,49078.37835153413,62944.469057142844,53bd8c81c34a1d5c8b7ff4b8664c7f93c24f16a2844999940855c2b3a19b50a6,49943.231766666664,13001.237290476187,174.0379666666662,4626.603016666666,1.1368683772161603e-13,0.0,True
2025-01-11,1,37748.65278039691,8896.36031433571,46645.01309473262,49982.489942857144,66e1e3c9349a324763b03bd44c006399b61a5a6f9c2a46a027e5b1384fd9b9df,47983.43295714285,1999.0569857142864,2492.8709761904747,5610.417316666666,0.0,0.0,True
2025-01-12,1,72596.12265170141,10499.66070473214,83095.78335643356,90702.82090714286,a9d701cdff2c95467385c8f2da03c5ae874072a94ebb9818e155d76afef9556e,88041.2556047619,2661.565302380951,2824.6327952380952,0.0,1.1368683772161603e-13,0.0,True
2025-01-13,1,71993.51248014953,7379.48374545595,79372.99622560547,89996.10210714285,5c0a5d99017b95cd833133b894843ab62d3ff535a91260d3ec051893d8140655,86254.1684404762,3741.9336666666654,2019.7885261904757,0.0,0.0,0.0,True
2025-01-14,1,71724.81240421285,8252.022869588096,79976.83527380094,89737.8985595238,713f3b7862ddd5234fef81fd594a9238eaef322e99aacfcf71a5b7f5e1f8ba28,87039.91944999999,2697.9791095238074,2240.3934833333337,0.0,0.0,0.0,True
2025-01-15,1,71442.36594662619,11925.96346121905,83368.32940784525,89305.77247857142,fad9f9f0d6e4da054f2b46f959224ded7fc92cd65a88804ab96d74ed4fbf5098,87112.0561297619,2193.716348809522,2958.286803571428,0.0,1.1368683772161603e-13,0.0,True
2025-01-16,1,71754.25915691975,10782.57897652798,82536.83813344773,89715.89745595238,a640b5eabf0a0fcd6316c03512645d0d748e5e9fa91d027cc5d8f81c94894561,86514.68774761904,3201.20970833333,2559.4637023809537,0.0,1.1368683772161603e-13,0.0,True
2025-01-17,1,37541.746271494994,5665.430938049405,43207.1772095444,49837.94788928571,115ac3633a6fe0c231df7c3b556468d0a1651d069744f6d63d412c86e193b546,47379.536386904765,2458.411502380952,1587.8967964285712,6278.319716666667,0.0,0.0,True
2025-01-18,1,47491.50788193577,557.2580253333324,48048.7659072691,62211.656711904754,ce2472ef57ba8a99180245cc3160cd93ef347711a1c033ff900d6ab2cd0dfa73,49034.779425,13176.87728690476,194.9450916666662,5987.2155,0.0,0.0,True
2025-01-19,1,84024.9486790507,371.4205761666682,84396.36925521737,105422.09875297619,d2ecbe6cd66c0a41566c7b343942102aa37b725a7e1d485ce8cd99c2890c5b5c,88543.65025,16878.448502976185,139.4892166666666,0.0,1.1368683772161603e-13,0.0,True
2025-01-20,1,83692.59771373356,156.72520870416474,83849.32292243773,104961.12611964284,0ed71e3cf36ce9b03482ef334ea051637f3e021d67194669ee53bb63468610db,88008.37343333333,16952.75268630952,58.70311666666612,0.0,0.0,0.0,True
2025-01-21,1,83810.88033603274,81.16673917499995,83892.04707520774,105105.76515535713,8e7bfe8757d50556ab5f458c4e82fadff6cca2b46972eea3357a869dee70b368,84240.061725,20865.703430357138,18.342841666666573,782.4998833333334,1.1368683772161603e-13,0.0,True
2025-01-22,1,83402.18652865737,959.7134637079353,84361.8999923653,104434.27376964284,dd0c2fb828830d6310b6e41b0cf711a46724eccb7c7abe2c9eca12628aa6ff75,88633.35992698412,15800.913842658723,265.4044396825393,0.0,0.0,0.0,True
2025-01-23,1,83430.65971719977,581.3036924400781,84011.96340963985,104502.67636567459,089189a8e29bd7767602bd25711e9a937e8a1b76e006415d5160b101dc7353da,89367.98859047619,15134.687775198408,197.93700952380902,0.0,0.0,0.0,True
2025-01-24,1,37055.4807555644,3882.5277450839276,40938.00850064833,49281.51498253968,9f096c46a56d8cfad1476069e9512d625f9a786aec28192c9e387fa5cf099eaa,47287.432338095234,1994.0826444444435,1104.266195238095,8562.285383333334,0.0,0.0,True
2025-01-25,1,37092.14065184044,3570.1729340130973,40662.31358585354,49409.681352380954,6dc801ceb4b4f7ef97082f8956b8d305ec51f99130f8e7aa7b0b1c43ebf38eac,47292.80010714286,2116.881245238096,1004.0658595238101,9857.2905,0.0,0.0,True
2025-01-26,1,69477.52020924742,10798.90471116984,80276.42492041727,86484.19901190476,a317d35c1ae0a2e9eba6f8d339c74010fb9977c2881ff5dc8abdc5bc59419194,84384.37905357144,2099.819958333332,3314.6109797619038,0.0,0.0,0.0,True
2025-01-27,1,69251.07292487587,6314.7673138742,75565.84023875007,86292.14902380953,a1cc1c8d7529aea855bf5c01a3175ea331e43af9aaab0a79cb8efa1dd976df2b,82578.4797126984,3713.6693111111135,1814.931353968253,198.49428333333344,0.0,0.0,True
2025-01-28,1,68698.01609562678,12554.368815139685,81252.38491076647,85748.5748952381,b69ffb7e054f60e231fb469a309550d67617da1e5cdbfd51075f3afae055b52f,83477.73894325396,2270.835951984127,3502.660423412699,0.0,1.1368683772161603e-13,0.0,True
2025-01-29,4,68707.39743951202,2508.5794502735152,71215.97688978552,86413.83383511903,3a7143260570539d7bc2ae8208f0233f1854046adfa6aa5d2dcce806cd8a496a,80810.37543511904,5603.458400000001,704.8286148809535,130.00299999999993,0.0,0.0,True
2025-01-30,4,70881.28081543584,2511.6014387454306,73392.88225418127,89096.85306765873,50a481e7d3ba29fb9e14837a44707e0720b8fd13ec47aa43b09404ca21ffc912,83455.69676924603,5641.156298412698,514.4472807539672,227.56126666666637,1.1368683772161603e-13,0.0,True
2025-01-31,4,36348.57085035551,3370.5270885984187,39719.09793895393,48682.31413492063,934661b49dabd2a810a39ed7b33de45d3abdc91a02d730472d89b4affc66522f,46248.64376944444,2433.670365476189,831.076247222223,8315.396966666667,0.0,0.0,True
2025-02-01,4,36379.33228499546,1381.0997442667667,37760.43202926222,49042.92035079365,f044e44bdaa0a5daeb31be480cf2e7f398e62eb4d87a454639f577d12b3a2500,44538.1295345238,4504.7908162698395,312.0482821428572,10472.001883333332,1.1368683772161603e-13,0.0,True
2025-02-02,4,70110.95312176147,209.19364171061568,70320.14676347209,87823.79261686507,254d8a6a3255f0de3224a850e9505f30b2f0486005fb1b2d74eec34740f0f262,78758.0834501984,9065.709166666667,35.38704980158752,437.1925500000002,0.0,0.0,True
2025-02-03,4,69506.01987034251,771.2324755840275,70277.25234592654,87077.90477718253,9ac18b396aee170fd76e78c31b446b8c2c26284e6a9f4f41b12cc9d2e3aad88a,80123.53172460318,6954.373052579365,174.05125873015868,80.66648333333342,0.0,0.0,True
2025-02-04,4,69389.13279360674,2459.0174130460255,71848.15020665276,87018.40247599207,f91106bcf171aa53c67ca9a9fd5a3f7cf9c9cb2bf1fd0601bfac46f870f585d1,80904.16653055555,6114.235945436509,609.7457694444431,319.04835000000026,0.0,0.0,True
2025-02-05,4,69139.48946525034,1351.2491320033712,70490.73859725372,86511.33963888888,a96c154b893fa11d8d78e105768f9d5efa659fbd5111d1feb22556aeb21e7321,80439.10621448411,6072.2334244047615,350.503118849206,41.18235000000027,0.0,0.0,True
2025-02-06,4,69596.3307470897,296.02282933591283,69892.35357642561,87029.99162162698,47f4348938b34f7b197a34e25eccbd3f4fe135307f0ada8a5b822117bf36bfb4,80161.40598214285,6868.585639484127,111.05205119047639,1.400816666666742,1.1368683772161603e-13,0.0,True
2025-02-07,4,36444.546969840754,545.8987419299609,36990.44571177071,48782.94050892857,39bf91e6d967255dbb496ec9f0abab6c1622ffec7c585c6822f621a816729dad,44075.55440119048,4707.386107738095,129.52849880952402,12399.403233333334,0.0,0.0,True
2025-02-08,4,36050.120586286306,772.5435513767845,36822.664137663094,48710.9078109127,46a0c79f277f01c18a91bf5bbde5cad216fe5793a934b2d554a5ebecb31851ec,43101.65155892857,5609.256251984127,131.06019107142822,11655.549033333333,0.0,0.0,True
2025-02-09,4,67941.07702282132,1838.468683845832,69779.54570666715,85402.94184543651,9e8beaaf4e02aa67c8d1ef6c97c36c32d01c330c384f272f8ebc9ad78ab5d05b,79032.9566140873,6369.985231349208,574.8887692460308,52.42941666666661,0.0,0.0,True
2025-02-10,4,68287.28096781598,395.339975186904,68682.62094300288,85916.08126507935,8e255f3898e81167d7a8d84cfc51aa7c18b5122bf5c098f48292e70385fa86f3,75714.38115674604,10201.700108333336,63.984193253968215,1451.7277666666669,1.1368683772161603e-13,0.0,True
2025-02-11,4,67565.10693790502,192.28594725813622,67757.39288516315,85012.40139623015,a8b149d03b5907bb92c604ce08c7a80804810fa56f4765cddcf9900b6719baec,76159.16185873015,8853.239537499998,43.77492460317478,982.3396500000001,1.1368683772161603e-13,0.0,True
2025-02-12,2,65626.19522399141,1359.659452575599,66985.854676567,82204.61612916665,a9b6923570fe9e42bc0fe66f7cd9c462a721faa5ebdd8930be1eb1a758e2aba6,76290.77818571428,5913.837943452383,340.7964476190483,1364.8385000000003,1.1368683772161603e-13,0.0,True
2025-02-13,2,65222.960365891144,895.7514309804558,66118.7117968716,81616.36588968254,9f5ecfe203fb40fa7d4c79fba75329686fe5de6b6e037369599a3a8043b3baf0,73259.3438688492,8357.022020833332,262.0784811507932,2191.9433333333336,1.1368683772161603e-13,0.0,True
2025-02-14,2,33362.457535143294,1786.6816863997014,35149.139221542995,45108.35558511905,41c8fe76bc405cb5d7fe1144c4cdece311c607ba9b2f30bee929ebd718a13770,42176.90270337301,2931.452881746032,432.1994299603173,12807.300316666668,0.0,0.0,True
2025-02-15,2,32783.57181778335,2250.379884298807,35033.95170208215,44432.51298928571,7027ce9dc19d37500eca5452e512324435577e916e3ed3a53c5d6b31c6d06864,42070.34276686508,2362.1702224206356,565.5508664682533,13355.802533333332,5.684341886080802e-14,0.0,True
2025-02-16,2,62648.05054829468,4359.229444271916,67007.2799925666,78611.53310694444,4ec2efa222823ff152d90c6c8fe4eef61b5a24080b8a01341a8694ce9299c251,74863.74190079366,3747.7912061507927,1084.6852325396806,571.048033333333,1.1368683772161603e-13,0.0,True
2025-02-17,2,62304.201573495215,1579.2234971721205,63883.425070667334,78309.05087480159,6626b1fe52210d528310df1ede6d7fc5a84326fe9c0b213248d553d49ae30e58,72715.2000095238,5593.85086527778,367.56454047619,1898.901383333333,0.0,0.0,True
2025-02-18,2,61722.19467736689,2449.058853574599,64171.25353094149,77621.20086785714,7de5365b7460cccf83a8d0a22a0ff0339983e0d79bc7559561f2af569d31b190,72685.97768492062,4935.223182936507,602.4442650793642,1197.034166666666,0.0,0.0,True
2025-02-19,2,61413.232037829206,3787.5911065767805,65200.823144405986,77258.12010119048,d5983fcdaf0de0fcdba7dfa5184bf5d39c2e64d1753e817ba5f7441651619fef,74159.20238849206,3098.9177126984137,995.1545281746018,2275.029533333333,1.1368683772161603e-13,0.0,True
2025-02-20,2,61204.5620227445,2278.549134163189,63483.11115690769,76957.1391281746,cf0ffc217d2e4a5fff297e2c26372744557c60c10179e7d61b68552f5f5067a5,72193.80284841268,4763.336279761905,599.1192349206341,1799.7883499999991,1.1368683772161603e-13,0.0,True
2025-02-21,2,31903.798268531846,2126.6021978133886,34030.400466345236,43302.9665031746,a5cd17a380b7b40eddd480de83c01801ceb2c26bb174a967e957c68a0fd62993,40870.84871587301,2432.1177873015868,601.4023174603169,15911.988999999998,0.0,0.0,True
2025-02-22,2,31722.74583848571,2854.1883749633917,34576.9342134491,42942.68062202381,9ab9246d72daf90753ed5375f415cce6d5fa8c359d7b8e6a0a5bfa979c4ae415,40940.435250595234,2002.2453714285712,694.1994494047617,13789.871816666666,0.0,0.0,True
2025-02-23,2,60155.971703647294,2733.3776129894823,62889.34931663678,75750.73120932539,54be9d9260fe8f2665cb9860eaedc3f57600276b2e1df504f25d08e81e5f6062,72255.87319781746,3494.858011507934,641.1225688492063,1365.1420833333332,0.0,0.0,True
2025-02-24,2,59740.05321332436,3299.8660031898808,63039.919216514245,75416.69581646826,88eb6e38f32c67406b6fa3a1fdfa8ddbf06b1b1b9d107b518c01d99f9378f384,70644.07791746031,4772.617899007937,689.8548992063494,3130.8992000000003,1.1368683772161603e-13,0.0,True
2025-02-25,2,59176.653638942444,3088.795122952876,62265.44876189532,74535.33888511904,f0c2c9baa93643f7dde47a5e4f22e5bef4b6b119b903c7b2bce4b73e046a5b0e,69725.30385,4810.035035119048,825.2789166666662,4729.259533333333,1.1368683772161603e-13,0.0,True
2025-02-26,2,58218.12464040512,5990.90473482291,64209.02937522803,73325.88306309524,4228d56a926a6f95eabff93f84eabe93d4ae7c10232eb283468f7cfc4abfe6f2,70077.24431011904,3248.6387529761914,1445.8209065476176,2708.2171833333327,1.1368683772161603e-13,0.0,True
2025-02-27,2,58365.84369458833,3610.9518524898804,61976.79554707821,73635.18709047619,4743a7643e77ad91ce8a8a73bfe046e972864665ba1e8363377cbcfa69365216,70888.45203154761,2746.7350589285725,754.701101785714,4686.568933333333,0.0,0.0,True
2025-02-28,2,31046.240509988274,2032.8537747833334,33079.09428477161,42085.83090773809,98bd635e6bc41bf2360f4f897a959990a2323dff8ba99872abb5514d7183b7d8,39900.207375,2185.6235327380955,562.2431916666667,17169.857016666665,0.0,0.0,True
2025-03-01,2,29559.004869978035,4136.728320730951,33695.73319070898,40158.462225,8548f5b4639e3be4888e90e2f24e95b5295f8fece65dbff05eb9d2002e7eff6e,38376.68887440476,1781.7733505952383,936.6963922619042,15654.619333333332,5.684341886080802e-14,0.0,True
2025-03-02,2,56125.221636740236,17217.776700699404,73342.99833743964,70861.09685059523,b37df9657961280e5668b1b76cef6eaed2a96a5abf379b062607d47badb34f37,68718.30170714286,2142.795143452383,3876.8987928571423,236.89343333333318,1.1368683772161603e-13,0.0,True
2025-03-03,2,57652.94918988643,12669.567353971415,70322.51654385784,72661.73228690476,2760557f649d25938b1d9f3f453ae11fe3999fa570c4ce0b9d3cb2675756c199,70300.42178392857,2361.3105029761896,2889.157182738092,1172.4323333333327,0.0,0.0,True
2025-03-04,2,56767.77844183018,6545.244445173211,63313.02288700339,71506.76840416667,494653feb38866a6e05149e96c5a45d1c4f672b630b8062639cc8ce9b0f21a5e,69333.07033035714,2173.6980738095235,1581.6008029761902,1715.2132000000004,1.1368683772161603e-13,0.0,True
2025-03-05,2,57437.525993497315,4526.32835175149,61963.85434524881,72295.10050119048,c7248ad40385a4d8029969414f639dcbce1486913335a155f2050db03a254efc,67846.01253333333,4449.087967857144,921.8960333333338,2637.43655,1.1368683772161603e-13,0.0,True
2025-03-06,2,57635.238085685356,4920.584279103278,62555.82236478863,72359.93609880951,93fe0a398ac07d7db599e6dda893633ad31f3817d4aff4bce80cf6b3cd87d747,67749.1716642857,4610.76443452381,1158.264852380953,2966.7823833333327,0.0,0.0,True
2025-03-07,2,29772.60737771458,2423.919734252082,32196.52711196666,40328.36735297619,271184ed7aa43718d91487a46110f153de708784155706e46ac36d1315d32295,37459.24103630952,2869.1263166666668,682.9829636904759,17219.938466666666,5.684341886080802e-14,0.0,True
2025-03-08,2,29462.56493551268,1469.82702554851,30932.391961061192,39853.04898690476,0da1879ada308b16dacdc54faecd6eaf3fb4a2157eb034e0753a9796cb4ec6d3,38031.03737261905,1822.0116142857148,444.8762940476186,19412.774149999997,5.684341886080802e-14,0.0,True
2025-03-09,2,56763.72870176083,2534.1039258925575,59297.83262765339,71319.34325714286,536583fc923c27b20105bc96678855e0c64f51b4ce1f763670ff3fb1901b6d54,67079.6532172619,4239.690039880954,581.6768327380942,4327.804999999999,0.0,0.0,True
2025-03-10,2,54295.9564703519,7909.072625263394,62205.02909561529,68551.17241011905,a37b365d4e57e0a4f1726a51e5c91c4817ade04e59c6749dc0e04e5560615676,67031.55199166667,1519.620418452379,1940.6629083333332,930.1434499999995,1.1368683772161603e-13,0.0,True
2025-03-11,2,55617.73237304714,5071.479136157443,60689.211509204586,70086.82638571429,415ba2407648037118e71faab82019099f1c6b2ce627647c576ce1338fa74bfb,66153.72064464286,3933.1057410714284,1387.2404886904765,3602.0423333333333,1.1368683772161603e-13,0.0,True
2025-03-12,2,55268.25078974958,4494.28459356101,59762.53538331059,69729.3917095238,74774ce35d07d478a664d4bc59a5841da8b1cc3a09c4ca57acd4b197dc5ee0a3,66092.06673095239,3637.324978571429,1230.9439523809517,4887.476,1.1368683772161603e-13,0.0,True
2025-03-13,2,54749.57028493565,7741.8680490738125,62491.438334009465,69098.50210357143,859b79405c24f7eb25d47d6a87363b574cbc9278f445c55b1471880dc92214d6,66412.18238749998,2686.31971607143,1860.6768291666672,727.2411999999996,1.1368683772161603e-13,0.0,True
2025-03-14,2,28624.981580696964,3346.1776081892867,31971.15918888625,38876.41273869047,0232c0644d59055a64b61a1236719ba72f9b90a2262f9c5444a4542722110c95,36566.82633869047,2309.5864,857.8097779761906,21395.21013333333,0.0,0.0,True
2025-03-15,2,28403.98008256113,3799.0341480014868,32203.014230562618,38540.588494642856,2580aa155d4a8f271b207bc1b8396b6ea6bdb94957c61b6b42a048abedf20362,37183.621316666664,1356.9671779761902,1024.0141499999995,17283.510316666667,5.684341886080802e-14,0.0,True
2025-03-16,2,54941.402581446724,4371.973714678271,59313.376296124996,69339.24865892857,30c4d6a0816235537df4e3e83cb71480e856e64f9e11e36f3b100bffab122ef6,65810.45492202381,3528.7937369047613,1111.6307946428565,3571.0387833333325,0.0,0.0,True
2025-03-17,2,54626.428259038395,2338.375243263984,56964.80350230238,69026.91271011904,aabfe8db11efe0807502a4c26f67902760253d69b1cfe4efcf4bd2966f67559d,63744.17035654761,5282.742353571428,533.4236101190465,6419.462533333332,1.1368683772161603e-13,0.0,True
2025-03-18,2,53866.321570328866,4773.362559649401,58639.68412997827,68245.22376785715,89b03b91e46ec167a5c7db3208443b6ed8b1f6ef9ac1a9bc24bdf496c79d7cea,64955.1842827381,3290.039485119047,1049.8493005952373,4879.075216666666,0.0,0.0,True
2025-03-19,2,53984.0299378553,3246.931284637497,57230.9612224928,68346.80151130952,646ab813252ca4fd571aeb993a67db941c96e5795482c583a6e58dc90e3c0ac6,64761.12928511904,3585.672226190476,728.3054482142852,6023.964283333333,1.1368683772161603e-13,0.0,True
2025-03-20,2,53745.5240463881,5834.849750527976,59580.37379691607,67872.24654404761,811a669bf34089897421372e477b55afe55f8f11b30ad932a40dec3ac708caf4,64703.269369642854,3168.977174404762,1416.5691303571427,3910.876683333333,1.1368683772161603e-13,0.0,True
2025-03-21,2,28119.71201706565,2154.206139248512,30273.91815631416,38265.148603571426,7fbb1f5daf9fbe913d9e1b9e0c6a68df40d7b13c2d2810aaa67bdbb094f3566d,36414.723802976194,1850.4248005952375,554.2261470238095,24935.485433333328,5.684341886080802e-14,0.0,True
2025-03-22,2,27902.521432194702,2156.65780437976,30059.179236574462,37793.892036904756,4d5d5c63b2fa7863704e12c6ef54753279811d4b73754dacdc28d95880a2603f,36045.6913,1748.2007369047622,699.4397999999992,20863.931366666664,5.684341886080802e-14,0.0,True
2025-03-23,2,52073.092455614824,4742.6345900723245,56815.72704568715,65879.61792142857,bfdaec6efaf14df7f937d6d3086db587883ec7250b40540be8851ec78250c8a8,63158.80851011905,2720.809411309523,1264.8885398809525,5653.976933333332,1.1368683772161603e-13,0.0,True
2025-03-24,2,51706.32195630077,5620.529078536906,57326.85103483768,65423.91086309524,6f3fd46c36cc70ce389e1dfd3f17674db7a8bb093b1fa48992706241052ebb0d,63397.77783095237,2026.1330321428582,1585.6280357142857,6984.908783333332,1.1368683772161603e-13,0.0,True
2025-03-25,2,52312.46576661982,4915.6032960937455,57228.06906271356,66285.5011767857,d3c0be958170d3f8a0b375c9bc62004f02c1fd59211947fdfed2fcc92614069c,64436.69031309524,1848.8108636904756,1301.4023702380941,4787.967966666666,0.0,0.0,True
2025-03-26,2,52260.924240991124,2322.6834409607113,54583.607681951835,66226.24599940477,2f9b375a43d151bdf224c5c0541e12a4c5ff0fb93c15f31b0c6a6f34e60087bd,63098.09310535714,3128.1528940476187,668.9782946428564,8174.516533333333,1.1368683772161603e-13,0.0,True
2025-03-27,2,51571.957940179105,4432.7160062875055,56004.67394646661,65158.87861904761,6526217503601583289a921c9f1e1ac35f7f665848833b8a6061d05103dc4c4e,63085.82837857142,2073.050240476191,1364.0964214285725,5732.9354,1.1368683772161603e-13,0.0,True
2025-03-28,2,26890.09919621262,3514.896489411603,30404.995685624224,36684.924098809526,f2c4fe09f9831f152e15152990c2ab71fb244c21c85176aa170e829a89ad9592,35252.01465654762,1432.909442261905,965.2062601190473,25395.34015,0.0,0.0,True
2025-03-29,2,27291.648490205538,2842.679732604759,30134.328222810298,37257.734379166664,0d50652975aac14e11d92748ed03b3e48a62daa939ad81cc5fddc6dc678545f5,35611.90795714286,1645.82642202381,779.1327761904755,28683.831549999995,5.684341886080802e-14,0.0,True
2025-03-30,2,51198.09653223929,3859.2584081639848,55057.354940403275,64975.424511904755,a4fb2f45aece0d2127bbf85ac7de5823ffe8d95caa3c0d2543528ceda97e5283,62056.96001845237,2918.4644934523817,1099.2312482142845,7810.571566666667,1.1368683772161603e-13,0.0,True
2025-03-31,2,50915.65856910863,6222.707469375595,57138.36603848422,64685.40166369048,04f6d29195a7f82ce26d47087eb41064f1a4221ffa19a307daff8c23b708fffe,61028.36107083333,3657.0405928571454,1601.384929166666,5678.356516666667,0.0,0.0,True
2025-04-01,2,50314.942621219874,6846.630810679164,57161.573431899036,64082.612650595234,c036428561890faee0b9a75ece589dfb59a6afdbdf9549b8753bae695d2ffb0b,61490.87584047619,2591.736810119046,1788.120826190475,3070.1451500000003,1.1368683772161603e-13,0.0,True
2025-04-02,2,50046.30628377809,10400.591958191955,60446.89824197005,63770.17253392857,c0523f77a57f628afcc5a89330f194062bac6badbace8b04efaace17b480d1bd,61821.03903214286,1949.1335017857139,2411.785967857141,3797.4896,1.1368683772161603e-13,0.0,True
2025-04-03,2,50525.20101428428,5119.603412502972,55644.80442678725,64166.603786904765,577cc74f2f610b2ad5f591a4953286c5bc3d4a2e6999cd757786b14e1bb19de1,62414.301447023805,1752.3023398809519,1353.4586363095227,7904.229816666666,0.0,0.0,True
2025-04-04,2,26612.428769344882,2172.060033171426,28784.48880251631,36365.96738214286,5b40e67efe7649ed949a21d4ae91e98a098d8e3ccf12f47a7fee4011e146ef5c,34554.712054166666,1811.25532797619,671.0288791666659,28794.938683333334,5.684341886080802e-14,0.0,True
2025-04-05,2,26668.16098464857,2358.3199184904756,29026.480903139047,36580.202711309525,4882c152fafd73a6e92914e21c658bd8c7e6912ddb7f2f292ddea8bab37aec21,34913.01656904762,1667.1861422619045,721.9267476190475,23590.82833333333,5.684341886080802e-14,0.0,True
2025-04-06,2,50114.09611320393,3945.524729937199,54059.62084314113,63828.76612202381,e1fc2c1261f337c321740d9d6aaf5c163d7fdd9ada1c1306921bd5b9a46dec59,61209.9707452381,2618.7953767857143,1098.4249380952374,7898.319416666665,1.1368683772161603e-13,0.0,True
2025-04-07,2,49774.7227371747,2647.4556992413636,52422.17843641606,63419.136595238095,6317e09eab9d18a90a063952e8895975d80ee97219dffcc7d6772c89e570f87a,60392.74407619047,3026.3925190476193,846.7293071428558,7996.7541,1.1368683772161603e-13,0.0,True
2025-04-08,2,49701.31350978166,6445.223479434527,56146.53698921619,63537.23493809524,a90fe8a8c244971be52e6075c8dbafde7093d1c5380db794ab6eab9e6eb3cf76,61804.48642261904,1732.748515476193,1470.6739940476195,8921.9668,0.0,0.0,True
2025-04-09,2,49711.37070977101,7262.494955073214,56973.86566484422,63374.73915238096,8a569763064568699c3520c7a1ed0b6b20d263a816a96e0ba59aaf45d74dd67d,61226.60855297619,2148.130599404761,1982.7266636904758,4075.0241999999994,1.1368683772161603e-13,0.0,True
2025-04-10,2,49644.14281023339,6080.384103462495,55724.52691369588,63267.43953809524,1f003b52daec106bc16c9b2c4ac95d06b74b99a83a2a58c14d1fb5b1871e7b05,61068.823139285705,2198.6163988095245,1560.2426107142844,8168.427849999999,1.1368683772161603e-13,0.0,True
2025-04-11,2,26047.590766936486,3414.52803972381,29462.118806660295,35751.79005416666,da49b50507d66bfd77c99af406da810d175de7d6e9ef17ddc8bb9da7d1edb1c5,33962.975307738096,1788.8147464285712,1014.7102589285714,29661.0354,0.0,0.0,True
2025-04-12,2,26145.175700846907,1729.7360413342237,27874.91174218113,35992.024411309525,7997c5e50f4be8f2b499908bc213331eb903092d82a08abff89df2a784bc1e73,33919.12128095238,2072.903130357143,468.37468571428514,25362.335416666665,0.0,0.0,True
2025-04-13,2,48508.02662533601,5969.278562158926,54477.30518749494,62196.577894642855,040f05f31d49c75340b738cbecd27b26074e643f8b241937af9344a010ec8760,59800.06919761904,2396.50869702381,1413.6741190476182,6937.3848333333335,0.0,0.0,True
2025-04-14,2,48798.622820210585,3737.131577999704,52535.75439821029,62454.492447023804,9e40637bfcca8227364867ac836d514302a4149624d7c7b4ed1ce68ef7450c8e,59179.971471428566,3274.5209755952374,1081.876645238095,7733.816316666666,1.1368683772161603e-13,0.0,True
2025-04-15,2,49005.01967137446,2442.625393348214,51447.645064722674,62675.70109761905,53a0541e07778cda17a81df8d56a73789cf0b9af7ebe6447ba4340626c7fd919,59199.94955952381,3475.7515380952373,568.045423809524,9628.566149999999,0.0,0.0,True
2025-04-16,2,48442.843421073514,3607.827966216369,52050.67138728988,62103.327744047616,34394529e33bb1f3f78f656385574ff5efd23dbd473fed771bc043fa78120e20,60239.52154285714,1863.806201190478,1019.9800071428571,5479.9096,1.1368683772161603e-13,0.0,True
2025-04-17,2,48004.01756767815,3420.489866605057,51424.50743428321,61723.23092559523,593b61b6390e1789dead9381807afc97f1fe96c7a1f22650cbe9c687e0e8e896,59664.43272619047,2058.7981994047605,764.2608738095237,7560.35125,1.1368683772161603e-13,0.0,True
2025-04-18,2,25298.658929699166,1636.0445487619024,26934.70347846107,35100.71996607143,ce77745fbd345b6502c1d6e69efd388f747ad3e188eec6bf3ba0c11dd3821ea2,33284.97198869048,1815.7479773809528,524.7147613095233,27455.569566666665,5.684341886080802e-14,0.0,True
2025-04-19,2,25203.82513999339,1347.9542249300582,26551.779364923448,35060.52876369047,0627bfa5e1575f92a39a3b98576de500fa0b40d5156fd539f9ec2b0231eaa857,33317.787501785715,1742.7412619047623,438.72088154761894,26971.829133333333,5.684341886080802e-14,0.0,True
2025-04-20,2,47945.74720701024,3813.5795735875017,51759.32678059774,61684.4027595238,b34732f3c6885f1b5e4075463b67057b8deb10ab088abbefffb9626d12c41f88,59325.110819642854,2359.291939880951,899.2585136904765,8266.62445,1.1368683772161603e-13,0.0,True
2025-04-21,2,47640.9561276622,2647.0309484705363,50287.98707613273,61407.00757559523,d1e45591037e94281a62cdc634f690657a3cedb59cf56d097e8764dd750db5ca,58304.65982083332,3102.347754761904,762.9763791666669,10550.725816666667,1.1368683772161603e-13,0.0,True
2025-04-22,2,47827.08687565857,2161.2730516148777,49988.35992727345,61530.37199166666,80e9b21f954d89824f175c6bdf2645b6157d7146a9858320c17fe4f71d7310a6,58962.558280357145,2567.8137113095236,649.7568196428564,7459.385783333333,0.0,0.0,True
2025-04-23,2,47710.55352464708,1980.3020550154733,49690.85557966256,61515.869869642855,a31a3e205e49b114d437302b50ed8a527accb8facb6a3d4b012b17b654273674,58389.93649345238,3125.9333761904745,577.7985898809518,7567.8183666666655,0.0,0.0,True
2025-04-24,2,47288.37242276083,1988.5397600866095,49276.912182847445,60905.96116845237,547997780f01972b53e3a5c56af81053cb129c06816d13c4b70a15c4f5b257df,57591.52776428571,3314.4334041666666,447.0383023809526,10948.459366666666,0.0,0.0,True
2025-04-25,2,24516.834099972082,2164.9199013797615,26681.754001351845,34293.13584880953,8400e46c042c6922c05e4c602e05b9037840f352606ba35a1deaff64e33b1d34,32485.770774999997,1807.3650738095234,503.91340833333317,30989.326533333333,5.684341886080802e-14,0.0,True
2025-04-26,2,24393.03219097262,3421.822649811011,27814.85484078363,34204.965691071426,3c011bf9396cc61d185759915ddb43db3d9490c5cc17d72d9888efd0d143fe63,32676.83346845238,1528.132222619048,808.8993982142855,33415.53923333333,1.1368683772161603e-13,0.0,True
2025-04-27,2,45884.97136610666,7915.372932911014,53800.34429901768,59432.10392321428,b60084fa83e144b7bb77de5052adad2edd574d233803f07e8e7f266b87fabf29,57719.14711428571,1712.9568089285713,1869.8887690476195,11015.564699999999,0.0,0.0,True
2025-04-28,2,45887.2243041497,11222.061503463096,57109.285807612796,59568.21437797618,e0ac57392c0913024a2221b8683d6a0bd2d2ea68cc059c50b2b4098958d1ee09,57964.053310714284,1604.1610672619058,2473.5070892857148,3815.593083333334,0.0,0.0,True
2025-04-29,2,46241.81561492363,4842.132822994346,51083.94843791798,59853.367614880946,5c863f1987a91d2f2c336b438a6419585f81ba95fda15fcc33252166da7d5dd5,57075.17463154762,2778.1929833333315,1165.3248851190476,10807.285800000001,1.1368683772161603e-13,0.0,True
2025-04-30,2,46189.55506572089,1514.3363157083322,47703.89138142922,59949.63761607143,bb907c58e853cd1cb6efda5fd415b1b91d395cf812ced4b6af5d22de4524daf5,56631.92782678571,3317.7097892857155,400.9205398809524,8775.993933333331,1.1368683772161603e-13,0.0,True
2025-05-01,2,45986.18297980691,17642.208673118745,63628.39165292565,59456.46380238095,ae52977cef8f854589658dfb072ec47685ea9d8fe1ea73c97e8a81bcf9bf17b8,58455.99051488095,1000.4732875000002,3812.9234184523807,11257.535133333333,0.0,0.0,True
2025-05-02,2,24136.85063281202,16827.30916818482,40964.159800996844,33831.04714345238,34cc7d9e859dafad8c20942b961d894a5c862760c8d7338111717327537a6ef8,33197.48904523809,633.5580982142855,3614.747054761904,22521.916016666666,5.684341886080802e-14,0.0,True
2025-05-03,2,23577.291234951488,15395.60988301905,38972.90111797054,32978.75734047619,88f4d1766ad93d318e680cffc38ec85c07fd6a4439d14b5a9680ea92cf4dfbac,32623.261688095237,355.4956523809517,3331.144561904762,27087.234599999996,5.684341886080802e-14,0.0,True
2025-05-04,2,45063.54936681059,16041.513285469351,61105.06265227994,58316.00910297618,7b4518b24fa71b7e1f94d152810faaaa21bea79fccac7b8608118ca18b27947f,56323.412699404755,1992.5964035714273,3700.085967261906,8288.831333333332,0.0,0.0,True
2025-05-05,2,46326.36985514762,17907.546433059517,64233.91628820714,60016.62260833333,679beaca277f19116db24938d70b6e6624d1e1eb16c3f7a025e97a5de7b9d5bc,58666.27584107142,1350.3467672619054,3939.664542261903,7529.933583333334,0.0,0.0,True
2025-05-06,2,44409.83182492661,23980.715422391666,68390.54724731827,57641.76383214285,e1c58f77420ad01f35806cbb081a1d5965a9ae0d6936faea64849dae8cf0004f,57225.48870059523,416.27513154761914,5393.864699404762,9749.271033333334,1.1368683772161603e-13,0.0,True
2025-05-07,2,44594.81253249172,26495.00750338601,71089.82003587772,57987.1689625,f05e4b94917bbc77c400d0e58fc47e502d76656b3ddfac3620862586a7dcce01,57450.22501904762,536.9439434523811,5806.234547619048,8188.613616666666,1.1368683772161603e-13,0.0,True
2025-05-08,2,47717.07217547054,11099.601687675295,58816.67386314583,61127.71422440476,cfb6f01b8b7c1cee3aa874c3e00622eaae9f5e7aec0450a72236ad09c725ee13,58864.37403630952,2263.3401880952392,2572.153797023809,5610.015433333332,0.0,0.0,True
2025-05-09,2,25297.219182840596,7676.056764002082,32973.27594684268,35014.72484166666,e1267c62e0c48fa8c98c56dafac076d5bcebc4dceaa248557650597277296b96,33984.705742261904,1030.0190994047628,1565.851991071429,27051.17188333333,0.0,0.0,True
2025-05-10,2,27914.856053005773,1739.6349696755933,29654.491022681366,37712.680414285715,a50ce7281dfd6ad5ff629d932a651a7090b4e32bfffbeca253aa6758c3fce055,35158.240658333336,2554.4397559523813,477.3699749999994,23514.565349999997,5.684341886080802e-14,0.0,True
2025-05-11,2,50725.68696834589,3354.5416279023834,54080.22859624828,64442.604876785714,6ec3176e82b0d861e894db546544bd6aeea75228f81b24b9701efbd70fedb388,60480.40635714285,3962.1985196428595,876.990042857143,5873.317316666667,0.0,0.0,True
2025-05-12,2,51234.118740739046,2036.2037930880952,53270.322533827144,65150.850495833336,7894c3e683406ca28e22c7d2307eb1c8b40d0273b9ce12853dfba5087f313523,58699.01532142857,6451.835174404762,497.4435952380949,7265.263683333333,1.1368683772161603e-13,0.0,True
2025-05-13,2,47157.55052671839,7023.433307195236,54180.983833913626,60731.80902738095,02f81ac667380ce94e84faadb7e293d136af9bbbfc69a7240ef331cc1e670da1,58624.15775178571,2107.651275595239,1408.0964315476185,6903.041416666667,1.1368683772161603e-13,0.0,True
2025-05-14,2,46954.223695586305,6906.939440076494,53861.1631356628,60092.14392559523,e67085002791f44558dee4d1c88e585f0b20f21332af1bdf792e99fb36962656,58312.101176190474,1780.0427494047613,1788.2888071428583,7086.2411999999995,1.1368683772161603e-13,0.0,True
2025-05-15,2,47330.263034906726,9335.513280289586,56665.776315196315,60129.17560714286,d637df795686742e8ac36f95ee2e08eb40964f6ce57d34ab2342e51d768e2215,58226.559207738086,1902.616399404761,2534.6581589285715,7996.159083333331,1.1368683772161603e-13,0.0,True
2025-05-16,2,25698.18978688744,3914.7591981940495,29612.94898508149,34831.255750595235,319eba876e49a024c89830b53ef36d3f88150a0658d96b767a40150a66cdfd78,33335.79262797619,1495.4631226190488,1228.77367202381,31849.05976666667,5.684341886080802e-14,0.0,True
2025-05-17,2,25690.71851830744,6694.426802392856,32385.145320700296,34895.63787380952,1408c7c0c03e76e5d948d6500548b9c9b44ac4d8159ef18fbacc0d2f1c258b47,33731.35961845238,1164.2782553571424,1776.8391315476192,25059.399666666664,5.684341886080802e-14,0.0,True
2025-05-18,2,46321.70469330583,9539.931952847626,55861.636646153456,59264.201642857144,837cbd0440fdc8caf7315b7440199e14abb07398854af1b7f1c58beebd277c3a,57575.50890654761,1688.6927363095238,2493.771043452382,6393.11185,1.1368683772161603e-13,0.0,True
2025-05-19,2,46290.50171885809,5212.796165173813,51503.297884031905,59288.53349940476,61630aa215a67383cc033849b7a29a7aea528b303a4fd95466416d347b7021b1,57433.41167857143,1855.1218208333314,1298.2455714285722,11216.440700000001,1.1368683772161603e-13,0.0,True
2025-05-20,2,46238.55292957333,8615.22455179971,54853.777481373036,59154.127674999996,bfd19cddd608453a5b2ffd183ad1ca7cd56afd6172972420e7c08f1ceff39c1b,57735.483754166664,1418.6439208333331,2239.3575291666684,5447.446466666665,1.1368683772161603e-13,0.0,True
2025-05-21,2,46342.77164181559,9111.406895011905,55454.178536827494,59338.145504166656,07901ad90f71c7382dbd95f1efe043125a2fd6608374ca73a22a0ee5d728217d,57540.736647023805,1797.4088571428565,2419.5269863095236,8597.64835,0.0,0.0,True
2025-05-22,2,46797.55986002667,6447.445596769649,53245.005456796316,59606.68530892857,93965c49e3d77b1343ba267dfed8c669c0e930907c4ba9fd7bfa038a631b4efd,57428.45903333333,2178.226275595238,1703.294016666668,8315.122233333335,0.0,0.0,True
2025-05-23,2,25857.013920766785,3065.669575245536,28922.683496012323,34950.010160714286,347ce3c9f12280ae5303e85eb8dc1760f192a2de61c55b646f8ca07e77bd184b,33485.92853273809,1464.0816279761905,989.0545505952383,28054.034200000002,0.0,0.0,True
2025-05-24,2,26104.45830677857,2140.6452097386914,28245.10351651726,35289.9959422619,133e4d73ba17d652b45319fb854c50fd0fe3158567738b60c921490506340b24,33579.440852976186,1710.5550892857143,794.0217303571432,30618.961199999998,0.0,0.0,True
2025-05-25,2,46781.91557580208,4428.3413963461335,51210.256972148214,59774.76018452381,460f553ab121d2bf072321137cbeb61b341156b0c50d2772d82c055dd7824642,57420.912816071424,2353.847368452379,1160.4946672619053,10036.397299999999,1.1368683772161603e-13,0.0,True
2025-05-26,2,46359.571425825416,9798.565343687806,56158.13676951322,59277.19236488095,c5df47a11c1a4159a7990898d1d45cd94e735d9404829f6efdcb16104914b8bc,57495.68938630952,1781.5029785714298,2386.0758470238115,5301.9322833333335,1.1368683772161603e-13,0.0,True
2025-05-27,2,48713.98369183351,2495.6549870878034,51209.638678921314,62301.52608154762,3d4a258ca02b4c661881ad7973a95621ada9743b94776844c53199139824e61a,57689.89736666666,4611.6287148809515,733.6583166666678,9033.188383333332,1.1368683772161603e-13,0.0,True
2025-05-28,2,48602.06278260856,5873.897440616673,54475.96022322524,62250.39849166665,49871293ed012ea675dc20515d2036ec1db09d284b75a1333e2d32b674648ae2,58230.1212297619,4020.2772619047614,1385.5738035714296,7341.870933333332,1.1368683772161603e-13,0.0,True
2025-05-29,2,48942.68492846512,8875.335564565776,57818.0204930309,62359.54504404761,cb28b14e83793b331ec7429a80e785ffe09c227eb698056398049fceef37ac40,58747.88459285714,3611.660451190477,1956.580457142857,6594.34155,1.1368683772161603e-13,0.0,True
2025-05-30,2,27318.00457748226,3664.2663960943464,30982.270973576608,36921.87037142857,9c7bf6db5bae8d452722084ceecb6b06c241afd1329d506d879b16b638386e5a,33672.31720773809,3249.553163690476,956.3931589285717,28032.4771,0.0,0.0,True
2025-05-31,2,28827.560539966187,1760.4540943479162,30588.014634314102,38480.3425,f7ddc71aad31030625cee03b79f4a98d1aaba7de92ea1d550aad7e6313596763,34026.658833333335,4453.683666666666,628.3469166666665,26265.824199999995,0.0,0.0,True
2025-06-01,2,51243.41598969797,29315.518196339286,80558.93418603725,64909.76561249999,884032b4bfd2591bd2a02ec2e7f5a49cf72e75fa6a1f875c0ef52ac4442ff4a6,64337.76589047619,571.9997220238097,7446.091642857142,559.0312333333333,1.1368683772161603e-13,0.0,True
2025-06-02,2,50084.83714950505,38467.94146799315,88552.7786174982,63675.54623809524,db1072781ef1d110b7cb629ddb4ccdfa30afaf01379b5e7f1d8d81a3bcd83af8,63254.66204940476,420.8841886904752,9319.590950595237,3933.445549999999,0.0,0.0,True
2025-06-03,2,48745.52375899839,39626.77616408393,88372.29992308232,61740.55648154761,610176111ecd994d705e7cd98dd3225bbb5aa063496847f94587396bb539f1bf,61545.123338690464,195.43314285714303,9764.789627976192,3117.5461333333333,1.1368683772161603e-13,0.0,True
2025-06-04,2,53384.81365271226,20355.339998199404,73740.15365091167,67154.40355714285,50d0e6fe93103f59d6bea90832e599d892cd736c3354c9adbac9269cc8b35176,65352.81097619048,1801.592580952381,5664.122673809524,1371.6728333333326,0.0,0.0,True
2025-06-05,2,53978.31610584482,24941.511305275602,78919.82741112042,67595.26412142857,e3c899f9cbc75352207f0b083cc7777c60d2f1ea2e6263af01ed154304fee583,66241.61983511904,1353.6442863095226,6792.843014880954,1885.1448333333335,1.1368683772161603e-13,0.0,True
2025-06-06,2,28459.83971882964,22622.221282632734,51082.061001462374,38098.45124404762,732f4152f7926743165dc1cdf7b10e0d58f394a63b9adb6cc9c72ec9ed4e9a02,37792.73728095238,305.7139630952382,5895.344119047619,12833.086,0.0,0.0,True
2025-06-07,2,29046.50928245946,15476.477799364879,44522.987081824336,38887.91770535714,3b226c5bf935918620e9bfaa6790727278092171613fd9d5e7bff3c465c35843,38352.54497678571,535.3727285714285,4161.113223214285,11387.145033333334,5.684341886080802e-14,0.0,True
2025-06-08,2,64818.26770988404,1663.4946662220214,66481.76237610607,81047.67238392857,4613dd8c937100610cacd8f79d96fc7a7d1cedd9fdf51e628671e84ed3b062c0,68299.79320119048,12747.879182738096,498.6724321428566,3613.5423666666657,1.1368683772161603e-13,0.0,True
2025-06-09,2,63792.23225698476,3806.5141141675604,67598.74637115232,79768.03710535714,1cc9d0ca709f5ec81f9916f958d2df0208465341a119610c867ec381022a1e5c,71797.69655535714,7970.340550000003,1100.436211309524,1965.4200333333333,1.1368683772161603e-13,0.0,True
2025-06-10,2,64219.749544502796,2472.246009866371,66691.99555436916,80227.69546964286,0e0ec241045ccf8bbb94abffbb8c7a1a292e2e16093e02e5cb8d66c2aa4d5d65,72196.38776964285,8031.307700000001,795.3355136904767,1373.2790499999996,0.0,0.0,True
2025-06-11,2,64434.62095019934,4404.106763950298,68838.72771414965,80871.85647916667,e3bd6cffcd0eefc5da7b4ad9765848f40ad9a98442feac7114f2a02aa03ddb8e,76010.32115,4861.535329166669,1097.9203499999999,1023.7951833333328,1.1368683772161603e-13,0.0,True
2025-06-12,2,65254.3908080203,2632.846969621135,67887.23777764144,81555.54548630951,84e33d3a1430925fbec9235a4aa669bd78d164e27f0f215ffdab0970dde8a4da,72861.49351309522,8694.051973214288,712.391086904763,1121.4931666666666,1.1368683772161603e-13,0.0,True
2025-06-13,2,33968.51350865208,1886.7148613279774,35855.22836998006,45296.126862499994,e271757c19b7738a247b90c759bac5eeb9738c828a1437c0e321e62898c1ce1b,41618.622612499996,3677.50425,459.8822708333334,13733.191183333332,0.0,0.0,True
2025-06-14,2,34104.401984691125,1046.1771657252975,35150.57915041642,45523.5795845238,1245acd15958a46674e276e892486f7dcdb907e9312142958d7edd40d0932d2b,41855.54874107143,3668.030843452381,316.29867559523785,15978.504666666666,0.0,0.0,True
2025-06-15,2,67006.74909868476,45.08598053571404,67051.83507922047,83954.45247380952,d7a9aab8ede9ec00b6654481cb536f6ef4409ce7501779fc35788c5998cb1abb,71322.84122142856,12631.611252380953,19.108928571428464,714.9758166666668,1.1368683772161603e-13,0.0,True
2025-06-16,2,67042.56005908386,1058.766880952976,68101.32694003683,83786.10461607142,1bef2c9618b461e280f02a0a913f683cae64147d33c1e8e85dae16b294bdd698,73570.9844970238,10215.120119047619,309.8718363095238,1186.8035166666668,1.1368683772161603e-13,0.0,True
2025-06-17,2,66091.12920775154,4897.49607441845,70988.62528216999,82478.87244583332,6448661fd624f5022b4bf4fb2f429a0bb7e02eeb428c5b3fc7c50922e7a983b4,73777.4320952381,8701.440350595232,1261.5155547619036,401.9364333333333,1.1368683772161603e-13,0.0,True
2025-06-18,2,66495.24723584054,866.482068252082,67361.72930409262,83182.51865178571,cadf64146c2955379b7fe90b7388f5ca0a26e60b8bef4d52cafa8a93d2262cb0,71097.26948511905,12085.249166666666,218.78663154761853,387.66521666666654,1.1368683772161603e-13,0.0,True
2025-06-19,2,66029.38359392647,1492.2171372315493,67521.60073115802,82409.64348273809,1ae6df9ac9502aaaae22f8bc636b09794a9a0713e8e2942da03cca60b630c760,70769.73418571427,11639.909297023807,337.6566976190479,2847.886683333333,1.1368683772161603e-13,0.0,True
2025-06-20,2,34708.84392398202,612.5955914249989,35321.43951540702,46144.90988928571,0e1e50f9a0795cf41f289bc9458cc079861a6ee9674848857cf45b67e46556c7,40213.139429166666,5931.770460119047,158.5282708333329,17971.08685,0.0,0.0,True
2025-06-21,2,35049.34446929143,532.2929967538696,35581.6374660453,46796.61551190476,d032e2b52b0a25fc02d48ea7aea6ea50e9dfb26aafa02bc7cb44e12d15661dc1,40159.30463630952,6637.310875595238,134.72181369047632,20959.28605,5.684341886080802e-14,0.0,True
2025-06-22,2,66335.2515394716,192.05697803750036,66527.3085175091,82873.42590059523,faf4865bbaf25ea2be786b55226db12cb1403db57e079a613786ffa902ce4e87,69252.20405059523,13621.221849999998,75.91453273809532,1870.7774833333326,0.0,0.0,True
2025-06-23,2,65798.59251688595,301.06312315416625,66099.65564004012,82302.00316785714,cc610b677095930467552829118403ebf3ae78df9a593c4e793d5e8eb9fef95a,70304.04793630952,11997.955231547618,104.80728035714264,3347.569216666667,1.1368683772161603e-13,0.0,True
2025-06-24,2,65297.6096069819,7945.245042083634,73242.85464906554,81730.0098095238,306c32e770fa3a3d48f3592fa0ca7a8ce0a387598501ae4999d196c135515f7b,74540.57089166666,7189.438917857144,1897.5042083333342,169.28284999999983,0.0,0.0,True
2025-06-25,2,66853.81022041428,1988.6912140032737,68842.50143441756,83755.56351607142,71b3946e459558fc3697cd45163a891e69bd38b6d9bb3c11533e75967bbf9cb6,70588.10521309523,13167.45830297619,650.0644369047617,800.7482833333332,1.1368683772161603e-13,0.0,True
2025-06-26,2,67227.2056770451,830.9788422958342,68058.18451934094,83834.00601428571,7ed4d0a14801f314baa6f55b37d8cfb24f261fef8eb3035b9e2d5f5e8ebc7db2,69707.98134880952,14126.024665476189,199.7902511904764,2360.387766666666,0.0,0.0,True
2025-06-27,2,35181.82581184798,299.1379827071424,35480.96379455512,46739.88057797619,b11e421232aa4b20a308d3bd199833c015947151fe3da88b40ce083ce632c013,39592.25777142857,7147.622806547619,79.06412857142848,19899.676033333333,0.0,0.0,True
2025-06-28,2,35421.13780471553,848.7190985157713,36269.8569032313,47249.139338095236,bfd56bab69456df876bfdcccdeee27ff8c05dd9b7b4e00fce8624ca10813b8e0,39957.199357142854,7291.93998095238,246.72799285714234,18427.001233333332,0.0,0.0,True
2025-06-29,2,68742.72986332464,700.5663415848231,69443.29620490946,85769.38932023809,6694d0c03135be59b9bb374b7f0bcb30d7140e46660b603eec2d74d0f4f9db40,70320.01792380952,15449.371396428567,193.84577619047678,1246.0951666666665,0.0,0.0,True
2025-06-30,2,62081.45378410577,7467.81314050178,69549.26692460755,77790.34109523808,a1bc68d595ccef53c5243051bdf0921e190d15f669aa564d90fb32a1f9adbc0d,69285.75555059523,8504.585544642856,1824.8082660714276,1232.879833333333,0.0,0.0,True
2025-07-01,2,62107.60032886935,15591.749635361612,77699.34996423096,77950.96726369047,967c14810c905160a6531aa83055f8208bd6ef7541782cad5ce556a533beaab3,75499.29657619048,2451.6706875000004,4795.083023809526,1427.8355666666666,0.0,0.0,True
2025-07-02,2,61013.28213310095,13814.906935046129,74828.18906814707,76820.99017440475,00b3a4878c332cdb5ebc37801ea5527a94864900cc262ad2bd83bc71fcd3319f,72341.19239761904,4479.797776785713,4434.700169047619,3871.126200000001,1.1368683772161603e-13,0.0,True
2025-07-03,2,63421.3692253241,12348.089680990186,75769.45890631429,80600.31973690476,5f22f6d50bb29e817b03367051619c3db654701c75cb835f15db42f5aecaa855,78230.21763988095,2370.1020970238087,2949.667043452382,1419.4657499999998,0.0,0.0,True
2025-07-04,2,36032.051443124044,5951.28657864405,41983.3380217681,48708.88781666667,cb8778203aa63f931776b77ef3acc2d7c69f24084b748abf6c9a38ed15494908,47646.28126488095,1062.606551785714,1662.242401785714,20427.656199999998,0.0,0.0,True
2025-07-05,2,36018.55207348161,8354.027751198217,44372.57982467982,48988.926379761906,232b38a9589f3e1d1ba30650aff3e09ddcb17bb8d7e8e0a71ba44591ba565cdd,47703.64579166666,1285.2805880952385,2116.790808333334,21030.356633333333,1.1368683772161603e-13,0.0,True
2025-07-06,2,61344.63224229101,21427.937447284814,82772.56968957582,78493.24623690476,962f725e5b0a34246978e83b79ff21a1797b655ec561f9fb4b6504a7e43bce06,77164.53289583334,1328.7133410714282,4919.175237499998,2289.726583333333,1.1368683772161603e-13,0.0,True
2025-07-07,2,61338.093574010534,5619.285342661012,66957.37891667154,78453.01967499999,4ca3b2f0e318965b520da2a13d1fa7c5e1e47a27665df067e93a64a8d6d191f5,75087.09368154762,3365.925993452382,1679.7953684523804,3357.406283333333,0.0,0.0,True
2025-07-08,2,62851.126709062024,12504.37789397232,75355.50460303435,80705.10467857143,2adbe5f601e2d3446a745e894e75eeb6bd0b7513aba38e7ae76533ff14430c48,77802.97467559524,2902.1300029761915,2891.624174404762,5123.211833333334,1.1368683772161603e-13,0.0,True
2025-07-09,2,62766.03797178077,7766.715266529462,70532.75323831022,80574.99554642856,4a2cc99270a8cbe9b209952925d057d423ed533d93e0d0fbe2109b43aa9a01ed,75992.36428035714,4582.631266071428,1760.9003363095228,3694.5396,1.1368683772161603e-13,0.0,True
2025-07-10,2,63418.34323061041,5604.99305536666,69023.33628597707,81038.31115714285,8f17aea0ee43eba3dbe6efcbdce39a4f1b6118d306b797b866a096df83174f05,76717.68356309524,4320.627594047618,1430.8715035714272,5294.931683333333,1.1368683772161603e-13,0.0,True
2025-07-11,2,36492.19124927434,7507.696874946125,43999.888124220466,49027.58156488095,98a73c7cf880a18a787d1eb3ebab0b5302782cfaa3f87801bfb68d3a24cf1bd8,47344.9716827381,1682.6098821428573,2122.1106005952365,16948.305133333335,1.1368683772161603e-13,0.0,True
2025-07-12,2,36388.9322660528,7691.580466077083,44080.51273212988,49258.3053,fb2875148867eb73f0386e602e135dd418a874f0c3d1f84b558baff0920d6e91,47719.30184642857,1539.0034535714303,2047.8556535714283,18682.914166666666,0.0,0.0,True
2025-07-13,2,61572.72613213,7756.786942988389,69329.51307511839,78572.69749940476,8b9bcd301d1974eac100a3c2e1290c64542da142e747709dfa8da83598531134,74709.92155654762,3862.775942857144,1913.8443934523798,7356.04555,0.0,0.0,True
2025-07-14,2,61105.01891122071,7257.658542179159,68362.67745339987,78061.32138809522,ad38f3a9356c00cb5728177c8f11982a52be7e7d4e76cee5623d7c430c456b12,74312.06134107143,3749.2600470238103,1833.3135255952366,4337.6956500000015,0.0,0.0,True
2025-07-15,2,63746.6717636785,3355.643926381249,67102.31569005975,81445.24843869047,0f1ff1cda5d343889617aaf72f3c5cd7a07fc713d1f284d62417a05cae985806,74879.1798125,6566.068626190476,916.7248041666668,3046.854033333334,0.0,0.0,True
2025-07-16,2,61924.49058582702,6692.6234819925585,68617.11406781958,79412.58374999999,b2c178bb5770a7aa4c770230ff8709dc97918d6d4dc56b076bba6b280fc16785,75088.46691250001,4324.116837500001,1792.8795874999996,4746.783116666666,1.1368683772161603e-13,0.0,True
2025-07-17,2,62159.863974982196,10530.281423864892,72690.14539884709,79536.46379166667,f0863bb43b86dd04a4204cf8378d5cfbc51bf81772326a4ce9a31e9b77f6bbc2,75612.88594285714,3923.577848809524,2571.971157142859,5464.441033333333,1.1368683772161603e-13,0.0,True
2025-07-18,2,37769.25877173345,2772.9806176839274,40542.23938941738,50904.17042261905,68958ff1f99c8b36b88620d91e4b4a24c9644d6925c4635a7da4abc70cab52e2,47439.175717261896,3464.994705357144,753.2742160714283,16918.201833333333,0.0,0.0,True
2025-07-19,2,37748.83236119286,4052.367476209225,41801.199837402084,51097.39493988095,b65a3c7703d6f4c5dc1d1e045ca6f94c51d5891bbd092a19418f05d608167108,47705.83807619047,3391.5568636904777,1147.8599904761904,21670.879016666666,5.684341886080802e-14,0.0,True
2025-07-20,2,61700.358050965115,4270.927846187207,65971.28589715232,79067.64891130952,391eba37e88527e2b040621d6183f692f66d048d76434ed94f81eb8c7aae79c3,74630.81670595237,4436.832205357142,1077.433610714287,3618.2721,1.1368683772161603e-13,0.0,True
2025-07-21,2,62812.999574308036,4678.242293670537,67491.24186797858,80492.52077321429,e284d8826fd182bf5343645b0037637b831bc47b2896cd357f566a3b51f30f4f,76431.5691047619,4060.9516684523805,1119.6138119047628,3561.4335666666657,0.0,0.0,True
2025-07-22,2,65586.99204303315,3330.3376932166684,68917.32973624983,84037.08210833333,778e9e00363f699abb6cf5c0b5322ced142c0f8e969f6f725ce9ecb4dee6e153,76372.9216672619,7664.160441071429,758.5265494047621,3336.3036,0.0,0.0,True
2025-07-23,2,65537.82722491988,4154.592453221723,69692.4196781416,84001.19751428571,fcf75aca3902cb006a097ff0d59831184bcea5625501c2c52c59cc5e9375727f,77606.25759404761,6394.939920238095,883.5081226190467,4273.2186,1.1368683772161603e-13,0.0,True
2025-07-24,2,66242.86163308672,3396.905915027981,69639.7675481147,84622.64232619047,d657763236e7f5c1172c250d764da6403951e971fda19b36b91e5967dac4a753,76484.16821190476,8138.4741142857165,760.4306214285726,3628.1268333333337,1.1368683772161603e-13,0.0,True
2025-07-25,2,40172.11892962708,902.1019083622023,41074.22083798928,54131.20663214285,7a4d80f5a9f55b93492e0c4b961a6eefc2aa4f27eb1e0b1c3398602bdea04ada,47539.59915535714,6591.607476785717,184.73567797619046,21219.015266666665,0.0,0.0,True
2025-07-26,2,40517.636599474165,703.4786764907733,41221.11527596494,55017.40045297619,d02be04eeeef5231f943eb725fc6264a9adf61dd007c71e60afd673f6c7d635b,48012.10248809523,7005.297964880952,162.27519523809514,19705.286116666666,0.0,0.0,True
2025-07-27,2,65862.147277551,6841.255262656245,72703.40254020724,84627.9681142857,b0c05bc23418b4f21fe6ca390dee25de64c9edcd51ad2d9ee63bb738aa7e7457,77077.52412083333,7550.443993452378,1395.5882958333323,4787.922616666668,0.0,0.0,True
2025-07-28,2,65733.06786450665,8903.145418370534,74636.21328287719,84549.6507625,b0775591f60e137113e9a0077303e97f9da90c682fa920332b61d2cfc640a9a6,77295.26235416665,7254.388408333331,1843.9144624999997,1184.2995833333334,1.1368683772161603e-13,0.0,True
2025-07-29,2,68554.71660181816,3854.8380496142813,72409.55465143244,88056.60063690477,7d9d565dd3086d616531bae95fd69a7660bc337f1fc13d9936c2ad0aa072ecac,76480.9692827381,11575.631354166664,888.4648172619035,1300.1881500000002,1.1368683772161603e-13,0.0,True
2025-07-30,2,70087.46137023429,3975.36214051012,74062.8235107444,89731.43960892856,bb2e8b4d7e89917683484bf57e6d99fecfe8634cf4ac2c33789849d26f2d523d,77344.53074107143,12386.908867857139,768.4440089285715,4009.7207000000003,1.1368683772161603e-13,0.0,True
2025-07-31,2,71039.82241989297,306.9827403997005,71346.80516029267,90405.05234404761,de2f6a8640cb1e944c9d91d19402e4613fd7877d006857cf1c9c3c46291cfddc,77674.55473095237,12730.497613095235,53.86488571428538,3033.42335,0.0,0.0,True
2025-08-01,2,42833.03565780208,66.36896972291673,42899.404627525,57566.77040119047,5ff76047ec9edbab4b7e096541eaab1e0ce092ad4340a225e79a91bcaf8fc0b4,47000.29547083333,10566.474930357143,30.414995833333364,25779.3508,1.1368683772161603e-13,0.0,True
2025-08-02,2,42814.26679069975,0.0,42814.26679069975,57611.056431547615,716a2d1b4eed5c6d8d1db10cea388f2335304c8f90b4681a0e8482cb8467bc63,46717.61266666666,10893.443764880949,0.0,25790.58773333333,5.684341886080802e-14,0.0,True
2025-08-03,2,70145.56450026362,0.0,70145.56450026362,89256.54571547618,a65bc49f0faec69f48c02a99ec39c05c8c3090b706377f0195f5a4d9ad90a3a3,72984.17444999999,16272.371265476186,0.0,10144.694466666664,1.1368683772161603e-13,0.0,True
2025-08-04,2,60983.01119526934,2353.7202151958318,63336.731410465174,78075.12367261904,aeb88e9debb4e9e8909d58294ae679e27adaaee72a211f902d835eb892814c82,72988.22194583333,5086.9017267857125,607.4247374999997,8179.9916,1.1368683772161603e-13,0.0,True
2025-08-05,2,60186.68268543268,3108.5393463241116,63295.22203175679,77172.79017619046,2f3db25ca3b4404a1a27cd2e89cb08b942302a858b929bfaddd98b7476fd2973,72279.49427321428,4893.29590297619,823.5179267857154,7950.702466666667,1.1368683772161603e-13,0.0,True
2025-08-06,2,59930.80932208929,8494.420839208622,68425.23016129792,76925.28189880952,10bb5f5c18bc75747f3f66454c350fc0de9fe505656019b80045e1cf20b53117,72997.01561249999,3928.266286309523,2125.595604166665,7008.21195,1.1368683772161603e-13,0.0,True
2025-08-07,2,59418.70830307285,3329.1895883113007,62747.89789138416,76287.17161666666,bf134cf98de016331846998da05598d5f1c0fc7bdd8765c3cb22b2fa4b294224,72736.35437321429,3550.8172434523794,883.7090767857127,10232.078199999996,0.0,0.0,True
2025-08-08,2,36577.381018354936,1702.2175735309522,38279.598591885886,49509.004702380946,35028759b35864705a56010d1f531ab1b2d8f8344c0fbc3fde001d5be3600e75,45931.10081904762,3577.903883333332,409.5305142857143,30565.46008333333,0.0,0.0,True
2025-08-09,2,35614.532126731545,4256.403785733034,39870.93591246458,48275.5795125,a6450b81a95e124943c886a8a7d906c34e0af8bc3a0e0644abfcc897a1bf00a6,45711.372997619044,2564.2065148809515,998.0473857142854,27787.491383333334,5.684341886080802e-14,0.0,True
2025-08-10,2,58715.406675741666,2416.116307783336,61131.522983525,75425.52986666666,49c3445fda5b11ada738a856f47a6a8bb1c023484b364982b1aabc79a71ab907,71963.08297380953,3462.4468928571428,670.8757428571437,7329.339666666666,0.0,0.0,True
2025-08-11,2,58868.5102945272,5258.047782840778,64126.55807736798,75663.70458809522,a66577b1c5078f47663d04678c99d736b14f6a75ded98368ad1173ddae637d2a,72512.77909285713,3150.9254952380966,1214.4129404761916,9165.938700000002,0.0,0.0,True
2025-08-12,2,58674.09952943404,6829.002445693752,65503.10197512779,75422.23384107141,c7130b286407323a28a2fbe5bdd5cf90e9b41e174f9fb37b623ed39c641f7950,72375.94457619046,3046.2892648809525,1648.7326904761906,6264.133616666666,1.1368683772161603e-13,0.0,True
2025-08-13,2,58955.49841158994,3687.0922977892824,62642.59070937923,75759.88599940475,838c32e5c191d0cb4fa2cd0b9b833fd86ee3e174b3f1b5176f769088f084e87b,71383.88410416667,4376.001895238094,917.1255624999998,6180.030216666665,0.0,0.0,True
2025-08-14,2,58371.15339075232,9215.195731907737,67586.34912266006,75012.56176547619,78212f1f2a07e2185c43b25a99984341ee977fd5f046e4c8042cf579cfff3f3a,72237.75416964285,2774.8075958333325,2023.840680357143,8335.303866666665,0.0,0.0,True
2025-08-15,2,35348.02744428179,4311.396716747914,39659.4241610297,47819.71043630953,c0ae344aacae2b3f334ca89dde97791856748f257c8e9fe4ce28baf7c0ea63ce,45833.27528869048,1986.4351476190477,1049.700561309523,29723.248966666666,0.0,0.0,True
2025-08-16,2,36610.39034063167,2235.2127321077346,38845.6030727394,49325.852238095234,196f6ab8fd70e0424af0b3cde95095b9e10c362411aa8bf3e85780455b4e3fd5,46175.34465,3150.507588095237,557.748816666666,29803.813099999996,5.684341886080802e-14,0.0,True
2025-08-17,2,58517.66031054054,5225.123626772324,63742.78393731286,75118.96660654762,7131310fe1f688152333d08e0271a0b3780e00416f746e34924a48449dc081a7,71924.79956547619,3194.1670410714296,1231.1690511904767,9990.574999999997,1.1368683772161603e-13,0.0,True
2025-08-18,2,58426.343932354575,6960.706494184525,65387.0504265391,75072.53799821428,10af142ade5494dd10ed797b58551839a572bcac72c70c79e8add6c6fc9ec65a,72099.0761202381,2973.4618779761895,1535.125929761905,9240.086433333334,1.1368683772161603e-13,0.0,True
2025-08-19,2,59112.526952379936,4412.771540592256,63525.29849297219,75926.20007321428,c71dc714b4ff82a3127705b74342964ec87a149aa0819c1471260d24c417ede4,71948.04725476191,3978.1528184523786,1092.1868452380938,8722.57405,1.1368683772161603e-13,0.0,True
2025-08-20,2,58429.675544753154,14031.86778751756,72461.54333227071,74975.75167142857,12c4c6b88961b794b1d15af87d9383ec60b471b13e4414fb910cbbcb17571466,72707.33008690475,2268.4215845238105,3108.585196428571,5165.224216666666,0.0,0.0,True
2025-08-21,2,58810.04509115786,3722.931071812797,62532.976162970655,75289.95833571428,b95d269c55be7784321ab3090d54509dd39bc893197c159da1c1ad00901d3878,71493.93866607142,3796.0196696428566,917.4842672619048,6567.004449999999,0.0,0.0,True
2025-08-22,2,35455.15620623893,7845.3780304550555,43300.53423669398,47871.22539166667,702418234bc6f93d2d93aec66a197000623f7582e9517cd866ffcf6abfe098eb,45843.596348809515,2027.6290428571444,1865.2474011904753,26478.27435,5.684341886080802e-14,0.0,True
2025-08-23,2,35435.35598666494,4302.283720281248,39737.63970694618,47773.97158333333,518b014655b24c565093f7c5522f1d7a220c0d30bc99c44c41a249f8fdcc4bcd,45855.17387440476,1918.7977089285728,1194.2351089285714,24519.402833333334,0.0,0.0,True
2025-08-24,2,59095.07616691904,6628.05675841548,65723.13292533452,75637.80991428571,949a6e44ba20b8f58c932468090d63e8b27b836c0fcada43d6de00d901766ad3,73044.30976130953,2593.500152976189,1619.48572202381,10930.206000000002,2.2737367544323206e-13,0.0,True
2025-08-25,2,59302.05198025762,9538.542929361898,68840.59490961951,75910.07161666667,e492f336f39a788cfbf977bd4c506d880f50509f55f5a0a539dd28d23b06d81b,73343.68932380952,2566.3822928571435,2396.396009523808,4966.998316666666,1.1368683772161603e-13,0.0,True
2025-08-26,2,59438.11153110709,5584.3700569291705,65022.48158803626,76049.94918690475,1fedb5759285b8c9a239d722edf384c836fee5faa25b14c944ea02e1a96964ec,72671.97023988095,3377.97894702381,1335.855526785715,8479.007383333334,0.0,0.0,True
2025-08-27,2,59681.955859032736,7855.469756874704,67537.42561590744,76292.7074470238,2a80f84f3fa2f0b8d6b660993cb52c98994dda07e76d9cb61d3b8305a1a301a1,73847.68546488095,2445.021982142857,1679.0839517857144,7612.620550000001,1.1368683772161603e-13,0.0,True
2025-08-28,2,59746.41571594571,9537.600469050292,69284.016184996,76247.90331428571,184a3a4415d60d998fcee40838c427282e74677b988ba4070e1738f3986e418b,72680.60305238095,3567.300261904763,2200.2928142857136,4113.100883333334,1.1368683772161603e-13,0.0,True
2025-08-29,2,36249.75310585482,4698.512102530951,40948.26520838577,48601.13932976191,16fc69f7a8df2f7552eda920452c12e9a01b3c4b121fd214bc2a0357cde7e190,46459.47049821428,2141.6688315476194,1136.9333184523805,25041.183466666665,1.1368683772161603e-13,0.0,True
2025-08-30,2,36624.03018733387,3563.8646155389897,40187.894802872856,48856.98243928571,28c01d0557f45b94968848df98abbedbb0bbe19f749ad138da40055a7a481c6a,46456.43015952381,2400.552279761905,1025.759973809524,28969.470299999997,0.0,0.0,True
2025-08-31,2,60682.96528834416,2927.6444617389907,63610.60975008315,77217.01774821428,cda0740d7dc8d312f8c0e00379eaa17db757c19f951200f1b5d33bfe90d2ce64,73067.15963392856,4149.858114285715,773.4016994047626,7193.938250000001,0.0,0.0,True
2025-09-01,2,60557.83570658196,158.99201772142771,60716.82772430339,77164.56955892858,3f278ed766316a6d1cd3ab616313f939a152f5783cfd519b6b7315803a9f4ab4,62286.87398214285,14877.695576785714,29.023734523809367,8741.763183333334,1.1368683772161603e-13,0.0,True
2025-09-02,2,62148.72272962518,25.59816046250082,62174.32089008768,78846.87927559522,a6b4f58722835a84bd7767ec7a28b51236429a5ba9fc8258885253ebbe5a51f6,63876.30387261904,14970.575402976188,7.65401071428596,9826.202033333333,1.1368683772161603e-13,0.0,True
2025-09-03,2,62099.627974174335,94.5684439541669,62194.1964181285,78731.18696071429,ca84b35c7fad9230af4bf55df8eb89f9781ca6c7d0fb4eee98779701f557ace8,64324.21947499999,14406.967485714284,43.412108333333435,8819.914333333334,1.1368683772161603e-13,0.0,True
2025-09-04,2,62073.55795517999,0.0,62073.55795517999,78677.15949940475,1a52737ea0b15640909f82195907cb6e1d3f33ba51a287fab75fe8b4b06e1a59,64796.14034999999,13881.01914940476,0.0,10870.5748,1.1368683772161603e-13,0.0,True
2025-09-05,2,37691.293452731785,244.83055249732146,37936.1240052291,50072.672588095236,6be3e0776dcbc7ef7b6a179ab53d64dbc42f8b0b60a9bbb7123fb4d712964544,37942.02249940476,12130.650088690474,64.9419505952381,31182.70278333333,0.0,0.0,True
2025-09-06,2,37662.02118620809,245.2686780437491,37907.28986425184,50131.25694464285,c448f6e794eb8a458cd411ee605b3be56e9cb242830d54af5c56a7782a231cfe,38343.89140059524,11787.365544047618,71.57639940476162,30694.384099999996,1.1368683772161603e-13,0.0,True
2025-09-07,2,62119.87378956922,325.53416972142827,62445.40795929065,78671.39318095238,77a3c98ba25e4f05182ddf434e197a9fd04fa8b9f50b18ea195465f03a930f69,63388.465561904755,15282.927619047618,67.74303809523803,8495.224983333334,1.1368683772161603e-13,0.0,True
2025-09-08,2,60022.02164746041,474.41677803988443,60496.438425500295,76090.8829922619,40acd731f46ef07787ef2cfaecb2a6b825525b24121b7549999cf75007a5afd4,65870.22942619048,10220.653566071429,138.04379047619136,6612.703683333333,1.1368683772161603e-13,0.0,True
2025-09-09,2,60553.06459766667,189.74844477737906,60742.81304244405,76615.92597619047,0f51da8e80be2857e22c6432adaf15020013727a62bb41ece0d1ff0ac2d67a24,65016.96325654761,11598.962719642856,48.68139345238046,11962.810383333333,0.0,0.0,True
2025-09-10,2,60487.376161055,4150.878485599103,64638.2546466541,76594.62315,45760883daf3b734e5b7f46459eb760470aaa109a0cfd46104a8da28bfbaf922,66113.81919583333,10480.803954166664,883.0328708333325,5680.853416666667,0.0,0.0,True
2025-09-11,2,60943.64797340678,548.2331679494051,61491.881141356185,76900.6877827381,19e377b548b6d2645ada3e6d75572f679d49fc8bc6e19e2f5f7a359d80a34bf3,64928.04467440476,11972.643108333335,103.28142559523815,11535.240316666666,1.1368683772161603e-13,0.0,True
2025-09-12,2,35286.3421804863,669.9631426369036,35956.305323123204,47071.79607797619,dc3b9f44a24a2752441afd6df59113413154be442afbd37257c287332137a314,39119.56369047619,7952.232387499999,171.0874761904759,27738.994966666665,0.0,0.0,True
2025-09-13,2,35545.02451246452,476.03548584404774,36021.05999830857,47195.985357738085,e6bb27bfa11bfa9c2cc1ad0686c02ac5a2bb789cd9eb6ece19ad1dae95174258,39114.52433630952,8081.461021428569,114.07291369047624,31221.495766666663,1.1368683772161603e-13,0.0,True
2025-09-14,2,59730.52097016529,3085.2555697139883,62815.77653987928,75507.05749821429,fac56a8dd9c2a64736625f52ee489384fc6ec61b259ea7578e9537a025cc7d88,65854.4493517857,9652.60814642857,602.9242148809526,6358.048816666667,0.0,0.0,True
2025-09-15,2,57989.135644395355,2411.428635674709,60400.564280070066,73413.75966547619,d5817fdc12194b0ff0b62fdf94df2fa19cd79bc75a185a7ba3fd25d407d41f03,65974.51375297619,7439.2459125,518.3941970238109,11425.877316666665,0.0,0.0,True
2025-09-16,2,53919.209462673694,5604.424987499704,59523.6344501734,67962.76005238095,8a2e28d4fbf36592220fc9fcaebcf88927956dda027ea731ae9082f2604c740c,65425.700614880945,2537.059437500002,1524.2948184523812,7458.22545,1.1368683772161603e-13,0.0,True
2025-09-17,2,54432.88040075191,5334.454660236313,59767.33506098822,68868.91567261904,ea89c0e388792665a99da90de1f12bec8ab3e42c6adc56242c5a0dd9e7048d55,65797.35397440474,3071.5616982142865,1198.8975755952388,7036.13315,0.0,0.0,True
2025-09-18,2,54443.07771915231,4737.331446135419,59180.409165287725,68709.32255357143,ad63d2ed7d7770265322a6a21f3cc7a6801618247a10dcc95cd9934edcebb062,65757.21570535714,2952.1068482142855,996.2619779761909,7797.426566666667,1.1368683772161603e-13,0.0,True
2025-09-19,2,31015.58962417714,3292.745346857739,34308.33497103488,40934.38073273809,405653cbb89782545c57d32280a84b2ceb2d9958730a2676b2fc4ad6c5b2b961,38605.43020238094,2328.9505303571423,1087.3435976190483,23591.42148333333,5.684341886080802e-14,0.0,True
2025-09-20,2,31010.423518993863,3124.912233967264,34135.335752961124,41056.47738214285,17f3d55dd4a815231317d088b213f71daf05598e14eb8197ac88580d5cbe2cea,38943.44597797619,2113.031404166666,919.21512202381,24217.227366666666,0.0,0.0,True
2025-09-21,2,55557.46368682469,2855.8461215413727,58413.30980836606,69504.10955714286,732f494b2b8f6a1ca4341f4b9235c5a77ea26f2f1b72b35fa56b795c078ad9b5,64560.81561488095,4943.293942261904,886.9061851190482,7160.234316666667,0.0,0.0,True
2025-09-22,2,53256.00186365702,10336.865663962504,63592.86752761952,66767.85355178571,52f49d829a27bf7a45038553c7756cf233d087a97762b4b5bc4ce575e5576e3e,64899.10745535714,1868.7460964285717,2892.916527976191,7178.004099999998,0.0,0.0,True
2025-09-23,2,53986.14674621035,10078.668152824703,64064.814899035046,68075.20594047618,724a14a10107e745f9c7619d03b661dba91028fde81010581ea59b6c273e1a12,66244.36520178571,1830.8407386904757,2350.5458482142853,6478.2954666666665,0.0,0.0,True
2025-09-24,2,53994.61063682857,8544.261496991072,62538.87213381964,68124.00264940475,82391562db965b8a378a939e212dfec86de286a9380ccdfa4b9ae35ef5472541,66061.57488095236,2062.4277684523813,2071.2125023809526,7069.562283333333,0.0,0.0,True
2025-09-25,2,54195.61897929446,7187.818458061911,61383.43743735637,68086.2953220238,a2d4231cd2f61314bc717f3ceb53aeda2d39e52ccc78bb1515540042d6e204c0,66033.3315142857,2052.963807738095,1893.7004523809535,7591.583066666667,0.0,0.0,True
2025-09-26,2,30673.41051629232,2534.7211770497056,33208.131693342024,40653.034884523804,3c625d38298b9cd64aa61bd7a7ce4ec139086c75bb051193a96c33603fd1e177,38608.93754642857,2044.0973380952391,741.2458869047626,21655.939933333335,5.684341886080802e-14,0.0,True
2025-09-27,2,30815.420863080773,6776.0550221970225,37591.475885277796,40911.367621428566,13d2e094f913a55cc095ec2e987ec8ba593aef26521d477007cd119bc3f87f48,39399.32191785714,1512.045703571428,1769.042748809524,23367.062416666668,5.684341886080802e-14,0.0,True
2025-09-28,2,55472.749116174164,5769.950216360122,61242.699332534285,69546.15261309523,fd627b423a074dc79572c536e633e1e4551735b0ba582906054f23aacaec01be,67011.57658392857,2534.5760291666656,1572.602932738096,5096.550349999999,0.0,0.0,True
2025-09-29,2,54834.17734834291,7608.379381329459,62442.556729672375,69033.65875178571,670c3e0d0f80abf6038039270ccb29348b3af1e42be96b03885b28870ae512f6,67310.85657619048,1722.8021755952375,1678.7981571428566,6229.763133333333,1.1368683772161603e-13,0.0,True
2025-09-30,2,55379.77705715839,10998.201728838987,66377.97878599737,69515.56984285713,fc45cf8a7090fe3b1cf17a12d78d76af2efac3a24f66d3cfa5c04149544d876c,68309.14980178571,1206.4200410714275,2556.639364880952,5443.6143999999995,1.1368683772161603e-13,0.0,True
2025-10-01,2,55363.56777795356,859.6362527755953,56223.20403072915,69641.16215119048,88e66e6ca9207ea7dd4a268de43f770fab9b573dbe9d8ed13106d6fb39ebed3b,62610.616898214284,7030.54525297619,381.50870178571427,13330.604066666669,0.0,0.0,True
2025-10-02,2,54876.8373753875,1251.4226611038696,56128.26003649137,68850.39125833331,ae01c29a9aa80526c5683ab116b86d2aa63d23c9e94636f2f7326ec007410d8a,62500.500422023804,6349.890836309522,520.3832446428573,11290.10055,1.1368683772161603e-13,0.0,True
2025-10-03,2,30891.81364215845,479.73307393124975,31371.5467160897,40846.6371875,5cfba7e5bc686220d53035b8e157f083b9d090e9ac556701bee8e6fb2fc01985,36297.360649999995,4549.2765375,219.65019999999987,28699.85715,5.684341886080802e-14,0.0,True
2025-10-04,2,30938.372209998568,1577.3726349592262,32515.744844957793,41029.14852976191,5dc6cbf56ed79cdaf1607c2c25d36e485a53c3f29dfbcf91099965b2e27d2980,37535.55996666667,3493.5885630952394,465.55575000000005,24905.13328333333,5.684341886080802e-14,0.0,True
2025-10-05,2,52215.58911984875,2601.395454494938,54816.98457434369,66338.77725178571,42a35c20c86bf1a915a54fb8b5650b3532b6951bd32b5c493d03c760338ce80f,63615.38796785714,2723.389283928573,800.0930488095235,9679.51995,1.1368683772161603e-13,0.0,True
2025-10-06,2,52346.63172720815,3439.325938228276,55785.95766543643,66575.10560654762,dcf38b3c6cef0e8e44dac013c5d8eef401bda5845bcd8b88dc484635e6ca9e63,64576.27498273809,1998.8306238095238,879.7548172619053,7722.920549999999,1.1368683772161603e-13,0.0,True
2025-10-07,2,52432.68893812077,4061.0142182937484,56493.70315641452,66612.41057619048,edc24635065de7ca3a48d3ef84e1848836ebf77ad3e0fa7f5b3abc2575b6ab7d,64765.10041190476,1847.310164285714,924.0804880952379,7917.617899999999,0.0,0.0,True
2025-10-08,2,51381.49474500482,6665.315044724707,58046.80978972953,65738.30702083334,b88966bc24e25501583445910f6bedfbf65def92f2e064f7ed57b392f955cb69,63555.3567125,2182.950308333335,1386.657420833334,8463.518466666666,0.0,0.0,True
2025-10-09,2,51738.10471911167,6926.745433730362,58664.85015284203,65891.76352142857,8f9d1f12979162403ae2d0ce2d73e0940b8d89f36be7fbb2a654b91b552d2710,64093.08720119047,1798.6763202380953,1488.2838654761917,9821.389383333333,0.0,0.0,True
2025-10-10,2,27568.576254107436,6281.699772879168,33850.276026986605,37666.48362738095,71c63e15b6675a7567125a42c01d56a02e1557b5599190a57943c2fab21696c9,36785.79932142857,880.684305952381,1548.2096119047626,28990.398016666666,0.0,0.0,True
2025-10-11,2,27831.652891894584,6130.210424903273,33961.863316797855,38198.1452125,df7039d65933e0925add4f987256ac8d57517ab58dc8d2a1c2589f97221a9fd7,37076.18450178571,1121.960710714286,1282.7543315476184,24252.625249999997,0.0,0.0,True
2025-10-12,2,52370.878159007436,5838.503462752086,58209.38162175952,66744.7949720238,b647716dabf7e751dd9dfc6161338aedd5eb0f6772631a017b19a351190d7fb0,64409.646967857145,2335.148004166667,1269.509832142858,7164.2008166666665,1.1368683772161603e-13,0.0,True
2025-10-13,2,53217.0620402522,4624.283868943156,57841.34590919536,67215.31831547618,88804b8dbb982e7a95428b07a72ad384d89868e8f706f7eeb36dde4b225ba3fa,64741.77279345238,2473.5455220238096,1232.0662732142862,8946.443766666667,0.0,0.0,True
2025-10-14,2,52718.85772209434,12066.2545736875,64785.112295781844,66305.10512440476,1c1fad7f456e7c1f5bf4d8eb4ebc5c22c24fa7747738f875cdffb67439c5d7ee,64752.55573571428,1552.5493886904753,3251.8617809523807,7230.588233333334,1.1368683772161603e-13,0.0,True
2025-10-15,2,51999.527109572315,10846.06948150268,62845.596591074995,66426.45045892856,7b08b726299f00ac9731f56df6b7272c97f0871645bf61057add70390b8679ea,64913.07966428571,1513.370794642856,2309.7509357142862,5302.80695,1.1368683772161603e-13,0.0,True
2025-10-16,2,52115.41846750316,18247.0971276122,70362.51559511536,65575.72202261904,512709c78c12f4dd9b16e14a88ec1c5d2f3b3fe598eff76da15ca837c49c42f0,64752.96186488094,822.7601577380955,4626.574085119048,6413.063,1.1368683772161603e-13,0.0,True
2025-10-17,2,28553.490819667793,5249.005524140777,33802.49634380857,39113.881435119045,70c86b9bc3a789cbebb15877cd4d884e75e3a401f077562a4e0eba8963bd6716,37471.74026071428,1642.141174404761,1071.2511059523808,22538.79205,0.0,0.0,True
2025-10-18,2,28786.481230220532,4071.0494564065475,32857.53068662708,38424.33601547618,0eb3caf72468255a1ba02690d1ce581716455bcfd76f8842f5ecee03883b2307,37326.732858928575,1097.6031565476196,1477.8563077380954,22727.9959,5.684341886080802e-14,0.0,True
2025-10-19,2,52777.86330096011,17074.07167199941,69851.93497295951,66467.64301845238,644a0c51e5c8bfd155c47e7339e3a7ebcfe1f6fa453318de5d7fd117ac2b2032,65561.99982738093,905.6431910714293,4358.681739285716,6034.959033333334,1.1368683772161603e-13,0.0,True
2025-10-20,2,53507.407044910884,15041.292326515188,68548.69937142608,67298.18398571428,7706a0a2ad43350ffa61079f1ead269fac767f7a6b2aa3c1ddab75c4a3aadbe9,65786.28986190476,1511.894123809525,3716.4152880952392,5061.9227833333325,1.1368683772161603e-13,0.0,True
2025-10-21,2,55726.526372705586,5852.421248971133,61578.94762167672,70580.68471904763,6846501e5b285dad31dbe36e9fd4e4aee95566443c040f68c4069cb79f26cf1f,68447.97259404762,2132.712125000001,1303.2096892857148,3288.6009333333336,1.1368683772161603e-13,0.0,True
2025-10-22,4,55777.35796117381,9448.941872952382,65226.29983412619,70505.8131732143,5388211a6844a924d45180717fe18c4050cbe261344e4d917439e69ee362e34f,68330.04372202381,2175.7694511904765,1939.1825279761906,4714.32955,1.1368683772161603e-13,0.0,True
2025-10-23,4,56316.698175276906,4009.3796907309516,60326.07786600786,70942.9228297619,0b73c49ae89456d62a745b79e82b2a23289f24fa279cdd55cc379e912d1336ae,68253.39997380952,2689.52285595238,905.9755761904762,5779.878516666668,1.1368683772161603e-13,0.0,True
2025-10-24,4,28825.987914950594,7807.949832705652,36633.937747656244,39068.103944642855,3c896a28fe8e4de6e948de0b85dfed80810ff56da71bc088259da39ddc1cf416,38263.22502083333,804.8789238095228,1754.192929166666,21597.36723333333,5.684341886080802e-14,0.0,True
2025-10-25,4,29513.610495785717,5261.959982850892,34775.57047863661,39982.91243511904,9b0b0c625c9510f2eefa97ba2ebd90b9b7cc170a0aff6c5fe092fb6552c2235e,38325.61903571428,1657.2933994047623,1270.3234476190478,20197.509749999997,0.0,0.0,True
2025-10-26,4,58259.844356352434,1691.9886486949417,59951.833005047374,72987.73238392857,dea13d07be57e90c2f24d7f9c9e7bfcdbe5a1f0d6a5bd40e6b584f3cb4fe6bac,68705.76851071428,4281.963873214286,468.0379726190479,4629.494466666665,0.0,0.0,True
2025-10-27,4,56799.26672366607,7184.009120172923,63983.275843838994,71369.76681428571,da2aa131fbfcdce0b9a7548c0d0a2ebec22686990f0cd600715dd5a296e7eeb3,68730.83388928571,2638.932925000002,1800.6341107142869,6978.886333333332,1.1368683772161603e-13,0.0,True
2025-10-28,4,58630.320198638394,1688.8533925410734,60319.17359117947,73451.3967297619,f5c69d2629eea5fffd469ec6fddd0fedeb4ab6a9952b3a3a9120997412940bf5,70069.23695833332,3382.159771428569,463.7479916666672,4560.563249999999,1.1368683772161603e-13,0.0,True
2025-10-29,4,57804.225533194694,6371.4369706651805,64175.66250385987,72540.00824107142,7d2289efd6e9f00a52f5b280277f1db803db430997c5719259da1cfb856c9924,70541.90619404762,1998.102047023809,1432.4129059523814,2662.0622999999996,0.0,0.0,True
2025-10-30,4,58159.432084982254,2697.7117058660724,60857.14379084833,72830.96712261904,3ddef89424ee359340118473341194cb8699ec5636122c2c60bad62a9ca1f1ba,69560.93051071429,3270.03661190476,684.7910892857144,5457.90395,1.1368683772161603e-13,0.0,True
2025-10-31,4,30572.813130001963,3572.496182363393,34145.30931236535,41184.11037857142,fa48a5e2d4fbb6cac70e5e9c810c41c99160145de520584964811dbca2581930,39652.38743333334,1531.7229452380952,798.1381000000001,16546.233466666665,0.0,0.0,True
2025-11-01,4,30768.755657764166,2639.180746274702,33407.93640403887,41485.029612499995,3390935bb69949ced17a896693cd254d33466be97200a989dfa86adb1febee63,39630.24780654762,1854.7818059523802,663.2817267857145,17749.4911,0.0,0.0,True
2025-11-02,4,59237.65521353054,3203.751741015478,62441.406954546015,74235.27708214286,e6660189aac3d946f5c07d00e11210309da03e656895fb924ab4d38c7ca8b759,71560.03161488095,2675.245467261906,669.2920184523812,3432.9396999999994,1.1368683772161603e-13,0.0,True
2025-11-03,4,59680.54924139577,1979.4961763708343,61660.0454177666,74647.98514107143,6c5bdacc1e0590e9231edfeea85ecea8944b65b6049f8af174bc86ab5c7c4c42,71089.91192916666,3558.0732119047652,623.5778541666671,2208.5594999999994,1.1368683772161603e-13,0.0,True
2025-11-04,4,59636.55299227654,3825.9327270830368,63462.48571935958,74732.83143273808,0e67f59418f774584de987a54d9f0e2d83ae97a22700140243eb3d4c4debe918,70809.7236077381,3923.1078249999982,844.0638422619049,4073.7154166666664,0.0,0.0,True
2025-11-05,2,59061.25277441529,3861.717653267861,62922.970427683154,73987.91838690476,f1c6e071c11c10f41150227c1807fa5f0be7869b6408207d0929a64f9598a7f6,71767.0932672619,2220.825119642858,1008.4528660714293,3097.526066666666,1.1368683772161603e-13,0.0,True
2025-11-06,2,59015.84985229071,9625.950335538391,68641.8001878291,73882.35733035713,fe6e9b5688279c83d2e8bd4e9d6003366572bcda943cdc5e6feb0cc6812d73aa,71220.64857738095,2661.7087529761893,2088.8741226190473,1939.9381500000004,1.1368683772161603e-13,0.0,True
2025-11-07,2,30929.315654337144,5735.831802834518,36665.14745717166,41647.23585654762,7bebf3ed60b472599d23ff1ef199a40a5e7f8bfa443f11299d1bb39cf1e755dd,40011.96088809524,1635.2749684523815,1225.3613452380941,17918.86045,0.0,0.0,True
2025-11-08,2,31820.0574969972,2112.4300547142852,33932.487551711485,42627.93520238095,66ab6e5121f7b10753ff816821412193d286cb5114a669ffe617e5ebdb90dbf1,40046.30993095238,2581.625271428572,515.4789023809525,16770.581733333333,0.0,0.0,True
2025-11-09,2,61374.06427357565,4835.575363066668,66209.63963664231,76464.59218928571,4c932890cf1940ef7bb96c4ef0a5f56873b8cbd0ac3c089341846c2f4f294614,72699.19859464286,3765.393594642858,1138.765855357143,2491.147266666667,0.0,0.0,True
2025-11-10,2,61581.599527148384,5150.00383216577,66731.60335931415,76699.65656190476,608291b04d6a777f5d8ed63b57172dacfaf14c833ab04d2c53cb5329ff4f3b31,73791.79411369047,2907.862448214283,1199.8538196428565,1133.2048333333332,1.1368683772161603e-13,0.0,True
2025-11-11,2,61930.71293905107,3111.7195504571373,65042.4324895082,77144.27741726191,6ca6693017272457099f6694e3aeb34606acee60183e4fc093c0a5add9b5d37b,73441.24645238096,3703.0309648809507,690.1657976190465,2572.3925833333333,1.1368683772161603e-13,0.0,True
2025-11-12,2,62217.46772423452,2986.896136556841,65204.36386079136,77380.6376613095,6d452d1640c4d862b6c6da7307be2ab45740d19707d034993028bbdb0e91c1eb,73305.67913928571,4074.9585220238077,625.819377380952,2975.5107666666663,1.1368683772161603e-13,0.0,True
2025-11-13,2,62328.5217990369,5165.409922901785,67493.93172193869,77421.35029285715,4a82cebe04ada15874ead1c960d952e4834e402f26f0bcf46f6c278c301b5415,72722.98802916666,4698.3622636904765,1143.9695541666667,1471.0862666666658,1.1368683772161603e-13,0.0,True
2025-11-14,2,32724.207700242678,2156.4970307559493,34880.70473099863,43491.785339285714,9ac40145816bd4075b2e29c6f43700e71a41d601a1d4eba0f71809ad27a90e72,40904.67448928571,2587.11085,541.0593773809517,13847.278566666668,0.0,0.0,True
2025-11-15,2,32548.403121765354,2736.9869163217268,35285.390038087084,43479.83815952381,3592bbce3238389e881d198979ec3d6d7bcb01564835319bf6948992292ef9c5,41263.14190773809,2216.696251785715,624.4505422619053,13675.705533333334,0.0,0.0,True
2025-11-16,2,62365.92773692625,4650.6836339184465,67016.6113708447,77457.19491845238,ff29881d463d187786d941136a3fdc2e260e69581507b43557772fdc139ad89b,75048.51913571428,2408.6757827380957,1175.2010142857125,1789.1757666666663,0.0,0.0,True
2025-11-17,2,62736.57898155464,2128.711207126785,64865.29018868142,77871.12182380952,5c1bbfc9706461e826645d338c421c52e6c4d2e539a86fa88463a914458ab0e3,74059.67483333332,3811.4469904761913,622.1722333333329,1986.0927333333334,0.0,0.0,True
2025-11-18,2,62634.1300060628,3925.5692503377986,66559.69925640059,77769.77228452379,82b7f1641ddde34ec8a283caa6ccb3b7afbf34c08808b8ffc7c38a9056ee9256,74467.8728797619,3301.8994047619026,1010.4524202380953,587.7734666666661,0.0,0.0,True
2025-11-19,2,62313.69224882577,5595.56113600714,67909.2533848329,77453.02554583334,18feabbdfb23d6a5fe42ff3c08967721886c822ad550914a3b62e3a6f7ebca58,75375.02591607142,2077.9996297619055,1397.8676505952376,1404.5819666666662,1.1368683772161603e-13,0.0,True
2025-11-20,2,63203.36830734047,3133.332089671729,66336.7003970122,78538.94102380952,8d3357e3c9419faf374862a7ca603e0c8fcb82f8c25f8740a7c54a6517bf9fb2,75095.38249285714,3443.558530952382,713.0987238095244,1015.4051833333328,1.1368683772161603e-13,0.0,True
2025-11-21,2,33010.55779141809,1457.556779012798,34468.11457043089,43927.126066666664,819f9fa913bc7631d4d69d1fc76d8c480efe291ec9bd5fcebdc884ec56909ced,41893.14798333333,2033.9780833333346,419.1249333333333,13447.888849999998,0.0,0.0,True
2025-11-22,2,32958.10437334946,2297.95243241845,35256.05680576791,44010.58372142857,8f9985112f330505cc0b669184e703d08e29aa61a5ef6505cf0349b68616e522,42228.77537857143,1781.8083428571422,576.0910380952375,12585.036933333333,0.0,0.0,True
2025-11-23,2,63794.52044804738,5347.801306744051,69142.32175479142,79270.84019345237,bb9e5e54ce1df3ee2de14065d222ed1e802488a3544d3a77d4d486f233de0a1b,75754.64125059525,3516.198942857144,1193.2108660714289,1715.755833333333,1.1368683772161603e-13,0.0,True
2025-11-24,2,64143.080597250766,2458.0538235047625,66601.13442075552,79670.69596309523,ef65c7822f75e79943219c6997751ec96d9aa7e9c4a25ff7f3d533597b198378,75281.01386130952,4389.682101785715,617.323355357143,1736.3935166666668,1.1368683772161603e-13,0.0,True
2025-11-25,2,64133.71987492243,2945.376193228866,67079.0960681513,79484.14066190476,1f8a48ca51e248e9fd5040b93a68c4800163798b07a89b433a47b0ab816f23e3,76280.24575654762,3203.8949053571437,722.182760119047,833.7680500000001,0.0,0.0,True
2025-11-26,2,64057.59268377685,3025.93618571607,67083.52886949292,79402.37350833333,c56b4d23b6673b3b2c95bd6f4cfed51d1c4302878731376e4d419a4df1496a33,76387.1568595238,3015.2166488095254,748.6093571428568,378.0993333333321,0.0,0.0,True
2025-11-27,2,64045.18005045463,2872.6698394273753,66917.84988988201,79480.01028214284,b3c8be0bf876f2abea711796f84d07c0daf37308efc46f7797967b5ca6db8d9c,76013.00494940476,3467.005332738096,669.7331672619035,901.845383333333,1.1368683772161603e-13,0.0,True
2025-11-28,2,33400.43681486649,2742.5847614726204,36143.02157633911,44441.17061011905,d2ccc0578b73ad9abaac8d2f11e5a08d9844572d868ea51e70d04d6db650dde5,42214.70669583333,2226.463914285715,598.6563875000004,11892.124533333332,0.0,0.0,True
2025-11-29,2,33515.3831341372,3060.06020591756,36575.44334005476,44671.478599404756,32c67dba0d6e5d299d44d6be931c523e02560399ce06a7ee6a51209d9b6a2198,42348.51696785714,2322.9616315476196,796.9486321428575,8216.0155,0.0,0.0,True
2025-11-30,2,65466.7744080578,5618.704796983035,71085.47920504083,81316.21048095237,a75a64f6979d7744c4b74e5d9189bc0171baff4927d852c3bb71132eaf8d7923,78851.14610059523,2465.064380357145,1404.3899327380946,10.70791666666662,1.1368683772161603e-13,0.0,True
2025-12-01,2,65826.70448539392,22702.94889874791,88529.65338414183,81901.73963511904,7349ad792e4b795c8d7e18f9a0e763926e3772f808d91c52e95a94ae82242b6a,80413.1333267857,1488.6063083333356,5927.22168988095,41.427283333333435,1.1368683772161603e-13,0.0,True
2025-12-02,2,66293.986857562,26778.759523277084,93072.74638083909,82426.19697916665,5fa4199627725c5b8684e7d0676439dc712648dd986d42eda564e3edd8eabe95,81741.21171130952,684.9852678571439,6896.598238690474,0.0,1.1368683772161603e-13,0.0,True
2025-12-03,2,66891.2017285903,17662.3585276985,84553.5602562888,83159.26435654762,daa1b1238c869ba4ae4f3184e71d5dede06e80c7bed868b8b00f1f52d087ffa6,82159.56562738094,999.698729166668,5003.182939285711,0.0,1.1368683772161603e-13,0.0,True
2025-12-04,2,67228.93831552874,18213.186618109816,85442.12493363855,83311.2529988095,ab6b7285c74b6d907ca9e14d489ae67564006d36192c15150ccc3bf8415094b9,81920.85381547619,1390.399183333332,4889.104334523809,38.74940000000015,0.0,0.0,True
2025-12-05,2,34467.38842898107,12989.091058071725,47456.47948705279,45535.5451297619,128241656ead5955de0a3390b47b069b2d6be1b0420e095d497426106e35bd73,44702.440397619044,833.1047321428573,3637.5103690476194,7028.323083333334,0.0,0.0,True
2025-12-06,2,34604.40231690059,13986.88310526756,48591.28542216815,45797.62806071428,c6aac3c1ad0e843e68c8ecacdb65a37aa454a752f901a04f9256cf8693e98aed,45092.022575595234,705.6054851190472,4004.5164744047615,5431.908233333334,0.0,0.0,True
2025-12-07,2,68749.14148297968,13803.74813488602,82552.8896178657,85051.11405297619,fe6e72e15a6920c6b3ae1d12940d4783b68b20729007056ca7d380c6c1a5bccc,83631.89076369046,1419.223289285715,4033.363069642859,12.572583333333341,1.1368683772161603e-13,0.0,True
2025-12-08,2,69992.2933443425,9118.637301612207,79110.93064595471,86830.70528273808,38459decb9a23afc639d14759a39147179aae2a54cabeacaec8c0295c5b8aa3c,85043.5780470238,1787.1272357142857,2803.633069642858,0.0,1.1368683772161603e-13,0.0,True
2025-12-09,2,72221.93404071828,4932.100397563405,77154.03443828168,90323.57949821428,e3788152fa42ac0f7edb1daca1bf572764a60603d20131745aa9ccdcbb201f31,86309.41854166666,4014.160956547619,1086.1413416666692,7.1056166666667195,0.0,0.0,True
2025-12-10,2,72337.65222690006,4210.649713243154,76548.30194014321,90401.32315059524,0bc2d5d3b65b85512d9ca66af167c12e64c39d90c056787fea1b6b102ac0d2f1,87144.27543690475,3257.047713690478,1243.3430297619045,0.0,1.1368683772161603e-13,0.0,True
2025-12-11,2,72691.12645570803,2926.0894351999978,75617.21589090803,90673.41652261904,825730e1cc67f9f437e136ebde9e1db516acede8db1b0f5d24e7cff99a5d8fa7,85079.5076375,5593.908885119046,881.7470624999996,0.0,0.0,0.0,True
2025-12-12,2,37808.93253665559,3383.3574037532744,41192.28994040887,50406.681788690476,03bae0fc71ab93e4ec808822e26592cbb8a9ab44ede1f6caf768b77b7049a308,47471.06517738095,2935.616611309525,792.2475892857144,4548.899283333333,0.0,0.0,True
2025-12-13,2,37952.44267954941,3456.6350925517872,41409.0777721012,50721.05484821428,05d569ce6c593ce2a24f0623923e2b7c33fc66ee9d2b8b998ee22317fdcf2441,47826.14331547619,2894.911532738096,744.88753452381,4772.497466666668,1.1368683772161603e-13,0.0,True
2025-12-14,2,72842.15956417857,4411.043022349104,77253.20258652767,90563.01302916666,f3a82dbe6d8214081bf38b23943f361477a7162972499c02bbf5f547e516b8c2,87541.82640357142,3021.186625595236,1236.8953964285704,0.0,1.1368683772161603e-13,0.0,True
2025-12-15,2,72946.03365430862,3987.629958842859,76933.66361315147,91196.58870238095,e4bd5a917b6e5e97b6a5be6f3700e33e2facf470b78bea62b371f45d93baca77,88274.39952440475,2922.189177976192,1195.1584422619055,0.0,0.0,0.0,True
2025-12-16,2,73509.38148215887,3869.88331471309,77379.26479687197,91916.17580059523,edc7edca2ee1b3da54bdbc69b55f68cdd5bc9a9e8cd88a604cea6a3c071e5471,88375.09141011903,3541.0843904761896,1042.9999232142848,0.0,0.0,0.0,True
2025-12-17,2,73275.90620662423,2812.578204039576,76088.4844106638,91719.69327976191,5dabcd634724ada31f0b703066ac2ef640dc36f0d130b6f7f817ab623f964e96,87419.35651547619,4300.336764285714,772.4905511904749,0.0,1.1368683772161603e-13,0.0,True
2025-12-18,2,73485.96681860463,2434.6488931583335,75920.61571176296,91823.93868392857,3cf4781576569ec8730fbb64430fbc0cb9db96c3f975173282cad4a343008cda,86647.0200047619,5176.918679166667,805.4306952380953,86.18373333333352,1.1368683772161603e-13,0.0,True
2025-12-19,2,38187.19700923113,2896.1963430791684,41083.3933523103,50778.62569642857,b5023cc5e1931b6543c0271f63a65e7d172e83fa329ffecfb0ad3f22c4bc3738,48138.1739797619,2640.4517166666674,693.4561535714288,5923.238833333334,0.0,0.0,True
2025-12-20,2,38363.30467071286,2149.4311508499964,40512.735821562856,51108.23411666666,ac914e4d0c38d491d434e0dceafc2413433ae3a2a19dbabe8b2b70081512bbde,48649.360160119046,2458.873956547619,527.6947898809516,6320.7027,0.0,0.0,True
2025-12-21,2,74223.79442057369,3328.783147147915,77552.5775677216,93007.45006607141,7ff670528458e4386147ec9b33a605e2d97c29eb63d7e6d20ad2cf6e86564c62,88169.84714761903,4837.602918452381,867.9347190476185,0.0,1.1368683772161603e-13,0.0,True
2025-12-22,2,74770.05470289553,1779.9489711142876,76550.00367400981,93745.22252678571,80506b4f833c09d5e4a15d81426e7ddc98c68a75b852077f62e28b8e0f4e378e,88519.95426309523,5225.268263690479,417.47282023809566,0.0,0.0,0.0,True
2025-12-23,2,74861.87789996702,1283.550070461904,76145.42797042892,93720.6665642857,dcbf25dcb6fdc298b6f2c237b4d378ce45ac7f6546966c2bfb2a2ff3ca1810be,86978.90413214285,6741.7624321428575,279.1884011904758,0.0,0.0,0.0,True
2025-12-24,2,74145.93896864296,3180.433257949997,77326.37222659297,92877.42141309523,78d00f389f8d3278bc282c19aac5eb3c7c0917df28fed26f376ad95f0710a960,87096.73130773808,5780.690105357144,757.8280089285709,0.0,1.1368683772161603e-13,0.0,True
2025-12-25,2,74286.08892834143,1794.4102143800617,76080.49914272148,92773.12245119046,5a77bfd149f6a98f69c8dfb64b01ddd2198b54eda80b70e06b4c3f4edd3334c4,87246.01536547618,5527.107085714286,566.4331678571436,0.0,0.0,0.0,True
2025-12-26,2,38961.4980292494,1044.5727756773804,40006.07080492678,51625.25402916667,8c1f85ec731a885281335d8941e318aea1b3f04b1e7deb6e7ea4e8b085aea5e2,48417.788323214285,3207.4657059523825,297.60272678571397,5707.768616666666,0.0,0.0,True
2025-12-27,2,39009.47416945429,1956.4079291199403,40965.88209857423,51874.58187261905,f44d1b8125b74141e07a70df3d2b2ad9237589a139ca3ae8ca5953b61c1ef3dc,47869.90510952381,4004.67676309524,446.9507904761903,4978.046833333334,0.0,0.0,True
2025-12-28,2,74699.55626951082,1916.8475953089282,76616.40386481975,93412.66933452382,bfc6b1dc45754d73f98dea1fc106b0aa69e5c0a8292b597b102350abc5192682,86334.10991547618,7078.5594190476195,475.1448345238092,0.0,0.0,0.0,True
2025-12-29,2,75652.0583629241,952.5582919196434,76604.61665484375,94905.42938095238,cb560d7a8463408ea80ea5c0d73efeaded76bbb5ef912627291a71d0478c6c1e,87247.89817142856,7657.53120952381,275.8680952380955,0.0,1.1368683772161603e-13,0.0,True
2025-12-30,2,75691.57560154083,418.46368937321364,76110.03929091404,94845.582625,cb2765fe9290985c50056f38eba17d3b1c764f960c0a440c74e9b99fc97d58e4,86120.13414583332,8725.448479166667,123.2555374999996,18.987083333333203,1.1368683772161603e-13,0.0,True
2025-12-31,2,75213.9348059054,1911.512205593158,77125.44701149856,94440.29173154762,c4a840bfa36473db6c52ec5164f93166fe21160c94c1f11205ecf3e452bf1bbc,88189.81739464286,6250.474336904763,456.6055386904769,0.0,1.1368683772161603e-13,0.0,True
